,Unnamed: 0,Column1,sexo,edad,nom_region,zona_u_r,gse,esc_nivel_1,info_enc_58,info_enc_30,religion_82,iden_pol_2,iden_pol_3,interes_pol_1_b,elec_pres_144_a,constitucion_20_a,polarizacion_1_a,polarizacion_1_b,religion_14,democracia_21,percepcion_1_a,eval_gob_1
0,0,3,2,40,METROPOLITANA,1,3,3,2,0.0,9,8,15,5,2.0,2.0,9,9,2,3,1,2
2,2,8,2,54,VALPARAÍSO,1,3,6,2,0.0,1,5,15,3,1.0,2.0,5,5,3,3,9,1
5,5,15,2,39,MAULE,1,2,8,2,0.0,1,10,13,3,2.0,2.0,10,0,2,1,3,2
6,6,17,1,21,MAULE,1,2,7,2,0.0,1,6,1,3,1.0,1.0,5,5,3,1,9,1
7,7,18,2,19,METROPOLITANA,1,2,4,2,0.0,9,6,15,4,1.0,1.0,1,6,3,1,1,1
8,8,21,2,36,METROPOLITANA,1,1,8,2,0.0,9,5,15,3,1.0,1.0,0,0,2,1,14,3
9,9,22,1,34,METROPOLITANA,1,2,4,2,0.0,9,5,15,3,3.0,2.0,5,5,2,2,3,2
10,10,31,2,42,METROPOLITANA,1,3,3,2,0.0,9,3,9,2,1.0,1.0,2,7,3,1,27,1
12,12,34,1,21,METROPOLITANA,1,4,3,2,0.0,10,5,17,4,1.0,2.0,5,5,2,1,9,1
13,13,36,2,35,VALPARAÍSO,1,4,7,1,5.0,11,5,15,3,1.0,1.0,0,5,3,1,26,1
15,15,39,1,51,METROPOLITANA,1,2,5,2,0.0,1,4,5,3,1.0,2.0,3,5,2,1,1,2
16,16,41,2,47,METROPOLITANA,1,2,5,1,5.0,1,5,15,5,1.0,2.0,5,0,2,1,1,3
17,17,43,1,66,METROPOLITANA,1,3,4,2,0.0,1,88,15,3,3.0,2.0,5,0,3,3,3,2
18,18,44,1,79,METROPOLITANA,1,3,2,2,0.0,9,6,9,3,1.0,1.0,0,0,2,1,1,1
20,20,47,2,24,METROPOLITANA,1,3,4,2,0.0,9,5,15,3,1.0,1.0,4,5,3,2,1,1
21,21,48,2,28,VALPARAÍSO,1,4,6,2,0.0,1,5,15,3,1.0,1.0,5,5,2,2,9,3
22,22,53,2,60,LIBERTADOR BERNARDO OHIGGINS,1,4,2,8,0.0,1,10,1,5,2.0,1.0,0,0,2,1,1,2
23,23,55,1,23,LIBERTADOR BERNARDO OHIGGINS,1,3,7,1,5.0,9,3,15,4,1.0,1.0,1,2,3,9,1,2
24,24,56,2,60,LIBERTADOR BERNARDO OHIGGINS,1,3,2,2,0.0,3,88,15,5,3.0,3.0,88,88,1,3,9,3
25,25,58,2,28,LIBERTADOR BERNARDO OHIGGINS,1,4,4,2,0.0,1,10,15,5,2.0,2.0,10,0,1,3,3,2
26,26,60,1,57,METROPOLITANA,1,3,6,2,0.0,1,5,21,4,2.0,2.0,5,0,3,1,3,2
27,27,64,2,52,METROPOLITANA,1,2,6,2,0.0,4,10,15,2,1.0,2.0,5,5,2,2,26,2
29,29,68,1,25,BIOBÍO,1,3,8,2,0.0,2,5,15,3,3.0,1.0,5,5,2,1,4,1
30,30,70,1,46,MAULE,1,4,4,2,0.0,2,5,17,1,2.0,2.0,0,0,2,2,3,2
31,31,71,1,55,METROPOLITANA,1,3,8,2,0.0,2,7,15,2,2.0,2.0,7,3,2,1,9,2
32,32,72,2,33,METROPOLITANA,1,3,6,1,5.0,9,4,15,5,3.0,1.0,5,5,2,2,12,2
33,33,74,1,28,METROPOLITANA,1,3,4,2,0.0,1,99,19,5,1.0,1.0,0,0,2,1,27,2
34,34,75,1,52,METROPOLITANA,1,3,2,2,0.0,2,88,15,5,1.0,2.0,5,5,1,1,5,2
35,35,76,2,57,METROPOLITANA,1,2,4,2,0.0,1,88,15,3,1.0,1.0,5,5,3,2,1,3
36,36,79,1,69,METROPOLITANA,1,3,3,2,0.0,1,10,15,1,2.0,2.0,6,0,1,2,1,2
37,37,84,1,68,COQUIMBO,1,3,9,2,0.0,1,5,5,2,2.0,2.0,5,2,2,1,14,2
38,38,90,2,42,LOS LAGOS,1,4,2,1,5.0,1,5,15,5,1.0,2.0,88,88,2,3,1,2
39,39,94,1,80,METROPOLITANA,1,3,1,2,0.0,1,5,15,5,1.0,1.0,5,5,1,1,3,1
41,41,96,1,30,VALPARAÍSO,1,3,4,2,0.0,9,5,15,2,1.0,2.0,0,0,2,3,2,2
42,42,99,2,48,ARAUCANÍA,2,4,1,2,0.0,2,10,15,4,2.0,2.0,10,10,1,3,6,1
43,43,101,2,28,METROPOLITANA,1,3,8,2,0.0,1,10,13,3,2.0,2.0,10,5,3,1,3,2
46,46,107,2,52,METROPOLITANA,1,2,8,2,0.0,1,1,3,4,1.0,1.0,0,10,3,1,7,1
47,47,108,1,25,METROPOLITANA,1,2,8,2,0.0,9,3,21,3,1.0,1.0,4,5,3,1,8,3
48,48,109,2,31,ARAUCANÍA,1,4,4,2,0.0,2,10,1,4,1.0,2.0,6,5,1,3,3,2
50,50,111,2,38,ARAUCANÍA,1,4,4,2,0.0,9,10,15,5,2.0,2.0,5,5,3,3,1,2
51,51,113,1,81,METROPOLITANA,1,2,4,2,0.0,1,5,15,4,1.0,1.0,0,0,3,1,3,1
52,52,114,2,84,METROPOLITANA,1,2,3,2,0.0,1,10,10,3,2.0,2.0,8,0,2,1,3,2
53,53,116,1,25,METROPOLITANA,1,2,6,2,0.0,2,5,15,5,1.0,3.0,2,5,2,1,11,3
54,54,117,2,37,METROPOLITANA,1,4,4,2,0.0,1,5,17,5,2.0,2.0,5,5,1,1,10,2
55,55,123,2,44,ARAUCANÍA,1,3,7,2,0.0,1,7,15,4,2.0,2.0,5,5,2,1,3,2
56,56,124,2,65,ARAUCANÍA,1,3,2,2,0.0,2,7,2,5,2.0,2.0,88,88,2,3,3,2
58,58,129,2,27,LOS LAGOS,1,2,5,2,0.0,1,6,88,2,1.0,1.0,5,5,3,1,11,2
59,59,130,1,56,METROPOLITANA,1,2,5,2,0.0,1,7,18,2,2.0,2.0,5,5,3,1,3,2
60,60,132,2,38,ÑUBLE,1,3,5,2,0.0,9,5,15,3,2.0,2.0,5,5,1,1,2,2
61,61,133,2,66,ÑUBLE,1,3,4,2,0.0,1,5,15,5,1.0,1.0,5,5,2,3,26,1
62,62,135,1,32,METROPOLITANA,1,2,8,2,0.0,9,1,11,2,1.0,1.0,0,7,3,1,3,1
64,64,138,2,33,METROPOLITANA,1,3,4,2,0.0,9,88,15,4,2.0,2.0,88,88,3,1,11,2
67,67,142,1,51,METROPOLITANA,1,2,8,2,0.0,1,8,15,4,2.0,2.0,5,5,2,2,3,2
68,68,143,1,39,METROPOLITANA,1,1,8,1,5.0,9,3,3,2,1.0,1.0,5,5,3,1,16,1
69,69,148,1,65,METROPOLITANA,1,2,8,2,0.0,1,7,15,3,2.0,2.0,8,0,2,2,3,2
70,70,149,1,65,ARAUCANÍA,1,3,4,2,0.0,99,5,15,5,2.0,2.0,0,0,2,2,1,2
71,71,152,2,64,ÑUBLE,1,4,4,2,0.0,1,10,10,5,2.0,2.0,5,99,1,3,3,2
72,72,153,1,46,ÑUBLE,1,3,4,2,0.0,1,5,15,3,2.0,2.0,5,0,3,3,1,2
73,73,156,2,42,LOS LAGOS,1,2,5,2,0.0,2,1,15,3,2.0,2.0,5,5,1,8,5,2
74,74,157,2,33,ARAUCANÍA,1,3,6,1,5.0,1,99,15,4,2.0,2.0,5,5,2,2,17,2
76,76,159,1,63,ARAUCANÍA,1,3,4,2,0.0,1,5,17,5,2.0,2.0,5,5,2,1,3,2
77,77,160,1,32,VALPARAÍSO,1,2,9,2,0.0,10,3,16,1,1.0,1.0,5,7,3,1,13,1
80,80,163,2,28,MAULE,1,2,8,2,0.0,9,4,15,3,1.0,1.0,3,5,3,1,16,2
82,82,166,2,63,METROPOLITANA,1,3,8,2,0.0,1,99,10,2,2.0,2.0,5,1,2,8,3,2
83,83,168,1,31,ARAUCANÍA,2,3,4,2,0.0,8,88,15,2,1.0,1.0,10,99,2,3,7,1
84,84,169,2,48,ARAUCANÍA,2,3,4,2,0.0,1,10,15,2,2.0,2.0,10,0,3,3,2,2
85,85,170,1,69,BIOBÍO,1,3,6,2,0.0,9,6,10,3,2.0,2.0,10,0,1,1,1,2
87,87,172,1,59,BIOBÍO,1,4,8,2,0.0,9,4,9,5,1.0,1.0,0,4,3,1,16,1
88,88,173,2,76,BIOBÍO,1,3,2,1,5.0,1,6,1,4,1.0,1.0,5,5,2,1,3,1
89,89,174,2,58,LIBERTADOR BERNARDO OHIGGINS,1,4,2,2,0.0,1,10,15,4,1.0,2.0,0,5,2,1,5,3
90,90,177,2,71,LOS LAGOS,1,3,4,2,0.0,1,5,15,5,2.0,2.0,6,3,2,3,9,2
91,91,179,2,36,LOS LAGOS,1,4,3,1,5.0,1,7,15,5,1.0,2.0,5,5,2,3,9,2
92,92,181,2,60,LOS LAGOS,1,4,2,2,0.0,2,5,9,5,1.0,2.0,0,5,2,1,9,2
94,94,183,2,74,BIOBÍO,1,3,2,2,0.0,1,99,15,5,2.0,2.0,5,5,2,1,3,2
95,95,184,2,63,BIOBÍO,1,3,4,2,0.0,1,3,3,4,1.0,1.0,0,10,2,1,26,1
96,96,186,2,48,BIOBÍO,1,3,4,2,0.0,1,99,15,5,1.0,2.0,5,5,3,1,5,2
97,97,187,1,55,METROPOLITANA,1,3,4,2,0.0,1,7,10,2,2.0,2.0,7,1,2,1,1,2
98,98,188,2,34,METROPOLITANA,1,4,4,2,0.0,9,2,3,1,1.0,1.0,0,9,3,1,9,1
99,99,191,1,32,METROPOLITANA,1,3,8,2,0.0,1,5,15,3,1.0,1.0,5,5,2,1,3,2
100,100,192,2,32,METROPOLITANA,1,3,5,2,0.0,8,5,13,4,1.0,1.0,0,0,3,1,16,2
101,101,193,1,59,METROPOLITANA,1,3,2,2,0.0,1,5,9,4,1.0,1.0,5,5,3,1,16,2
102,102,194,2,28,METROPOLITANA,1,4,6,2,0.0,2,5,5,1,1.0,2.0,5,5,2,3,3,2
103,103,197,2,42,METROPOLITANA,1,4,3,2,0.0,1,5,1,4,1.0,2.0,5,5,2,3,3,2
104,104,198,2,50,VALPARAÍSO,1,2,8,2,0.0,1,5,15,4,1.0,1.0,5,5,3,3,3,1
105,105,203,2,46,ÑUBLE,2,3,4,2,0.0,9,4,15,4,1.0,1.0,2,6,2,1,2,1
107,107,208,2,56,ARAUCANÍA,1,3,3,2,0.0,9,3,9,4,1.0,1.0,3,10,3,1,9,2
108,108,209,2,70,ARAUCANÍA,1,3,1,1,5.0,1,6,15,4,1.0,1.0,88,88,1,3,6,3
109,109,211,1,68,ARAUCANÍA,1,3,4,1,11.0,1,10,18,2,2.0,2.0,3,0,2,1,14,2
110,110,212,1,51,ARAUCANÍA,1,4,4,2,0.0,1,10,15,5,2.0,2.0,3,5,2,3,1,2
111,111,214,2,67,METROPOLITANA,1,3,4,2,0.0,2,88,15,2,1.0,1.0,0,0,2,1,5,1
113,113,216,1,73,METROPOLITANA,1,3,1,2,0.0,2,88,15,3,1.0,2.0,5,0,1,3,9,1
114,114,218,1,61,METROPOLITANA,1,4,8,2,0.0,9,88,15,5,3.0,2.0,0,0,3,3,5,2
116,116,225,1,53,MAULE,2,3,3,2,0.0,1,5,15,4,1.0,2.0,1,1,3,1,1,2
117,117,226,1,66,MAULE,2,4,2,2,0.0,1,5,10,5,2.0,2.0,5,5,2,1,1,2
118,118,227,1,31,MAULE,2,4,3,2,0.0,2,10,17,3,2.0,2.0,5,5,2,2,1,2
120,120,229,1,65,VALPARAÍSO,1,2,8,2,0.0,1,5,15,3,2.0,2.0,5,5,2,3,3,2
121,121,230,1,65,ANTOFAGASTA,1,4,0,2,0.0,1,9,88,5,1.0,1.0,88,88,2,8,10,1
122,122,236,1,24,VALPARAÍSO,1,3,5,2,0.0,9,5,15,5,1.0,1.0,2,2,3,1,10,3
123,123,237,2,32,ANTOFAGASTA,1,2,4,2,0.0,2,8,10,3,2.0,2.0,5,0,2,1,14,2
124,124,238,1,75,COQUIMBO,1,3,1,2,0.0,1,10,9,5,1.0,1.0,5,10,1,1,7,2
125,125,240,2,38,ANTOFAGASTA,1,4,3,2,0.0,9,5,15,5,3.0,2.0,5,5,2,1,3,2
127,127,242,2,71,LIBERTADOR BERNARDO OHIGGINS,1,3,2,2,0.0,2,3,15,5,2.0,2.0,7,5,2,3,1,2
128,128,243,1,39,VALPARAÍSO,1,3,8,2,0.0,1,5,15,1,1.0,1.0,0,0,3,1,3,2
129,129,244,1,52,METROPOLITANA,1,4,3,1,5.0,9,99,15,2,1.0,1.0,99,99,2,1,1,2
131,131,246,1,35,ANTOFAGASTA,1,1,8,2,0.0,1,5,15,3,1.0,2.0,5,5,2,1,10,1
133,133,251,1,42,METROPOLITANA,1,2,8,2,0.0,9,4,15,3,1.0,1.0,0,6,3,1,3,1
135,135,253,2,40,ARAUCANÍA,1,3,4,2,0.0,1,6,13,5,3.0,2.0,5,3,2,1,5,2
136,136,254,1,55,MAULE,2,3,1,2,0.0,1,8,15,5,2.0,2.0,5,5,1,3,26,2
137,137,255,1,61,MAULE,2,3,6,2,0.0,1,5,17,4,1.0,1.0,0,0,2,1,5,1
138,138,256,2,43,MAULE,2,4,3,2,0.0,5,5,5,4,1.0,1.0,0,5,1,1,6,1
139,139,257,2,90,MAULE,2,3,2,2,0.0,1,10,1,3,1.0,2.0,5,5,1,3,3,1
140,140,258,2,48,ARAUCANÍA,1,3,3,2,0.0,2,88,15,5,1.0,1.0,88,88,2,1,3,1
142,142,264,2,60,MAULE,2,4,2,2,0.0,5,5,15,5,1.0,1.0,4,10,1,1,1,1
143,143,265,2,41,MAULE,2,3,2,2,0.0,1,6,15,4,1.0,2.0,8,5,2,2,1,2
144,144,266,1,52,MAULE,2,3,1,2,0.0,1,7,1,4,2.0,2.0,10,5,2,3,3,2
145,145,267,1,67,VALPARAÍSO,1,3,3,2,0.0,9,5,15,5,1.0,2.0,5,5,2,1,10,3
146,146,268,2,72,LIBERTADOR BERNARDO OHIGGINS,1,4,1,2,0.0,1,5,15,3,2.0,2.0,2,2,1,1,3,2
147,147,270,1,53,METROPOLITANA,1,3,2,1,5.0,2,5,15,5,2.0,2.0,5,5,2,2,1,2
149,149,273,2,65,METROPOLITANA,1,3,3,2,0.0,1,10,15,3,1.0,1.0,5,5,3,3,3,1
150,150,274,2,32,LIBERTADOR BERNARDO OHIGGINS,1,3,8,2,0.0,9,4,11,3,1.0,1.0,5,5,3,1,10,1
151,151,275,2,59,LIBERTADOR BERNARDO OHIGGINS,1,3,3,2,0.0,9,5,15,5,2.0,2.0,4,0,3,2,17,2
152,152,278,2,56,ANTOFAGASTA,1,4,0,2,0.0,1,6,15,4,1.0,1.0,6,5,1,1,1,1
153,153,280,2,35,ANTOFAGASTA,1,3,4,2,0.0,1,5,1,4,1.0,1.0,5,8,2,1,1,1
154,154,283,2,83,METROPOLITANA,1,3,2,2,0.0,1,4,15,5,3.0,2.0,5,0,1,3,3,3
155,155,284,2,66,METROPOLITANA,1,3,4,2,0.0,1,10,15,5,2.0,2.0,5,6,2,3,10,2
156,156,285,2,65,METROPOLITANA,1,3,4,2,0.0,1,10,13,5,2.0,2.0,10,0,2,2,3,2
157,157,289,2,29,METROPOLITANA,1,3,8,2,0.0,9,88,17,3,2.0,2.0,5,5,2,1,3,2
158,158,291,2,50,METROPOLITANA,1,2,4,8,0.0,1,5,5,4,1.0,1.0,5,5,3,3,1,2
159,159,294,2,67,METROPOLITANA,2,4,1,2,0.0,1,88,15,3,1.0,2.0,10,0,1,2,3,2
160,160,295,1,67,METROPOLITANA,2,4,1,2,0.0,1,88,1,5,1.0,2.0,0,0,2,3,9,3
161,161,297,2,37,METROPOLITANA,2,4,2,2,0.0,1,88,15,5,1.0,2.0,88,88,3,2,3,2
163,163,303,1,20,METROPOLITANA,1,2,4,2,0.0,9,3,15,2,1.0,1.0,4,6,3,1,3,1
164,164,304,1,70,VALPARAÍSO,1,3,4,2,0.0,3,5,15,5,3.0,3.0,4,2,1,1,3,2
165,165,305,1,67,METROPOLITANA,1,3,3,2,0.0,9,5,15,2,1.0,2.0,4,5,3,2,9,1
166,166,309,1,55,METROPOLITANA,1,4,0,2,0.0,1,1,15,4,1.0,1.0,1,1,3,3,1,9
167,167,310,1,40,VALPARAÍSO,1,2,8,2,0.0,9,5,9,2,1.0,1.0,6,5,3,1,17,1
168,168,311,1,19,LOS LAGOS,2,3,5,2,0.0,2,7,15,4,2.0,2.0,5,5,2,1,17,2
170,170,313,1,70,METROPOLITANA,1,3,4,2,0.0,1,5,1,5,2.0,2.0,5,5,2,3,3,2
171,171,314,1,73,METROPOLITANA,1,3,4,2,0.0,9,8,10,3,2.0,2.0,5,0,2,3,2,2
172,172,315,1,73,METROPOLITANA,1,3,3,1,5.0,2,5,1,4,1.0,2.0,5,5,3,1,1,2
173,173,316,1,32,METROPOLITANA,1,3,4,2,0.0,9,5,15,4,3.0,3.0,0,0,2,9,10,2
174,174,318,2,53,METROPOLITANA,1,2,8,2,0.0,2,5,15,3,2.0,1.0,5,5,1,1,3,2
176,176,322,1,21,METROPOLITANA,1,3,4,2,0.0,2,5,10,2,1.0,1.0,5,3,2,1,1,2
177,177,323,2,42,LOS LAGOS,2,3,4,2,0.0,1,7,15,5,2.0,2.0,5,5,3,3,9,2
178,178,326,1,35,LOS LAGOS,2,2,8,2,0.0,8,5,15,4,2.0,2.0,5,5,2,3,14,2
179,179,328,2,57,LOS LAGOS,2,4,3,2,0.0,1,3,5,4,1.0,2.0,5,5,3,3,9,2
180,180,333,2,31,COQUIMBO,2,3,3,2,0.0,1,88,15,3,2.0,2.0,7,7,3,3,3,2
181,181,334,2,50,COQUIMBO,2,3,3,2,0.0,1,88,13,4,1.0,1.0,5,5,2,1,10,2
182,182,335,1,60,ARAUCANÍA,2,4,2,2,0.0,9,99,15,5,2.0,2.0,88,0,2,1,26,2
183,183,337,2,23,LOS LAGOS,1,3,5,2,0.0,1,1,9,4,1.0,3.0,5,10,3,8,3,2
184,184,338,1,59,LIBERTADOR BERNARDO OHIGGINS,1,4,3,2,0.0,1,5,15,3,1.0,1.0,7,3,3,2,5,2
185,185,339,2,19,LIBERTADOR BERNARDO OHIGGINS,1,4,4,2,0.0,9,88,15,5,2.0,2.0,6,6,3,8,3,2
186,186,341,1,47,METROPOLITANA,1,2,4,2,0.0,1,99,15,1,1.0,2.0,0,0,2,1,1,2
187,187,343,2,86,METROPOLITANA,1,3,1,2,0.0,1,88,1,5,1.0,1.0,88,88,2,1,5,1
188,188,346,1,28,METROPOLITANA,1,2,8,2,0.0,9,4,11,2,1.0,1.0,3,6,3,1,27,1
189,189,351,1,37,METROPOLITANA,1,3,4,2,0.0,9,5,15,3,2.0,2.0,0,0,2,3,3,2
190,190,354,1,40,METROPOLITANA,1,3,4,2,0.0,1,88,15,5,2.0,2.0,5,7,1,8,14,2
192,192,357,2,31,METROPOLITANA,1,3,4,2,0.0,9,1,15,4,1.0,1.0,0,5,3,1,10,1
193,193,360,2,41,VALPARAÍSO,2,4,4,2,0.0,1,5,15,4,2.0,2.0,4,4,2,3,10,2
194,194,362,2,70,VALPARAÍSO,2,4,1,2,0.0,1,10,5,5,2.0,2.0,9,10,2,1,1,2
195,195,364,2,34,VALPARAÍSO,2,3,5,2,0.0,1,2,15,5,2.0,1.0,5,5,3,3,17,2
196,196,366,1,63,VALPARAÍSO,2,4,1,2,0.0,1,5,1,4,1.0,2.0,5,6,2,1,10,1
197,197,368,1,54,ARAUCANÍA,1,3,4,2,0.0,1,99,15,5,2.0,2.0,88,88,3,1,3,2
198,198,369,1,62,VALPARAÍSO,1,3,6,2,0.0,1,5,15,5,2.0,2.0,5,5,2,1,3,2
199,199,370,1,43,VALPARAÍSO,1,2,6,1,5.0,1,5,15,2,2.0,2.0,5,5,2,1,3,2
200,200,371,2,52,VALPARAÍSO,1,4,4,2,0.0,1,4,15,4,1.0,1.0,5,5,2,1,10,1
201,201,372,1,79,VALPARAÍSO,1,4,4,2,0.0,1,5,15,3,2.0,2.0,5,5,2,1,1,3
202,202,373,1,64,VALPARAÍSO,1,3,1,2,0.0,1,5,15,2,1.0,2.0,3,5,1,3,1,1
203,203,376,2,56,METROPOLITANA,1,1,6,2,0.0,1,8,15,3,2.0,2.0,5,5,2,2,3,2
204,204,377,2,43,METROPOLITANA,1,1,8,2,0.0,1,9,15,3,2.0,2.0,8,4,1,2,26,2
205,205,378,1,59,METROPOLITANA,1,1,8,2,0.0,1,5,15,2,1.0,1.0,5,6,2,1,8,2
206,206,380,1,19,METROPOLITANA,1,3,4,2,0.0,1,3,15,5,1.0,1.0,1,8,2,2,14,1
207,207,381,1,38,METROPOLITANA,1,2,8,2,0.0,9,6,15,3,1.0,2.0,5,0,2,1,3,2
208,208,382,1,34,METROPOLITANA,1,2,8,2,0.0,3,7,18,2,2.0,2.0,7,2,2,1,3,2
209,209,383,2,53,LOS RÍOS,1,3,1,2,0.0,2,7,15,5,2.0,2.0,5,0,1,3,13,2
211,211,387,1,74,METROPOLITANA,1,3,1,2,0.0,9,1,15,5,3.0,1.0,5,5,3,3,3,1
212,212,388,2,26,METROPOLITANA,1,3,6,2,0.0,9,5,9,4,1.0,2.0,5,5,2,1,1,1
214,214,394,2,63,METROPOLITANA,1,4,4,2,0.0,99,5,15,5,1.0,1.0,0,0,1,2,3,3
215,215,398,1,51,METROPOLITANA,1,2,9,2,0.0,9,6,15,3,1.0,1.0,2,6,2,1,3,1
216,216,400,2,24,ANTOFAGASTA,1,3,4,2,0.0,2,5,20,5,1.0,2.0,5,5,2,2,7,2
217,217,403,2,28,ANTOFAGASTA,1,1,6,2,0.0,9,5,15,5,1.0,1.0,0,0,3,1,8,1
219,219,409,2,23,LOS RÍOS,1,2,7,2,0.0,10,1,3,1,1.0,1.0,0,10,3,1,4,1
220,220,410,2,30,ANTOFAGASTA,1,4,4,2,0.0,1,1,15,3,1.0,1.0,0,9,3,3,1,1
221,221,412,1,24,ANTOFAGASTA,1,4,3,2,0.0,1,5,15,5,1.0,1.0,5,5,2,9,3,1
222,222,413,2,36,ANTOFAGASTA,1,4,6,2,0.0,1,6,13,3,2.0,2.0,5,5,2,2,1,2
223,223,414,2,63,METROPOLITANA,1,3,3,1,5.0,1,99,15,5,1.0,1.0,0,5,3,3,10,3
224,224,416,1,66,METROPOLITANA,1,4,4,2,0.0,9,88,15,5,1.0,2.0,7,0,3,1,9,2
225,225,417,1,41,METROPOLITANA,1,3,4,2,0.0,9,5,10,2,2.0,2.0,10,0,2,3,17,2
226,226,419,1,25,MAULE,1,2,7,2,0.0,1,4,9,2,1.0,1.0,2,5,3,1,17,2
227,227,420,1,79,MAULE,1,4,0,2,0.0,2,1,3,2,1.0,1.0,0,7,2,1,1,1
228,228,425,2,25,METROPOLITANA,1,3,4,2,0.0,9,1,15,4,1.0,1.0,5,5,3,1,10,2
229,229,427,1,47,METROPOLITANA,1,2,7,2,0.0,1,5,15,4,1.0,1.0,5,5,3,2,3,3
230,230,428,1,67,METROPOLITANA,1,4,2,2,0.0,2,1,3,1,1.0,1.0,3,6,2,1,1,1
233,233,434,1,42,VALPARAÍSO,1,3,6,2,0.0,1,4,15,4,1.0,2.0,1,2,2,1,1,3
234,234,435,2,37,VALPARAÍSO,1,3,8,2,0.0,9,5,17,3,1.0,1.0,5,5,3,1,10,1
235,235,436,1,83,VALPARAÍSO,1,2,2,2,0.0,1,5,9,3,1.0,1.0,3,5,2,1,5,1
236,236,437,1,39,METROPOLITANA,1,3,4,2,0.0,1,99,88,2,2.0,2.0,6,1,3,1,3,2
237,237,438,1,68,METROPOLITANA,1,2,8,2,0.0,1,6,15,5,1.0,2.0,7,7,1,1,17,2
238,238,439,2,71,METROPOLITANA,1,2,8,2,0.0,1,3,16,3,1.0,1.0,2,7,3,1,2,1
239,239,442,2,37,METROPOLITANA,1,2,8,2,0.0,2,6,15,5,2.0,2.0,7,3,2,1,3,2
240,240,443,2,42,BIOBÍO,1,1,4,2,0.0,9,5,15,5,1.0,1.0,4,4,2,1,3,2
241,241,444,2,27,BIOBÍO,1,1,8,2,0.0,9,5,15,4,3.0,3.0,4,4,3,8,5,2
242,242,445,2,35,BIOBÍO,1,1,4,2,0.0,9,5,15,4,2.0,1.0,4,4,2,1,3,3
243,243,446,2,32,ÑUBLE,1,3,4,2,0.0,1,10,15,5,1.0,2.0,5,5,3,3,3,2
244,244,447,2,38,BIOBÍO,1,4,4,2,0.0,1,99,99,5,1.0,1.0,0,5,2,3,2,1
247,247,452,2,33,METROPOLITANA,1,3,3,2,0.0,9,99,15,5,1.0,2.0,99,99,2,2,5,2
248,248,453,2,41,ARAUCANÍA,2,5,3,2,0.0,2,5,13,3,2.0,2.0,7,1,2,1,5,2
249,249,454,2,21,ARAUCANÍA,2,5,7,1,5.0,2,10,10,2,2.0,2.0,5,5,2,1,11,2
250,250,455,1,83,LOS RÍOS,2,3,2,2,0.0,2,5,1,3,1.0,1.0,5,5,1,2,2,1
251,251,456,2,65,LOS RÍOS,2,3,2,1,5.0,1,3,10,3,2.0,2.0,5,0,2,2,3,2
252,252,457,2,49,BIOBÍO,1,4,4,2,0.0,2,10,15,4,2.0,2.0,5,0,2,2,26,2
253,253,461,2,20,METROPOLITANA,1,3,4,2,0.0,9,4,15,3,1.0,1.0,5,5,3,1,1,1
254,254,465,2,81,BIOBÍO,1,3,1,2,0.0,1,99,15,5,3.0,2.0,88,88,1,3,3,3
255,255,466,2,26,LOS RÍOS,2,3,4,1,5.0,1,5,20,5,1.0,2.0,5,5,3,3,1,2
256,256,468,2,28,METROPOLITANA,1,3,5,2,0.0,2,8,15,4,1.0,1.0,5,5,3,2,14,1
257,257,469,2,36,LOS RÍOS,2,3,2,2,0.0,2,5,20,4,2.0,2.0,5,5,2,2,3,2
258,258,472,1,32,METROPOLITANA,1,3,5,2,0.0,9,88,15,1,1.0,1.0,0,0,2,1,2,2
260,260,477,2,49,ARAUCANÍA,1,3,4,2,0.0,99,10,88,3,2.0,2.0,5,5,1,1,10,2
261,261,479,1,20,METROPOLITANA,1,3,7,2,0.0,8,10,18,3,2.0,2.0,8,3,2,2,3,2
262,262,481,2,71,LIBERTADOR BERNARDO OHIGGINS,1,4,1,2,0.0,2,88,15,5,1.0,1.0,5,3,1,8,3,8
263,263,483,1,70,METROPOLITANA,1,3,7,2,0.0,1,8,13,5,2.0,2.0,8,2,2,1,9,2
264,264,486,2,33,LOS LAGOS,1,3,5,2,0.0,1,4,3,4,1.0,1.0,7,5,3,1,1,1
266,266,490,1,22,ARAUCANÍA,1,3,7,2,0.0,9,4,15,1,1.0,1.0,0,5,3,1,14,1
268,268,494,2,84,LOS LAGOS,1,4,0,2,0.0,2,10,15,5,1.0,2.0,88,88,1,2,6,2
269,269,495,2,71,LOS LAGOS,1,4,1,2,0.0,1,10,15,5,1.0,2.0,2,1,1,3,1,2
270,270,496,2,28,LOS LAGOS,1,4,2,2,0.0,1,99,17,5,2.0,2.0,99,99,2,3,7,2
271,271,498,2,38,LOS LAGOS,1,3,6,1,5.0,1,4,21,1,1.0,1.0,2,2,2,1,9,1
272,272,500,2,22,VALPARAÍSO,1,3,7,2,0.0,9,4,15,3,1.0,1.0,2,5,3,1,26,1
274,274,503,1,47,VALPARAÍSO,1,2,4,2,0.0,1,6,15,5,1.0,2.0,4,4,2,2,6,2
275,275,504,2,43,MAULE,1,2,8,2,0.0,1,5,1,1,1.0,1.0,1,5,2,1,3,1
277,277,506,2,54,ÑUBLE,2,3,4,2,0.0,1,4,15,3,1.0,1.0,3,6,3,1,3,3
278,278,507,2,45,ÑUBLE,2,2,6,2,0.0,2,4,15,4,1.0,1.0,7,9,2,3,11,1
279,279,509,2,44,MAULE,1,3,6,2,0.0,1,6,15,4,1.0,1.0,0,5,2,3,11,1
282,282,512,1,46,MAULE,1,3,4,2,0.0,1,7,2,3,2.0,2.0,5,5,2,1,9,2
283,283,515,1,38,METROPOLITANA,1,3,5,2,0.0,11,6,10,2,2.0,2.0,5,5,2,1,1,2
284,284,517,2,43,METROPOLITANA,1,3,4,2,0.0,9,5,88,4,1.0,1.0,0,5,3,2,5,1
285,285,518,2,30,METROPOLITANA,1,4,6,2,0.0,10,5,17,5,1.0,1.0,0,5,3,3,1,2
287,287,521,1,64,ARAUCANÍA,2,3,3,2,0.0,1,10,15,4,2.0,2.0,5,5,2,2,3,2
288,288,524,1,53,METROPOLITANA,1,2,6,2,0.0,1,8,18,3,2.0,2.0,6,3,2,1,3,2
289,289,525,1,61,METROPOLITANA,1,4,3,2,0.0,9,8,10,5,2.0,2.0,5,0,2,2,3,2
291,291,529,2,60,VALPARAÍSO,1,4,1,2,0.0,1,5,15,5,1.0,1.0,3,4,2,3,1,2
292,292,530,1,75,VALPARAÍSO,1,3,8,2,0.0,8,1,3,1,1.0,1.0,5,10,3,1,1,1
293,293,534,2,68,METROPOLITANA,1,2,8,2,0.0,1,10,18,2,2.0,2.0,8,1,2,2,3,2
294,294,536,1,43,METROPOLITANA,1,3,8,1,5.0,1,1,9,4,1.0,1.0,3,5,2,1,9,1
295,295,537,2,49,METROPOLITANA,1,3,4,2,0.0,9,3,15,3,1.0,1.0,0,2,2,1,3,1
296,296,538,2,47,METROPOLITANA,1,3,4,2,0.0,2,88,15,4,1.0,1.0,88,88,2,3,14,1
297,297,539,2,75,LIBERTADOR BERNARDO OHIGGINS,1,2,8,2,0.0,9,5,99,2,2.0,2.0,5,5,2,1,13,1
298,298,540,1,67,LOS RÍOS,2,3,1,2,0.0,2,10,10,3,2.0,3.0,4,2,2,1,10,2
299,299,541,2,25,LOS RÍOS,2,3,6,1,5.0,9,5,15,5,1.0,1.0,5,5,3,9,3,1
300,300,542,2,57,LOS RÍOS,2,2,3,2,0.0,1,5,10,5,2.0,2.0,4,4,2,1,5,2
302,302,545,1,60,METROPOLITANA,1,3,4,2,0.0,9,5,15,5,1.0,1.0,0,0,2,1,11,1
303,303,548,2,69,LOS RÍOS,2,3,2,2,0.0,1,5,88,5,1.0,2.0,5,88,3,2,7,2
304,304,549,2,51,LOS RÍOS,2,3,4,2,0.0,9,1,15,1,1.0,1.0,0,5,3,1,17,1
305,305,550,1,25,LOS RÍOS,2,2,6,2,0.0,9,5,9,3,1.0,1.0,5,5,3,2,8,2
306,306,551,1,52,METROPOLITANA,1,1,9,2,0.0,10,1,11,2,1.0,1.0,5,10,3,1,5,1
308,308,554,1,60,METROPOLITANA,1,1,9,2,0.0,11,7,2,2,2.0,2.0,6,3,2,2,3,2
309,309,555,2,78,METROPOLITANA,1,1,4,2,0.0,9,5,15,1,3.0,2.0,5,5,2,1,5,2
310,310,556,2,39,LOS RÍOS,1,3,6,2,0.0,2,5,15,5,2.0,2.0,99,99,2,2,1,2
311,311,558,2,76,METROPOLITANA,1,3,4,2,0.0,1,88,15,5,1.0,2.0,0,5,3,3,14,8
313,313,563,2,40,LOS RÍOS,1,3,4,2,0.0,1,4,1,4,1.0,2.0,5,5,2,2,6,2
314,314,565,1,72,VALPARAÍSO,1,3,4,2,0.0,1,5,15,2,2.0,2.0,88,6,2,2,3,2
315,315,567,2,65,VALPARAÍSO,1,4,1,2,0.0,9,99,15,4,1.0,2.0,5,5,1,2,3,2
316,316,572,2,29,LOS RÍOS,1,3,7,1,5.0,2,5,15,5,2.0,2.0,5,5,2,1,1,2
317,317,574,2,20,LOS RÍOS,1,3,4,1,5.0,2,5,15,3,2.0,2.0,5,5,3,1,1,2
319,319,579,2,56,ANTOFAGASTA,1,4,3,2,0.0,9,6,15,5,3.0,3.0,5,5,2,1,11,3
322,322,583,1,45,METROPOLITANA,1,1,8,2,0.0,1,8,10,2,2.0,2.0,6,6,2,2,3,2
323,323,584,2,38,ANTOFAGASTA,1,4,4,2,0.0,9,5,15,5,3.0,1.0,5,5,2,3,1,2
324,324,585,1,70,LIBERTADOR BERNARDO OHIGGINS,1,3,7,2,0.0,1,6,15,5,2.0,2.0,5,5,1,3,9,2
325,325,590,2,66,METROPOLITANA,1,1,6,2,0.0,1,6,15,5,2.0,2.0,8,5,2,3,1,2
326,326,591,2,57,LOS LAGOS,1,3,4,2,0.0,2,99,18,4,2.0,2.0,5,0,2,2,3,2
327,327,592,2,59,ANTOFAGASTA,1,3,4,2,0.0,9,5,15,4,3.0,1.0,5,5,3,2,1,1
328,328,594,1,39,METROPOLITANA,1,3,7,2,0.0,2,7,15,3,2.0,2.0,5,0,1,1,6,2
329,329,596,1,69,METROPOLITANA,1,2,7,2,0.0,8,5,2,5,2.0,2.0,3,3,2,2,3,2
331,331,598,2,29,METROPOLITANA,1,2,6,2,0.0,1,3,9,3,1.0,1.0,1,9,3,1,3,1
332,332,599,2,42,METROPOLITANA,1,3,8,2,0.0,9,3,9,3,1.0,1.0,5,7,3,1,16,1
333,333,600,2,50,METROPOLITANA,1,2,7,2,0.0,1,5,15,2,1.0,1.0,0,5,2,1,9,1
334,334,602,2,50,ARAUCANÍA,1,4,3,2,0.0,9,99,15,4,2.0,1.0,5,5,2,2,10,2
335,335,604,1,54,ÑUBLE,2,3,6,2,0.0,1,8,18,3,2.0,1.0,7,3,3,2,3,2
336,336,605,2,47,ÑUBLE,2,3,4,2,0.0,9,5,15,5,1.0,2.0,5,5,2,1,3,2
340,340,611,2,41,AYSÉN,1,3,8,2,0.0,1,5,15,3,2.0,2.0,5,5,2,1,3,2
341,341,612,2,26,METROPOLITANA,1,3,4,2,0.0,1,99,15,3,1.0,1.0,5,5,3,1,6,1
342,342,613,1,48,METROPOLITANA,1,4,2,2,0.0,1,3,3,4,1.0,1.0,2,7,3,1,1,2
343,343,614,2,57,METROPOLITANA,1,3,6,2,0.0,8,9,10,2,2.0,2.0,5,1,2,9,9,2
344,344,615,2,55,METROPOLITANA,1,2,6,2,0.0,9,5,15,4,1.0,2.0,5,5,3,1,3,2
345,345,616,1,26,METROPOLITANA,1,3,6,2,0.0,9,5,17,2,1.0,1.0,0,0,2,1,17,2
348,348,624,2,28,METROPOLITANA,1,3,8,2,0.0,9,5,15,5,1.0,1.0,5,5,2,1,1,2
349,349,627,1,57,VALPARAÍSO,1,3,6,2,0.0,9,3,15,1,1.0,1.0,0,2,3,3,9,2
350,350,628,2,79,VALPARAÍSO,1,4,3,2,0.0,9,5,15,5,1.0,2.0,5,5,2,1,4,2
351,351,629,2,32,VALPARAÍSO,1,3,4,2,0.0,1,5,15,4,1.0,1.0,5,5,3,1,10,1
354,354,632,2,26,LIBERTADOR BERNARDO OHIGGINS,1,3,4,2,0.0,9,6,15,3,1.0,1.0,5,5,2,8,13,1
356,356,635,2,48,LIBERTADOR BERNARDO OHIGGINS,1,3,4,2,0.0,1,6,15,5,1.0,2.0,5,5,2,2,26,2
357,357,637,2,49,METROPOLITANA,1,4,3,2,0.0,1,5,15,4,1.0,2.0,5,1,3,3,3,2
358,358,639,1,20,METROPOLITANA,1,3,7,2,0.0,9,7,88,3,2.0,2.0,5,5,2,2,1,2
359,359,640,2,66,VALPARAÍSO,2,4,1,2,0.0,1,88,15,5,3.0,2.0,4,4,1,3,1,2
362,362,644,2,28,VALPARAÍSO,2,2,8,2,0.0,1,5,15,4,1.0,1.0,5,5,2,1,6,1
364,364,647,2,59,VALPARAÍSO,2,2,3,2,0.0,1,3,15,2,1.0,1.0,0,9,3,1,8,1
365,365,649,1,44,METROPOLITANA,1,2,8,2,0.0,1,6,15,2,2.0,2.0,5,4,2,2,3,2
366,366,651,1,66,METROPOLITANA,1,2,2,2,0.0,2,99,15,5,1.0,2.0,88,88,1,1,1,2
367,367,652,1,65,METROPOLITANA,1,2,2,2,0.0,2,8,15,5,2.0,2.0,6,0,1,2,3,2
368,368,655,1,41,METROPOLITANA,1,2,8,2,0.0,9,3,15,1,1.0,1.0,3,8,3,1,27,1
369,369,659,2,21,METROPOLITANA,1,3,7,1,5.0,1,3,15,2,1.0,1.0,4,5,3,1,10,1
370,370,664,1,40,METROPOLITANA,1,3,3,1,5.0,2,9,9,1,2.0,2.0,10,0,2,3,26,2
371,371,666,2,42,METROPOLITANA,1,3,4,2,0.0,1,10,10,4,2.0,1.0,10,0,1,3,9,2
372,372,667,2,77,ARAUCANÍA,1,3,1,2,0.0,2,99,15,5,2.0,2.0,10,1,3,1,10,2
373,373,668,1,60,ARAUCANÍA,1,3,3,2,0.0,99,5,14,2,1.0,1.0,4,5,2,1,10,1
374,374,669,2,47,METROPOLITANA,1,3,2,2,0.0,1,88,15,4,1.0,2.0,5,5,2,3,10,1
375,375,670,2,31,ARAUCANÍA,1,3,8,2,0.0,99,99,15,5,1.0,1.0,5,5,3,8,26,1
376,376,671,2,54,METROPOLITANA,1,3,1,2,0.0,9,88,15,5,2.0,1.0,10,0,1,1,26,2
377,377,675,2,25,VALPARAÍSO,1,4,3,2,0.0,1,6,20,4,1.0,2.0,5,5,2,3,5,2
378,378,676,2,49,LIBERTADOR BERNARDO OHIGGINS,1,3,4,2,0.0,1,5,15,3,1.0,2.0,5,5,3,2,3,3
379,379,680,2,49,MAGALLANES,1,3,5,2,0.0,1,7,15,3,1.0,2.0,5,5,2,1,14,2
380,380,681,1,21,METROPOLITANA,2,3,7,2,0.0,9,5,15,4,2.0,2.0,6,4,2,2,10,2
382,382,683,2,35,METROPOLITANA,2,2,8,2,0.0,1,88,15,3,2.0,2.0,5,5,2,2,9,2
383,383,686,1,27,METROPOLITANA,2,3,8,2,0.0,2,10,18,3,2.0,2.0,6,0,2,1,3,2
384,384,687,2,23,METROPOLITANA,1,2,7,2,0.0,9,3,16,1,1.0,1.0,3,9,3,1,16,1
385,385,688,1,35,METROPOLITANA,1,1,8,2,0.0,9,6,13,3,1.0,1.0,5,5,3,2,11,2
386,386,689,2,28,METROPOLITANA,1,2,8,2,0.0,9,7,2,2,2.0,2.0,6,5,3,1,17,3
387,387,690,2,66,METROPOLITANA,1,3,4,2,0.0,1,6,15,5,1.0,1.0,0,0,3,3,13,1
388,388,691,1,64,ARAUCANÍA,1,3,1,2,0.0,1,8,15,3,2.0,2.0,5,0,1,1,11,2
390,390,696,1,23,ARAUCANÍA,2,3,6,2,0.0,99,5,15,4,1.0,2.0,5,5,3,1,2,3
391,391,698,2,21,LIBERTADOR BERNARDO OHIGGINS,1,3,4,2,0.0,9,3,15,3,1.0,1.0,5,5,3,1,5,1
392,392,701,2,68,ÑUBLE,2,3,1,2,0.0,2,6,15,5,3.0,3.0,5,5,1,3,1,2
393,393,702,1,27,ÑUBLE,2,3,4,2,0.0,9,5,5,2,1.0,1.0,2,5,2,1,3,1
394,394,703,1,21,ÑUBLE,2,3,6,2,0.0,9,1,88,4,2.0,2.0,5,5,3,1,14,2
395,395,707,1,65,ARAUCANÍA,2,3,4,2,0.0,1,99,15,5,2.0,2.0,7,6,3,1,9,2
396,396,708,1,50,METROPOLITANA,1,3,4,1,5.0,1,5,15,2,1.0,2.0,5,0,2,3,6,2
398,398,712,2,54,LIBERTADOR BERNARDO OHIGGINS,1,3,8,2,0.0,9,3,15,3,1.0,1.0,5,5,2,1,1,2
399,399,715,1,44,TARAPACÁ,1,2,6,2,0.0,1,8,15,4,2.0,2.0,5,5,1,2,3,2
400,400,716,2,53,TARAPACÁ,1,2,6,2,0.0,2,5,15,5,2.0,2.0,5,5,2,2,3,2
401,401,717,1,80,METROPOLITANA,1,4,2,2,0.0,99,7,15,5,1.0,2.0,5,5,1,9,1,2
402,402,719,2,19,METROPOLITANA,1,3,4,2,0.0,1,1,15,4,1.0,1.0,5,10,2,3,26,1
403,403,720,2,37,VALPARAÍSO,1,3,6,2,0.0,1,99,16,2,1.0,1.0,5,5,3,1,12,1
404,404,721,2,20,VALPARAÍSO,1,3,4,2,0.0,10,5,15,5,1.0,1.0,5,5,3,1,16,2
406,406,728,1,67,METROPOLITANA,1,3,3,2,0.0,2,5,13,5,2.0,2.0,7,0,2,1,3,2
407,407,731,2,61,METROPOLITANA,1,2,4,2,0.0,2,5,15,3,1.0,1.0,0,5,2,1,26,1
409,409,733,1,78,METROPOLITANA,1,3,2,2,0.0,2,5,15,3,1.0,2.0,5,5,1,3,1,1
410,410,734,2,53,MAGALLANES,1,3,4,2,0.0,9,5,15,5,3.0,2.0,4,4,2,3,1,2
411,411,736,1,43,ARICA Y PARINACOTA,1,4,3,2,0.0,1,5,10,5,3.0,2.0,3,3,1,2,2,2
412,412,739,2,45,MAGALLANES,1,3,5,2,0.0,2,10,18,3,2.0,2.0,5,0,1,1,5,2
413,413,740,2,50,METROPOLITANA,1,4,2,1,9.0,2,88,88,5,1.0,2.0,88,88,2,2,9,2
414,414,741,2,28,METROPOLITANA,1,3,5,2,0.0,9,5,15,3,1.0,1.0,3,4,3,1,13,1
415,415,742,1,40,MAGALLANES,1,3,4,2,0.0,2,7,17,2,2.0,2.0,5,0,2,1,3,2
416,416,743,1,56,BIOBÍO,1,3,4,2,0.0,99,5,15,5,1.0,2.0,5,5,2,3,1,2
417,417,744,2,63,BIOBÍO,2,3,4,2,0.0,1,4,15,5,3.0,2.0,5,5,2,2,1,2
419,419,748,1,48,BIOBÍO,2,4,4,2,0.0,9,5,15,5,1.0,1.0,5,5,1,1,10,2
420,420,749,1,56,BIOBÍO,2,3,2,2,0.0,2,6,15,5,1.0,3.0,5,5,2,2,17,1
423,423,755,2,76,LIBERTADOR BERNARDO OHIGGINS,2,4,1,2,0.0,1,5,15,5,1.0,1.0,5,5,1,1,1,1
426,426,759,1,74,METROPOLITANA,1,3,0,2,0.0,9,88,15,5,1.0,1.0,0,5,2,1,12,1
427,427,763,1,54,METROPOLITANA,1,3,3,1,5.0,2,1,15,5,2.0,2.0,5,0,2,2,9,2
428,428,764,1,49,METROPOLITANA,1,4,6,2,0.0,9,5,21,1,1.0,1.0,0,0,3,1,2,1
429,429,766,1,37,METROPOLITANA,1,4,2,2,0.0,9,4,13,4,3.0,2.0,5,5,1,2,9,2
430,430,768,2,67,METROPOLITANA,1,4,2,2,0.0,2,99,15,5,2.0,2.0,5,5,2,1,3,2
431,431,772,2,62,VALPARAÍSO,1,3,3,2,0.0,9,5,15,5,1.0,1.0,5,5,2,1,9,2
432,432,775,1,22,VALPARAÍSO,1,3,4,2,0.0,5,8,15,2,2.0,2.0,5,5,2,2,3,2
433,433,777,2,39,ARAUCANÍA,2,4,4,1,5.0,99,99,15,4,1.0,1.0,5,5,2,1,1,2
434,434,778,2,50,ARAUCANÍA,2,3,4,2,0.0,99,10,15,5,2.0,2.0,10,0,2,2,11,2
436,436,780,2,21,MAULE,1,3,3,2,0.0,9,6,17,5,1.0,1.0,3,4,3,3,3,1
437,437,783,2,48,MAULE,1,3,3,2,0.0,1,5,19,5,3.0,2.0,5,5,2,2,9,2
439,439,785,1,92,VALPARAÍSO,1,3,1,2,0.0,1,5,15,5,1.0,2.0,5,5,2,2,2,2
441,441,788,1,28,MAULE,1,3,4,2,0.0,9,8,18,3,2.0,2.0,8,0,3,2,3,2
442,442,789,1,72,MAULE,1,2,4,2,0.0,1,3,9,3,1.0,2.0,5,5,2,2,9,1
443,443,790,2,28,MAULE,1,3,6,2,0.0,1,6,17,1,1.0,1.0,5,5,3,2,3,1
445,445,792,2,43,LOS RÍOS,1,3,4,2,0.0,1,7,15,3,2.0,2.0,5,0,2,1,3,2
446,446,793,2,59,LOS RÍOS,1,3,2,2,0.0,2,88,19,5,2.0,2.0,5,5,1,3,9,2
447,447,796,2,32,METROPOLITANA,1,3,6,2,0.0,9,5,15,3,1.0,1.0,5,5,2,2,11,3
448,448,797,2,26,METROPOLITANA,1,4,5,2,0.0,9,99,15,3,1.0,1.0,99,99,3,1,1,1
449,449,800,1,57,METROPOLITANA,1,2,3,2,0.0,1,10,15,4,3.0,2.0,5,9,3,3,9,1
450,450,801,1,48,METROPOLITANA,1,1,5,2,0.0,1,5,15,3,2.0,2.0,5,5,2,1,14,2
451,451,802,1,30,METROPOLITANA,1,4,2,2,0.0,9,3,15,5,1.0,1.0,0,10,2,1,2,1
452,452,803,1,65,COQUIMBO,1,3,3,2,0.0,1,5,3,4,1.0,1.0,1,8,2,1,1,1
453,453,805,2,49,ÑUBLE,1,3,4,2,0.0,1,5,15,4,1.0,3.0,5,7,1,1,3,2
454,454,806,1,67,ÑUBLE,1,4,2,2,0.0,2,4,15,4,1.0,2.0,0,9,1,3,3,2
455,455,807,1,19,ÑUBLE,1,4,4,2,0.0,1,8,15,3,2.0,2.0,10,5,2,3,3,2
456,456,808,1,54,ÑUBLE,1,4,1,2,0.0,9,5,15,5,2.0,1.0,5,5,3,3,2,2
457,457,810,1,46,BIOBÍO,1,3,4,2,0.0,2,6,17,3,2.0,2.0,5,0,2,1,3,2
458,458,811,2,54,BIOBÍO,1,3,1,2,0.0,1,1,3,4,1.0,1.0,5,8,3,1,10,2
460,460,814,2,22,BIOBÍO,1,3,5,2,0.0,2,8,15,3,1.0,1.0,5,4,2,1,3,2
461,461,815,2,55,LOS RÍOS,1,3,2,2,0.0,1,4,99,5,3.0,2.0,1,5,2,2,3,2
462,462,817,1,75,MAULE,1,3,3,2,0.0,1,1,3,3,1.0,1.0,4,4,2,1,9,1
464,464,821,2,64,METROPOLITANA,1,3,1,2,0.0,1,1,15,5,3.0,2.0,8,0,1,8,9,2
465,465,825,2,58,VALPARAÍSO,1,3,4,2,0.0,1,4,15,5,1.0,2.0,4,5,3,3,3,2
466,466,826,2,50,ARAUCANÍA,1,2,1,2,0.0,1,99,15,3,2.0,2.0,0,0,3,1,88,2
467,467,827,2,48,METROPOLITANA,1,3,7,2,0.0,1,5,9,3,1.0,2.0,5,5,1,2,3,2
468,468,828,1,42,VALPARAÍSO,1,2,7,2,0.0,1,7,18,2,2.0,2.0,6,0,2,2,3,2
470,470,831,1,80,MAULE,1,3,1,2,0.0,9,5,1,4,1.0,2.0,5,1,2,3,1,1
471,471,832,1,32,ARAUCANÍA,1,2,8,1,5.0,9,4,15,2,1.0,1.0,0,5,3,1,1,1
472,472,834,1,54,ARAUCANÍA,1,3,4,1,5.0,2,99,15,5,1.0,2.0,88,88,2,3,5,2
473,473,835,1,69,MAULE,1,3,4,8,0.0,8,99,15,5,1.0,2.0,5,5,2,1,1,2
474,474,838,1,30,LOS LAGOS,1,3,7,1,5.0,9,3,16,1,1.0,1.0,2,7,3,1,1,1
475,475,839,2,69,LOS LAGOS,1,3,4,2,0.0,1,5,10,5,2.0,2.0,5,0,2,3,6,2
476,476,840,1,40,COQUIMBO,1,2,4,2,0.0,1,4,15,4,1.0,1.0,4,4,3,1,1,3
477,477,842,2,72,LOS LAGOS,1,3,8,2,0.0,1,4,1,3,1.0,1.0,4,6,1,1,7,1
478,478,845,1,30,LOS LAGOS,1,3,10,1,11.0,9,4,15,2,1.0,1.0,0,5,3,1,2,1
479,479,847,2,38,ANTOFAGASTA,1,4,4,2,0.0,1,6,15,4,1.0,1.0,5,5,2,1,1,1
480,480,848,2,48,ANTOFAGASTA,1,5,4,2,0.0,9,4,15,3,3.0,3.0,3,3,1,2,3,2
482,482,850,1,25,ANTOFAGASTA,1,4,5,2,0.0,9,4,15,4,1.0,1.0,0,0,3,1,8,1
483,483,851,2,54,ANTOFAGASTA,1,4,2,2,0.0,2,5,21,5,1.0,2.0,5,8,1,2,6,2
485,485,853,1,30,METROPOLITANA,1,3,7,2,0.0,9,2,11,1,1.0,1.0,0,5,3,1,16,1
486,486,854,2,37,METROPOLITANA,1,2,6,2,0.0,9,10,10,4,2.0,2.0,5,0,2,2,1,2
488,488,856,2,69,LOS LAGOS,1,3,8,2,0.0,1,5,1,3,1.0,1.0,5,7,3,1,1,1
489,489,857,2,66,LOS LAGOS,1,3,6,2,0.0,1,6,10,5,2.0,2.0,3,2,3,2,1,8
490,490,859,2,56,ÑUBLE,1,3,2,2,0.0,9,88,15,5,2.0,2.0,88,5,1,3,1,2
492,492,865,1,49,LIBERTADOR BERNARDO OHIGGINS,2,3,1,2,0.0,2,5,15,5,1.0,2.0,5,5,2,3,5,2
493,493,868,1,38,LIBERTADOR BERNARDO OHIGGINS,2,3,6,2,0.0,9,5,15,2,1.0,1.0,0,2,3,2,16,2
494,494,869,1,60,MAULE,1,4,2,2,0.0,2,10,1,3,2.0,2.0,9,5,1,3,3,2
495,495,871,2,71,ÑUBLE,1,4,1,2,0.0,1,88,88,5,1.0,2.0,3,5,1,8,1,2
496,496,873,1,71,LIBERTADOR BERNARDO OHIGGINS,2,3,1,2,0.0,2,4,3,2,1.0,1.0,3,5,1,1,1,1
499,499,879,2,69,ARAUCANÍA,1,3,1,1,5.0,99,5,15,4,1.0,2.0,5,88,2,1,2,1
500,500,880,1,28,ARAUCANÍA,1,3,7,2,0.0,2,99,15,3,1.0,2.0,88,88,2,1,3,1
501,501,882,1,77,MAULE,2,4,1,2,0.0,2,10,1,4,2.0,2.0,10,10,2,1,10,1
502,502,883,2,77,MAULE,2,3,1,2,0.0,1,3,13,5,2.0,2.0,4,8,2,3,7,2
503,503,885,1,74,METROPOLITANA,1,3,4,2,0.0,2,3,9,3,1.0,1.0,5,5,2,2,3,1
504,504,886,2,63,METROPOLITANA,1,3,3,2,0.0,1,7,15,5,2.0,2.0,4,8,3,3,1,2
505,505,888,2,29,VALPARAÍSO,1,2,7,2,0.0,1,5,15,4,1.0,2.0,4,4,3,2,5,2
506,506,889,1,56,VALPARAÍSO,1,2,1,2,0.0,2,10,15,3,2.0,2.0,5,0,1,1,3,2
507,507,890,2,73,VALPARAÍSO,1,4,1,2,0.0,1,3,15,5,1.0,1.0,88,88,2,1,14,1
509,509,892,1,64,METROPOLITANA,1,3,8,2,0.0,1,3,9,5,1.0,1.0,5,7,3,1,1,1
510,510,893,2,32,METROPOLITANA,1,2,8,2,0.0,9,5,9,5,1.0,1.0,5,5,2,1,3,2
511,511,894,1,59,METROPOLITANA,1,3,4,2,0.0,1,5,1,3,1.0,1.0,5,5,2,1,13,2
512,512,895,1,62,VALPARAÍSO,1,3,2,2,0.0,1,6,15,3,3.0,1.0,7,4,2,1,5,1
514,514,899,1,43,METROPOLITANA,1,3,6,2,0.0,1,6,15,3,2.0,2.0,5,5,2,1,26,2
515,515,900,2,73,MAULE,2,3,4,2,0.0,5,10,10,4,2.0,2.0,5,5,2,2,14,3
516,516,904,2,59,MAULE,2,3,1,2,0.0,1,4,15,4,1.0,1.0,5,5,1,3,3,2
517,517,905,1,60,METROPOLITANA,1,3,5,2,0.0,8,1,15,4,1.0,1.0,0,5,3,1,14,1
518,518,909,1,28,METROPOLITANA,1,3,8,2,0.0,8,6,1,3,1.0,1.0,5,5,3,2,17,1
519,519,911,1,33,METROPOLITANA,1,3,8,2,0.0,9,3,15,3,1.0,1.0,5,5,2,1,5,1
520,520,913,1,53,METROPOLITANA,1,3,8,2,0.0,1,6,15,3,2.0,2.0,5,3,2,1,5,2
521,521,915,2,33,METROPOLITANA,1,2,7,2,0.0,9,8,15,3,2.0,2.0,7,4,2,1,3,2
522,522,918,2,42,MAGALLANES,1,3,8,2,0.0,1,10,15,3,2.0,2.0,7,3,1,1,14,2
523,523,920,2,68,METROPOLITANA,1,4,3,2,0.0,8,5,15,5,2.0,2.0,5,0,2,1,9,2
524,524,921,2,61,METROPOLITANA,1,1,8,2,0.0,1,9,13,1,2.0,2.0,10,3,1,2,3,2
525,525,922,1,20,METROPOLITANA,1,1,7,2,0.0,1,6,15,3,2.0,2.0,5,5,2,1,5,2
526,526,923,2,54,METROPOLITANA,1,4,2,2,0.0,9,5,17,5,1.0,1.0,0,5,2,3,11,1
527,527,925,2,35,ÑUBLE,1,4,4,2,0.0,2,4,15,4,1.0,2.0,5,5,1,1,6,1
530,530,929,2,36,ÑUBLE,1,4,6,2,0.0,1,10,15,5,2.0,2.0,0,0,1,1,26,2
531,531,930,2,25,MAULE,1,4,4,2,0.0,2,8,10,3,2.0,2.0,8,3,2,2,6,2
532,532,931,2,32,MAULE,1,4,6,2,0.0,9,88,15,4,2.0,2.0,5,5,2,1,6,2
533,533,932,2,33,ARAUCANÍA,1,3,9,2,0.0,9,7,15,5,2.0,2.0,5,5,3,2,17,3
534,534,933,2,76,COQUIMBO,1,1,8,2,0.0,1,3,15,3,1.0,1.0,0,5,3,1,1,1
535,535,937,2,58,BIOBÍO,1,3,1,2,0.0,1,99,15,3,2.0,2.0,4,4,2,2,3,2
536,536,938,2,52,BIOBÍO,1,3,8,1,5.0,99,7,15,4,2.0,2.0,5,5,2,2,3,2
537,537,941,2,50,MAULE,1,4,1,2,0.0,2,5,15,5,2.0,2.0,6,3,1,2,3,2
538,538,942,2,21,METROPOLITANA,1,2,4,2,0.0,11,3,3,1,1.0,1.0,4,6,3,1,1,1
539,539,943,1,66,METROPOLITANA,1,2,7,2,0.0,9,1,15,1,1.0,1.0,0,6,3,1,2,1
540,540,944,1,55,METROPOLITANA,1,1,8,2,0.0,1,4,15,1,1.0,1.0,4,6,3,1,13,1
541,541,945,1,24,METROPOLITANA,1,3,4,2,0.0,9,4,15,4,1.0,1.0,0,0,3,2,3,1
543,543,947,2,28,METROPOLITANA,1,2,8,2,0.0,9,4,15,2,1.0,1.0,3,6,3,1,3,1
545,545,950,2,42,BIOBÍO,1,3,4,2,0.0,99,99,15,4,1.0,1.0,6,3,3,1,1,3
547,547,953,2,57,BIOBÍO,1,3,4,2,0.0,99,5,15,2,2.0,1.0,5,5,3,2,3,1
549,549,955,1,71,METROPOLITANA,1,3,6,2,0.0,1,5,15,4,1.0,1.0,6,5,3,1,3,1
550,550,956,1,41,METROPOLITANA,1,1,8,2,0.0,8,5,15,3,2.0,2.0,0,0,2,2,9,2
551,551,957,1,65,ARICA Y PARINACOTA,1,4,1,2,0.0,1,5,14,1,1.0,2.0,5,5,1,1,13,2
553,553,960,2,81,BIOBÍO,1,4,1,2,0.0,2,99,15,5,1.0,1.0,7,7,1,3,3,1
555,555,967,2,31,COQUIMBO,2,3,6,2,0.0,1,5,5,3,1.0,2.0,5,5,3,1,9,2
556,556,968,2,60,COQUIMBO,2,3,1,2,0.0,1,99,15,5,1.0,2.0,7,8,3,3,10,2
557,557,969,2,29,BIOBÍO,1,3,8,2,0.0,99,3,15,2,1.0,1.0,0,9,3,1,1,1
558,558,971,2,81,VALPARAÍSO,1,4,1,2,0.0,1,88,15,5,1.0,3.0,5,5,2,3,7,8
559,559,972,1,70,VALPARAÍSO,1,3,4,2,0.0,9,3,15,3,1.0,1.0,5,5,3,1,3,1
562,562,976,2,55,METROPOLITANA,1,2,8,2,0.0,1,1,15,3,1.0,1.0,0,5,2,1,27,1
563,563,977,1,32,METROPOLITANA,1,2,6,2,0.0,9,5,15,3,1.0,2.0,2,2,2,3,3,2
565,565,979,2,34,METROPOLITANA,1,3,10,2,0.0,9,1,3,3,1.0,1.0,5,5,3,1,3,1
566,566,980,2,52,BIOBÍO,1,2,7,2,0.0,9,5,15,5,1.0,1.0,4,7,3,1,7,1
567,567,982,2,47,COQUIMBO,1,2,4,2,0.0,1,3,1,4,1.0,1.0,0,5,1,3,10,3
568,568,984,1,44,METROPOLITANA,1,2,8,2,0.0,1,10,18,1,2.0,2.0,6,0,3,2,3,2
569,569,985,2,32,METROPOLITANA,1,4,4,2,0.0,9,99,15,2,1.0,2.0,99,99,3,2,9,1
570,570,987,2,51,METROPOLITANA,1,4,3,2,0.0,9,1,3,3,1.0,1.0,0,10,2,1,2,1
572,572,989,2,27,METROPOLITANA,1,3,4,2,0.0,1,6,13,3,2.0,2.0,5,5,3,2,1,2
573,573,993,1,56,METROPOLITANA,1,3,6,2,0.0,1,4,15,2,1.0,1.0,0,2,3,1,27,1
574,574,994,2,35,METROPOLITANA,1,3,2,2,0.0,2,99,15,5,3.0,2.0,1,2,1,3,3,2
575,575,997,1,72,METROPOLITANA,1,4,2,8,0.0,2,1,15,5,2.0,2.0,0,0,1,9,17,2
576,576,998,1,64,METROPOLITANA,1,4,1,2,0.0,9,8,15,5,2.0,2.0,5,0,1,3,9,2
578,578,1000,1,35,METROPOLITANA,1,3,7,2,0.0,1,1,9,1,1.0,1.0,0,8,3,1,5,1
581,581,1004,2,47,LIBERTADOR BERNARDO OHIGGINS,1,3,8,2,0.0,1,1,15,1,1.0,1.0,0,8,3,1,2,1
582,582,1006,2,25,METROPOLITANA,1,3,8,2,0.0,1,5,15,4,1.0,1.0,4,5,3,1,10,1
583,583,1008,2,47,LIBERTADOR BERNARDO OHIGGINS,1,3,5,2,0.0,2,5,15,4,2.0,2.0,5,5,1,2,10,2
584,584,1009,2,33,METROPOLITANA,1,4,4,2,0.0,1,5,15,4,1.0,2.0,5,5,2,3,3,3
585,585,1010,2,52,METROPOLITANA,1,4,2,2,0.0,1,10,15,5,2.0,2.0,5,5,3,3,2,2
587,587,1014,2,62,COQUIMBO,1,2,1,2,0.0,9,1,15,5,1.0,1.0,5,5,3,1,5,1
588,588,1016,2,49,COQUIMBO,1,2,4,2,0.0,1,5,15,5,2.0,2.0,99,99,3,2,3,2
590,590,1023,2,33,VALPARAÍSO,1,3,9,2,0.0,99,3,3,1,1.0,1.0,3,4,3,1,4,1
591,591,1024,1,43,VALPARAÍSO,1,3,3,2,0.0,1,5,15,5,1.0,2.0,0,3,3,2,1,2
593,593,1026,1,57,VALPARAÍSO,1,3,8,2,0.0,1,88,15,2,1.0,2.0,10,10,2,3,1,2
594,594,1031,2,64,METROPOLITANA,1,2,4,2,0.0,1,5,15,5,1.0,2.0,5,5,3,1,3,2
595,595,1032,1,64,METROPOLITANA,1,2,6,2,0.0,1,10,15,3,2.0,2.0,8,2,2,1,3,2
597,597,1034,2,65,METROPOLITANA,1,3,6,2,0.0,1,5,15,3,1.0,1.0,0,7,3,1,3,2
598,598,1035,1,35,METROPOLITANA,1,3,8,2,0.0,2,6,15,3,2.0,2.0,5,3,2,1,3,2
602,602,1039,1,73,MAGALLANES,1,3,1,2,0.0,1,7,15,5,2.0,1.0,5,5,2,3,1,1
603,603,1041,1,56,MAGALLANES,1,2,4,2,0.0,1,5,18,4,2.0,2.0,5,1,1,3,1,2
604,604,1043,2,21,METROPOLITANA,1,4,4,1,5.0,9,4,17,3,1.0,1.0,0,5,3,1,2,1
605,605,1045,2,65,METROPOLITANA,2,4,3,2,0.0,1,5,15,5,2.0,2.0,5,4,2,3,3,2
606,606,1046,2,30,METROPOLITANA,2,3,4,1,5.0,1,5,15,5,2.0,2.0,5,5,3,1,3,2
607,607,1047,2,82,METROPOLITANA,1,2,10,2,0.0,10,7,1,4,2.0,2.0,8,2,3,1,3,2
609,609,1051,2,32,VALPARAÍSO,1,3,7,2,0.0,1,5,3,4,1.0,1.0,2,6,3,1,3,1
610,610,1053,2,44,METROPOLITANA,1,3,8,1,5.0,1,1,3,1,1.0,1.0,0,10,3,1,3,1
611,611,1054,2,55,METROPOLITANA,1,4,2,2,0.0,1,99,15,5,1.0,2.0,5,5,3,1,3,3
612,612,1056,2,26,METROPOLITANA,1,4,8,2,0.0,9,7,15,4,1.0,2.0,7,3,3,1,2,2
613,613,1057,2,25,COQUIMBO,1,1,5,2,0.0,9,1,15,5,1.0,1.0,0,10,3,3,1,1
614,614,1059,2,49,METROPOLITANA,1,4,3,2,0.0,2,88,15,5,2.0,2.0,5,5,2,1,3,2
615,615,1061,1,20,ARICA Y PARINACOTA,1,4,5,2,0.0,1,5,15,4,1.0,1.0,5,5,2,1,7,2
616,616,1063,2,39,METROPOLITANA,1,3,3,2,0.0,1,88,15,3,1.0,2.0,88,88,1,1,2,2
620,620,1068,2,74,VALPARAÍSO,1,4,1,2,0.0,5,88,15,3,2.0,2.0,88,88,1,3,17,3
621,621,1069,2,47,VALPARAÍSO,1,3,4,2,0.0,1,99,15,5,2.0,2.0,6,2,1,2,3,2
622,622,1072,2,33,VALPARAÍSO,1,4,1,2,0.0,9,88,15,5,1.0,2.0,5,7,3,3,5,2
623,623,1074,1,44,COQUIMBO,1,2,5,2,0.0,8,3,9,1,1.0,1.0,5,5,2,1,3,3
624,624,1075,2,64,ARAUCANÍA,1,4,3,2,0.0,5,5,15,3,1.0,1.0,5,5,2,1,2,3
625,625,1076,2,58,MAULE,1,4,4,2,0.0,1,1,17,5,2.0,2.0,3,2,2,1,5,2
626,626,1079,2,47,METROPOLITANA,1,4,4,2,0.0,2,3,9,2,1.0,1.0,0,9,3,1,9,1
627,627,1082,2,55,BIOBÍO,2,4,2,1,5.0,2,7,15,5,2.0,2.0,8,8,1,1,3,2
628,628,1084,2,50,BIOBÍO,2,3,3,1,5.0,9,2,9,5,1.0,1.0,4,7,2,1,3,1
629,629,1085,1,42,BIOBÍO,2,3,4,2,0.0,1,9,10,4,2.0,2.0,5,5,1,2,3,2
631,631,1089,2,39,MAULE,1,4,4,1,5.0,2,1,9,4,1.0,1.0,5,7,3,1,1,1
633,633,1094,2,73,COQUIMBO,1,4,1,2,0.0,1,10,15,5,3.0,3.0,5,5,2,2,10,2
634,634,1095,2,23,ANTOFAGASTA,1,4,4,2,0.0,1,6,15,4,3.0,3.0,5,3,1,1,10,2
636,636,1098,2,23,ANTOFAGASTA,1,4,4,2,0.0,1,6,15,4,1.0,3.0,5,5,1,2,1,2
637,637,1099,1,56,METROPOLITANA,1,3,6,2,0.0,1,7,17,4,2.0,2.0,5,0,2,2,3,2
638,638,1100,2,44,LOS LAGOS,2,3,8,2,0.0,2,4,3,4,1.0,1.0,2,5,2,3,10,1
640,640,1103,1,55,LOS LAGOS,2,4,2,1,5.0,2,1,1,5,3.0,2.0,0,0,2,1,16,2
641,641,1104,2,48,LOS LAGOS,2,4,1,2,0.0,2,6,9,5,2.0,2.0,7,0,1,2,3,2
642,642,1105,1,40,METROPOLITANA,1,3,4,2,0.0,1,5,15,5,1.0,2.0,99,99,2,2,3,2
643,643,1106,1,34,METROPOLITANA,1,3,4,2,0.0,2,10,15,5,2.0,2.0,0,5,1,3,11,2
644,644,1109,2,33,METROPOLITANA,1,2,8,1,888.0,9,5,9,1,1.0,1.0,0,5,3,1,2,1
645,645,1111,2,73,METROPOLITANA,1,3,1,2,0.0,1,10,15,4,1.0,2.0,5,5,3,3,3,2
646,646,1112,2,35,METROPOLITANA,1,3,3,2,0.0,9,5,15,4,1.0,1.0,0,5,2,3,9,1
647,647,1113,2,32,METROPOLITANA,1,3,6,2,0.0,9,88,15,3,1.0,1.0,5,5,2,1,5,1
652,652,1122,1,39,BIOBÍO,1,3,4,2,0.0,9,5,15,4,1.0,1.0,0,88,3,3,3,1
653,653,1124,2,31,BIOBÍO,1,3,7,2,0.0,2,99,15,4,1.0,1.0,88,88,1,2,10,2
654,654,1125,2,52,BIOBÍO,1,3,6,2,0.0,1,1,15,4,1.0,1.0,5,5,2,1,3,1
655,655,1127,1,73,BIOBÍO,1,3,6,2,0.0,9,5,1,2,1.0,1.0,0,5,2,1,1,2
658,658,1132,1,70,METROPOLITANA,1,2,6,2,0.0,9,5,15,5,1.0,1.0,5,5,2,1,11,3
659,659,1135,2,64,METROPOLITANA,1,2,4,2,0.0,1,5,15,5,3.0,3.0,5,5,3,3,3,3
661,661,1137,1,27,ARICA Y PARINACOTA,1,2,7,1,3.0,8,99,15,5,1.0,1.0,3,3,3,1,2,2
662,662,1139,2,76,METROPOLITANA,1,3,8,2,0.0,1,2,9,3,1.0,1.0,5,9,3,1,3,1
663,663,1140,2,30,METROPOLITANA,1,3,6,2,0.0,1,3,15,5,1.0,1.0,2,8,2,3,3,2
665,665,1147,2,19,ARICA Y PARINACOTA,1,3,3,2,0.0,1,99,5,3,1.0,2.0,5,5,3,1,5,1
666,666,1149,2,57,BIOBÍO,1,3,3,1,5.0,8,1,3,2,1.0,1.0,2,2,3,1,3,3
667,667,1153,2,28,TARAPACÁ,1,3,4,2,0.0,9,3,15,3,1.0,1.0,0,3,3,1,10,1
668,668,1154,2,27,TARAPACÁ,1,2,6,1,3.0,9,5,15,3,2.0,2.0,4,4,3,1,3,2
669,669,1155,2,52,METROPOLITANA,1,3,4,2,0.0,1,6,10,4,2.0,2.0,5,5,3,2,1,2
670,670,1160,2,40,METROPOLITANA,1,2,10,2,0.0,9,1,3,1,1.0,1.0,0,9,3,1,16,1
671,671,1161,1,33,VALPARAÍSO,1,4,3,2,0.0,10,99,15,5,1.0,1.0,99,99,1,1,11,1
672,672,1163,1,22,VALPARAÍSO,1,4,7,2,0.0,1,99,15,5,1.0,1.0,0,0,2,3,2,2
673,673,1167,1,74,COQUIMBO,2,4,1,2,0.0,1,10,10,3,2.0,2.0,9,0,2,1,2,2
675,675,1173,2,67,BIOBÍO,1,3,4,2,0.0,2,99,15,5,3.0,3.0,88,88,1,3,5,9
676,676,1174,2,67,MAULE,1,3,2,2,0.0,2,8,10,5,2.0,2.0,5,2,1,2,6,2
677,677,1175,2,64,METROPOLITANA,1,3,2,2,0.0,2,88,15,5,1.0,1.0,5,5,1,3,3,2
678,678,1177,2,26,METROPOLITANA,1,3,6,2,0.0,9,4,15,3,1.0,1.0,2,5,3,1,5,1
679,679,1179,2,42,METROPOLITANA,1,3,2,2,0.0,9,88,15,4,3.0,2.0,5,5,3,3,5,2
680,680,1183,2,60,BIOBÍO,1,3,4,2,0.0,2,99,15,3,1.0,1.0,5,5,2,3,3,2
681,681,1184,1,70,BIOBÍO,1,3,6,2,0.0,9,3,15,2,1.0,1.0,4,6,2,1,9,1
682,682,1185,1,23,METROPOLITANA,1,3,7,2,0.0,9,5,15,5,1.0,1.0,5,5,3,1,3,1
683,683,1190,2,35,BIOBÍO,1,3,4,1,5.0,2,10,15,5,2.0,2.0,10,0,2,1,7,2
684,684,1191,1,27,VALPARAÍSO,1,2,7,2,0.0,8,5,15,3,1.0,1.0,2,3,3,1,5,1
685,685,1193,1,56,ARICA Y PARINACOTA,1,3,3,1,3.0,1,10,13,3,2.0,2.0,5,0,2,1,27,2
686,686,1194,2,70,VALPARAÍSO,1,2,6,2,0.0,10,3,88,2,1.0,1.0,2,7,3,1,16,1
687,687,1195,2,44,METROPOLITANA,1,2,8,2,0.0,9,3,16,1,1.0,1.0,4,8,3,1,5,1
688,688,1198,2,28,METROPOLITANA,1,2,8,2,0.0,1,6,15,4,1.0,1.0,5,5,3,1,17,2
689,689,1200,2,68,VALPARAÍSO,1,2,7,2,0.0,1,6,1,4,1.0,2.0,5,0,3,1,1,1
690,690,1203,1,40,ANTOFAGASTA,1,4,4,2,0.0,9,5,15,3,1.0,1.0,9,9,3,1,13,1
691,691,1205,1,19,BIOBÍO,1,2,4,2,0.0,9,99,15,4,1.0,2.0,88,88,2,3,17,3
692,692,1206,2,29,BIOBÍO,1,2,6,2,0.0,1,99,15,5,1.0,1.0,88,88,2,1,16,1
693,693,1207,1,36,ANTOFAGASTA,1,4,4,2,0.0,1,5,15,2,1.0,1.0,5,5,2,2,2,1
694,694,1208,1,46,ANTOFAGASTA,1,4,4,2,0.0,9,5,15,3,1.0,1.0,5,5,3,1,1,1
695,695,1209,2,53,METROPOLITANA,1,3,4,2,0.0,1,99,88,5,1.0,1.0,99,99,3,8,10,1
696,696,1213,2,48,COQUIMBO,1,3,4,2,0.0,1,88,15,5,3.0,1.0,88,88,3,1,2,2
697,697,1214,1,57,METROPOLITANA,1,3,4,2,0.0,1,5,15,5,2.0,2.0,7,0,2,2,26,2
698,698,1215,2,63,LOS LAGOS,1,3,3,2,0.0,1,5,9,5,1.0,2.0,0,5,2,2,9,2
700,700,1220,1,56,METROPOLITANA,1,3,3,2,0.0,1,88,15,3,3.0,2.0,0,0,2,1,10,2
701,701,1221,1,24,METROPOLITANA,1,2,7,2,0.0,1,5,15,5,2.0,2.0,0,0,3,1,10,2
702,702,1223,2,82,VALPARAÍSO,1,4,2,2,0.0,2,5,15,5,1.0,1.0,0,5,1,1,1,1
703,703,1225,2,40,VALPARAÍSO,1,4,7,1,5.0,9,4,21,2,1.0,1.0,5,5,3,1,10,1
704,704,1226,2,35,METROPOLITANA,1,2,6,2,0.0,9,7,15,5,2.0,2.0,5,5,2,2,11,2
705,705,1228,1,67,LIBERTADOR BERNARDO OHIGGINS,1,2,5,2,0.0,9,10,18,5,2.0,2.0,5,0,2,1,3,2
706,706,1233,2,59,MAULE,1,3,4,2,0.0,1,5,5,5,3.0,2.0,5,0,1,3,3,2
707,707,1234,1,20,VALPARAÍSO,1,2,7,2,0.0,1,5,15,3,1.0,2.0,5,5,3,1,3,2
708,708,1235,2,51,VALPARAÍSO,1,2,7,2,0.0,1,7,10,4,3.0,2.0,5,5,2,1,3,2
710,710,1239,2,54,VALPARAÍSO,1,2,4,1,5.0,1,99,15,5,1.0,2.0,5,5,1,3,3,2
711,711,1240,1,71,ATACAMA,1,3,7,2,0.0,9,88,15,5,2.0,1.0,5,5,3,3,3,2
712,712,1243,2,37,ATACAMA,1,2,4,1,4.0,2,5,15,5,2.0,2.0,5,5,2,1,14,2
713,713,1244,2,31,ATACAMA,1,3,4,2,0.0,1,5,15,3,2.0,2.0,5,5,2,1,7,2
714,714,1245,2,37,ATACAMA,1,3,4,1,4.0,9,5,15,5,2.0,1.0,5,5,3,3,9,2
715,715,1246,1,53,ATACAMA,1,4,2,1,10.0,9,99,15,5,1.0,2.0,0,0,2,9,1,2
717,717,1250,2,56,VALPARAÍSO,1,3,3,2,0.0,1,5,15,1,1.0,1.0,5,5,3,1,10,3
718,718,1255,1,40,COQUIMBO,1,3,4,2,0.0,9,8,10,3,2.0,2.0,10,5,1,2,13,2
719,719,1256,2,37,METROPOLITANA,1,1,7,2,0.0,9,5,15,5,1.0,1.0,4,4,3,1,3,1
720,720,1257,2,28,METROPOLITANA,1,1,7,2,0.0,2,8,15,3,2.0,2.0,6,5,2,2,10,3
721,721,1260,1,47,METROPOLITANA,1,3,4,2,0.0,9,4,88,3,1.0,1.0,0,5,2,1,6,2
722,722,1261,1,50,METROPOLITANA,1,1,8,2,0.0,1,8,15,1,2.0,2.0,5,5,2,1,3,2
723,723,1262,2,24,METROPOLITANA,1,2,8,2,0.0,1,4,88,3,1.0,1.0,5,5,3,1,3,1
724,724,1266,2,44,METROPOLITANA,1,2,8,2,0.0,9,3,15,2,1.0,1.0,3,8,3,1,9,1
726,726,1269,1,34,BIOBÍO,1,3,4,2,0.0,9,5,9,1,1.0,1.0,5,5,2,1,7,3
728,728,1275,2,35,METROPOLITANA,1,2,6,2,0.0,1,1,3,2,1.0,1.0,0,9,3,1,16,1
729,729,1276,2,55,METROPOLITANA,1,2,4,2,0.0,1,99,15,5,2.0,2.0,5,5,2,1,3,2
731,731,1280,2,60,METROPOLITANA,1,3,4,2,0.0,1,88,15,5,2.0,2.0,88,88,2,2,26,2
732,732,1282,2,69,METROPOLITANA,1,3,5,2,0.0,2,10,10,3,2.0,2.0,10,0,1,1,3,2
733,733,1287,1,37,VALPARAÍSO,1,2,4,2,0.0,1,5,15,5,2.0,2.0,5,5,2,2,14,2
734,734,1288,2,48,VALPARAÍSO,1,3,3,2,0.0,1,6,15,4,1.0,1.0,5,5,2,1,2,1
735,735,1293,1,37,MAULE,1,4,4,2,0.0,1,5,15,5,1.0,1.0,5,5,1,3,3,2
736,736,1294,2,51,METROPOLITANA,1,3,7,2,0.0,9,4,15,5,1.0,1.0,5,5,3,1,1,2
737,737,1295,1,25,METROPOLITANA,1,1,8,2,0.0,1,88,15,5,1.0,1.0,99,99,2,1,17,3
738,738,1299,2,67,LIBERTADOR BERNARDO OHIGGINS,1,3,3,2,0.0,2,8,15,3,2.0,2.0,5,5,3,3,14,2
739,739,1301,2,56,METROPOLITANA,1,3,3,2,0.0,1,88,15,5,1.0,1.0,0,5,3,3,3,2
740,740,1302,1,38,METROPOLITANA,1,3,6,2,0.0,2,88,15,5,2.0,2.0,5,5,3,3,1,2
742,742,1309,1,32,TARAPACÁ,1,3,4,2,0.0,1,5,15,3,1.0,1.0,5,5,1,1,3,2
743,743,1310,1,24,LIBERTADOR BERNARDO OHIGGINS,1,2,3,2,0.0,9,5,18,4,1.0,1.0,5,3,3,2,3,1
744,744,1311,1,64,METROPOLITANA,1,3,1,2,0.0,1,88,15,5,2.0,2.0,5,0,2,1,3,2
745,745,1312,2,36,METROPOLITANA,1,2,6,2,0.0,9,5,15,1,1.0,1.0,4,5,3,1,9,1
747,747,1314,2,43,METROPOLITANA,1,1,8,2,0.0,1,3,15,2,2.0,2.0,5,5,2,1,3,1
748,748,1315,2,55,METROPOLITANA,1,2,4,2,0.0,2,99,15,4,1.0,1.0,5,5,2,1,9,1
749,749,1316,2,34,METROPOLITANA,1,2,8,2,0.0,1,3,15,2,1.0,1.0,5,5,3,1,3,1
750,750,1317,1,65,VALPARAÍSO,1,4,3,2,0.0,1,4,15,4,1.0,1.0,0,5,2,3,6,1
751,751,1320,1,63,BIOBÍO,1,3,1,2,0.0,99,5,15,5,2.0,2.0,5,0,2,1,3,1
752,752,1324,1,19,METROPOLITANA,1,3,4,2,0.0,2,6,15,1,2.0,2.0,6,5,2,1,3,2
753,753,1326,2,75,VALPARAÍSO,1,3,6,2,0.0,11,88,15,4,1.0,1.0,4,6,2,1,3,2
754,754,1327,2,68,METROPOLITANA,1,4,1,2,0.0,9,5,15,5,1.0,1.0,0,5,1,1,1,1
755,755,1328,2,59,METROPOLITANA,1,4,2,2,0.0,1,99,15,5,3.0,2.0,5,5,2,9,3,2
756,756,1330,2,30,BIOBÍO,1,2,8,2,0.0,99,5,15,3,2.0,1.0,5,5,3,1,8,2
757,757,1338,2,65,METROPOLITANA,1,3,2,2,0.0,9,88,15,4,3.0,2.0,5,5,2,3,3,3
759,759,1341,1,58,METROPOLITANA,1,1,8,2,0.0,11,3,15,1,1.0,1.0,0,10,2,1,2,1
760,760,1343,2,40,METROPOLITANA,1,1,8,2,0.0,2,5,15,5,2.0,2.0,0,0,1,3,3,2
761,761,1344,1,80,METROPOLITANA,1,2,3,2,0.0,1,10,15,3,2.0,2.0,10,5,3,1,5,2
762,762,1345,1,19,METROPOLITANA,1,2,4,1,5.0,2,1,15,1,1.0,1.0,0,10,3,1,27,1
763,763,1346,2,65,METROPOLITANA,1,2,4,2,0.0,1,5,15,4,2.0,2.0,3,2,3,1,10,2
764,764,1347,2,26,METROPOLITANA,1,2,10,2,0.0,2,4,15,2,1.0,2.0,5,5,3,1,1,3
765,765,1348,1,40,METROPOLITANA,2,4,2,2,0.0,9,8,15,5,2.0,2.0,5,3,3,1,9,2
767,767,1350,1,52,METROPOLITANA,2,4,3,2,0.0,1,5,15,4,1.0,1.0,3,8,2,1,3,1
768,768,1353,1,48,METROPOLITANA,1,1,8,2,0.0,9,5,18,3,2.0,2.0,5,5,2,2,3,2
769,769,1356,2,76,BIOBÍO,1,3,3,2,0.0,1,99,15,5,1.0,2.0,88,88,2,3,3,2
770,770,1358,1,31,COQUIMBO,1,3,6,2,0.0,1,5,15,3,1.0,1.0,5,5,3,1,9,1
772,772,1360,2,65,BIOBÍO,1,3,4,2,0.0,99,99,15,5,2.0,2.0,0,0,2,2,3,2
773,773,1361,2,71,METROPOLITANA,1,1,8,2,0.0,1,5,15,2,3.0,2.0,5,5,2,1,3,2
774,774,1362,1,57,METROPOLITANA,1,3,2,1,5.0,9,4,5,4,1.0,1.0,0,5,2,1,9,1
776,776,1365,1,20,BIOBÍO,1,3,3,2,0.0,99,7,15,4,1.0,1.0,5,5,3,2,5,1
777,777,1366,1,48,METROPOLITANA,1,1,7,2,0.0,10,3,9,1,1.0,1.0,5,8,3,1,7,1
779,779,1368,2,60,METROPOLITANA,1,2,8,2,0.0,1,5,1,3,1.0,1.0,5,5,2,1,10,1
781,781,1372,1,27,METROPOLITANA,1,2,8,2,0.0,1,99,9,3,1.0,1.0,5,5,3,1,3,1
782,782,1373,1,50,METROPOLITANA,1,3,5,2,0.0,1,6,15,3,2.0,2.0,5,5,2,1,3,2
783,783,1376,2,43,BIOBÍO,1,2,6,2,0.0,1,99,15,4,1.0,2.0,88,88,3,1,3,1
784,784,1377,2,60,BIOBÍO,1,3,2,2,0.0,2,99,15,5,1.0,2.0,88,88,1,3,3,1
785,785,1380,1,60,BIOBÍO,1,2,6,2,0.0,9,99,15,3,2.0,2.0,8,4,1,1,1,2
786,786,1383,2,74,BIOBÍO,1,3,1,2,0.0,2,99,15,5,1.0,1.0,7,6,1,2,1,1
788,788,1389,2,42,BIOBÍO,1,3,5,2,0.0,9,99,15,4,1.0,1.0,6,8,2,1,5,1
789,789,1393,2,22,METROPOLITANA,1,3,4,2,0.0,2,5,1,3,2.0,2.0,5,5,2,1,10,2
791,791,1399,2,67,BIOBÍO,1,2,4,2,0.0,1,99,15,3,2.0,2.0,99,99,2,3,3,2
793,793,1404,1,73,METROPOLITANA,1,3,4,2,0.0,1,5,1,1,1.0,2.0,99,10,3,1,1,1
795,795,1408,1,60,METROPOLITANA,1,3,9,2,0.0,1,5,1,2,2.0,2.0,4,3,2,1,3,2
797,797,1411,2,66,METROPOLITANA,1,3,8,2,0.0,1,5,15,5,1.0,1.0,5,5,3,1,14,1
798,798,1412,1,76,METROPOLITANA,1,3,4,2,0.0,1,5,15,5,2.0,2.0,5,3,3,2,1,2
799,799,1413,2,63,METROPOLITANA,1,2,8,2,0.0,1,5,1,3,3.0,2.0,3,3,3,1,1,2
800,800,1416,1,56,METROPOLITANA,1,4,4,2,0.0,1,7,15,5,2.0,2.0,5,4,2,1,3,2
801,801,1417,2,53,VALPARAÍSO,1,2,6,2,0.0,1,6,15,3,2.0,2.0,4,0,2,1,3,2
802,802,1418,2,54,LOS RÍOS,1,3,6,2,0.0,1,5,15,5,1.0,1.0,5,3,3,1,3,1
803,803,1420,2,48,AYSÉN,1,3,3,2,0.0,9,3,9,5,1.0,1.0,0,2,2,2,3,2
804,804,1422,1,33,VALPARAÍSO,1,2,8,2,0.0,9,10,15,4,2.0,2.0,5,5,3,1,3,2
806,806,1425,2,52,METROPOLITANA,1,4,3,1,5.0,9,5,15,5,1.0,1.0,0,0,2,2,12,1
807,807,1426,1,54,METROPOLITANA,1,3,6,2,0.0,1,99,15,5,1.0,2.0,5,5,3,1,1,2
808,808,1429,2,25,VALPARAÍSO,1,3,6,1,5.0,10,5,3,2,1.0,1.0,5,5,2,1,3,1
809,809,1434,2,25,METROPOLITANA,1,1,8,2,0.0,99,6,18,5,2.0,2.0,5,5,2,2,3,2
810,810,1436,2,22,METROPOLITANA,1,4,7,2,0.0,1,99,15,3,1.0,1.0,5,5,3,1,2,1
811,811,1439,1,54,ÑUBLE,1,1,8,2,0.0,1,5,15,5,1.0,1.0,5,5,2,1,3,2
812,812,1440,2,38,ÑUBLE,1,2,6,2,0.0,1,4,15,5,1.0,1.0,3,5,3,2,14,1
