,Unnamed: 0.1,Unnamed: 0,Column1,sexo,edad,nom_region,zona_u_r,gse,esc_nivel_1,info_enc_58,info_enc_30,religion_82,iden_pol_2,iden_pol_3,interes_pol_1_b,elec_pres_144_a,constitucion_20_a,polarizacion_1_a,polarizacion_1_b,religion_14,democracia_21,percepcion_1_a,eval_gob_1,pred
0,0,0,3,2,40,METROPOLITANA,1,3,3,2,0.0,9,8,15,5,2.0,2.0,9,9,2,3,1,2,2
1,2,2,8,2,54,VALPARAÍSO,1,3,6,2,0.0,1,5,15,3,1.0,2.0,5,5,3,3,9,1,1
2,5,5,15,2,39,MAULE,1,2,8,2,0.0,1,10,13,3,2.0,2.0,10,0,2,1,3,2,2
3,6,6,17,1,21,MAULE,1,2,7,2,0.0,1,6,1,3,1.0,1.0,5,5,3,1,9,1,2
4,7,7,18,2,19,METROPOLITANA,1,2,4,2,0.0,9,6,15,4,1.0,1.0,1,6,3,1,1,1,1
5,8,8,21,2,36,METROPOLITANA,1,1,8,2,0.0,9,5,15,3,1.0,1.0,0,0,2,1,14,3,1
6,9,9,22,1,34,METROPOLITANA,1,2,4,2,0.0,9,5,15,3,3.0,2.0,5,5,2,2,3,2,1
7,10,10,31,2,42,METROPOLITANA,1,3,3,2,0.0,9,3,9,2,1.0,1.0,2,7,3,1,27,1,1
8,12,12,34,1,21,METROPOLITANA,1,4,3,2,0.0,10,5,17,4,1.0,2.0,5,5,2,1,9,1,1
9,13,13,36,2,35,VALPARAÍSO,1,4,7,1,5.0,11,5,15,3,1.0,1.0,0,5,3,1,26,1,1
10,15,15,39,1,51,METROPOLITANA,1,2,5,2,0.0,1,4,5,3,1.0,2.0,3,5,2,1,1,2,1
11,16,16,41,2,47,METROPOLITANA,1,2,5,1,5.0,1,5,15,5,1.0,2.0,5,0,2,1,1,3,1
12,17,17,43,1,66,METROPOLITANA,1,3,4,2,0.0,1,88,15,3,3.0,2.0,5,0,3,3,3,2,1
13,18,18,44,1,79,METROPOLITANA,1,3,2,2,0.0,9,6,9,3,1.0,1.0,0,0,2,1,1,1,1
14,20,20,47,2,24,METROPOLITANA,1,3,4,2,0.0,9,5,15,3,1.0,1.0,4,5,3,2,1,1,1
15,21,21,48,2,28,VALPARAÍSO,1,4,6,2,0.0,1,5,15,3,1.0,1.0,5,5,2,2,9,3,1
16,22,22,53,2,60,LIBERTADOR BERNARDO OHIGGINS,1,4,2,8,0.0,1,10,1,5,2.0,1.0,0,0,2,1,1,2,2
17,23,23,55,1,23,LIBERTADOR BERNARDO OHIGGINS,1,3,7,1,5.0,9,3,15,4,1.0,1.0,1,2,3,9,1,2,1
18,24,24,56,2,60,LIBERTADOR BERNARDO OHIGGINS,1,3,2,2,0.0,3,88,15,5,3.0,3.0,88,88,1,3,9,3,3
19,25,25,58,2,28,LIBERTADOR BERNARDO OHIGGINS,1,4,4,2,0.0,1,10,15,5,2.0,2.0,10,0,1,3,3,2,2
20,26,26,60,1,57,METROPOLITANA,1,3,6,2,0.0,1,5,21,4,2.0,2.0,5,0,3,1,3,2,1
21,27,27,64,2,52,METROPOLITANA,1,2,6,2,0.0,4,10,15,2,1.0,2.0,5,5,2,2,26,2,2
22,29,29,68,1,25,BIOBÍO,1,3,8,2,0.0,2,5,15,3,3.0,1.0,5,5,2,1,4,1,1
23,30,30,70,1,46,MAULE,1,4,4,2,0.0,2,5,17,1,2.0,2.0,0,0,2,2,3,2,1
24,31,31,71,1,55,METROPOLITANA,1,3,8,2,0.0,2,7,15,2,2.0,2.0,7,3,2,1,9,2,2
25,32,32,72,2,33,METROPOLITANA,1,3,6,1,5.0,9,4,15,5,3.0,1.0,5,5,2,2,12,2,1
26,33,33,74,1,28,METROPOLITANA,1,3,4,2,0.0,1,99,19,5,1.0,1.0,0,0,2,1,27,2,1
27,34,34,75,1,52,METROPOLITANA,1,3,2,2,0.0,2,88,15,5,1.0,2.0,5,5,1,1,5,2,3
28,35,35,76,2,57,METROPOLITANA,1,2,4,2,0.0,1,88,15,3,1.0,1.0,5,5,3,2,1,3,1
29,36,36,79,1,69,METROPOLITANA,1,3,3,2,0.0,1,10,15,1,2.0,2.0,6,0,1,2,1,2,2
30,37,37,84,1,68,COQUIMBO,1,3,9,2,0.0,1,5,5,2,2.0,2.0,5,2,2,1,14,2,1
31,38,38,90,2,42,LOS LAGOS,1,4,2,1,5.0,1,5,15,5,1.0,2.0,88,88,2,3,1,2,1
32,39,39,94,1,80,METROPOLITANA,1,3,1,2,0.0,1,5,15,5,1.0,1.0,5,5,1,1,3,1,1
33,41,41,96,1,30,VALPARAÍSO,1,3,4,2,0.0,9,5,15,2,1.0,2.0,0,0,2,3,2,2,1
34,42,42,99,2,48,ARAUCANÍA,2,4,1,2,0.0,2,10,15,4,2.0,2.0,10,10,1,3,6,1,2
35,43,43,101,2,28,METROPOLITANA,1,3,8,2,0.0,1,10,13,3,2.0,2.0,10,5,3,1,3,2,2
36,46,46,107,2,52,METROPOLITANA,1,2,8,2,0.0,1,1,3,4,1.0,1.0,0,10,3,1,7,1,1
37,47,47,108,1,25,METROPOLITANA,1,2,8,2,0.0,9,3,21,3,1.0,1.0,4,5,3,1,8,3,1
38,48,48,109,2,31,ARAUCANÍA,1,4,4,2,0.0,2,10,1,4,1.0,2.0,6,5,1,3,3,2,2
39,50,50,111,2,38,ARAUCANÍA,1,4,4,2,0.0,9,10,15,5,2.0,2.0,5,5,3,3,1,2,2
40,51,51,113,1,81,METROPOLITANA,1,2,4,2,0.0,1,5,15,4,1.0,1.0,0,0,3,1,3,1,1
41,52,52,114,2,84,METROPOLITANA,1,2,3,2,0.0,1,10,10,3,2.0,2.0,8,0,2,1,3,2,2
42,53,53,116,1,25,METROPOLITANA,1,2,6,2,0.0,2,5,15,5,1.0,3.0,2,5,2,1,11,3,1
43,54,54,117,2,37,METROPOLITANA,1,4,4,2,0.0,1,5,17,5,2.0,2.0,5,5,1,1,10,2,1
44,55,55,123,2,44,ARAUCANÍA,1,3,7,2,0.0,1,7,15,4,2.0,2.0,5,5,2,1,3,2,2
45,56,56,124,2,65,ARAUCANÍA,1,3,2,2,0.0,2,7,2,5,2.0,2.0,88,88,2,3,3,2,2
46,58,58,129,2,27,LOS LAGOS,1,2,5,2,0.0,1,6,88,2,1.0,1.0,5,5,3,1,11,2,2
47,59,59,130,1,56,METROPOLITANA,1,2,5,2,0.0,1,7,18,2,2.0,2.0,5,5,3,1,3,2,2
48,60,60,132,2,38,ÑUBLE,1,3,5,2,0.0,9,5,15,3,2.0,2.0,5,5,1,1,2,2,1
49,61,61,133,2,66,ÑUBLE,1,3,4,2,0.0,1,5,15,5,1.0,1.0,5,5,2,3,26,1,1
50,62,62,135,1,32,METROPOLITANA,1,2,8,2,0.0,9,1,11,2,1.0,1.0,0,7,3,1,3,1,1
51,64,64,138,2,33,METROPOLITANA,1,3,4,2,0.0,9,88,15,4,2.0,2.0,88,88,3,1,11,2,1
52,67,67,142,1,51,METROPOLITANA,1,2,8,2,0.0,1,8,15,4,2.0,2.0,5,5,2,2,3,2,2
53,68,68,143,1,39,METROPOLITANA,1,1,8,1,5.0,9,3,3,2,1.0,1.0,5,5,3,1,16,1,1
54,69,69,148,1,65,METROPOLITANA,1,2,8,2,0.0,1,7,15,3,2.0,2.0,8,0,2,2,3,2,2
55,70,70,149,1,65,ARAUCANÍA,1,3,4,2,0.0,99,5,15,5,2.0,2.0,0,0,2,2,1,2,1
56,71,71,152,2,64,ÑUBLE,1,4,4,2,0.0,1,10,10,5,2.0,2.0,5,99,1,3,3,2,2
57,72,72,153,1,46,ÑUBLE,1,3,4,2,0.0,1,5,15,3,2.0,2.0,5,0,3,3,1,2,1
58,73,73,156,2,42,LOS LAGOS,1,2,5,2,0.0,2,1,15,3,2.0,2.0,5,5,1,8,5,2,1
59,74,74,157,2,33,ARAUCANÍA,1,3,6,1,5.0,1,99,15,4,2.0,2.0,5,5,2,2,17,2,1
60,76,76,159,1,63,ARAUCANÍA,1,3,4,2,0.0,1,5,17,5,2.0,2.0,5,5,2,1,3,2,1
61,77,77,160,1,32,VALPARAÍSO,1,2,9,2,0.0,10,3,16,1,1.0,1.0,5,7,3,1,13,1,1
62,80,80,163,2,28,MAULE,1,2,8,2,0.0,9,4,15,3,1.0,1.0,3,5,3,1,16,2,1
63,82,82,166,2,63,METROPOLITANA,1,3,8,2,0.0,1,99,10,2,2.0,2.0,5,1,2,8,3,2,2
64,83,83,168,1,31,ARAUCANÍA,2,3,4,2,0.0,8,88,15,2,1.0,1.0,10,99,2,3,7,1,1
65,84,84,169,2,48,ARAUCANÍA,2,3,4,2,0.0,1,10,15,2,2.0,2.0,10,0,3,3,2,2,2
66,85,85,170,1,69,BIOBÍO,1,3,6,2,0.0,9,6,10,3,2.0,2.0,10,0,1,1,1,2,2
67,87,87,172,1,59,BIOBÍO,1,4,8,2,0.0,9,4,9,5,1.0,1.0,0,4,3,1,16,1,1
68,88,88,173,2,76,BIOBÍO,1,3,2,1,5.0,1,6,1,4,1.0,1.0,5,5,2,1,3,1,2
69,89,89,174,2,58,LIBERTADOR BERNARDO OHIGGINS,1,4,2,2,0.0,1,10,15,4,1.0,2.0,0,5,2,1,5,3,2
70,90,90,177,2,71,LOS LAGOS,1,3,4,2,0.0,1,5,15,5,2.0,2.0,6,3,2,3,9,2,1
71,91,91,179,2,36,LOS LAGOS,1,4,3,1,5.0,1,7,15,5,1.0,2.0,5,5,2,3,9,2,2
72,92,92,181,2,60,LOS LAGOS,1,4,2,2,0.0,2,5,9,5,1.0,2.0,0,5,2,1,9,2,1
73,94,94,183,2,74,BIOBÍO,1,3,2,2,0.0,1,99,15,5,2.0,2.0,5,5,2,1,3,2,1
74,95,95,184,2,63,BIOBÍO,1,3,4,2,0.0,1,3,3,4,1.0,1.0,0,10,2,1,26,1,1
75,96,96,186,2,48,BIOBÍO,1,3,4,2,0.0,1,99,15,5,1.0,2.0,5,5,3,1,5,2,1
76,97,97,187,1,55,METROPOLITANA,1,3,4,2,0.0,1,7,10,2,2.0,2.0,7,1,2,1,1,2,2
77,98,98,188,2,34,METROPOLITANA,1,4,4,2,0.0,9,2,3,1,1.0,1.0,0,9,3,1,9,1,1
78,99,99,191,1,32,METROPOLITANA,1,3,8,2,0.0,1,5,15,3,1.0,1.0,5,5,2,1,3,2,1
79,100,100,192,2,32,METROPOLITANA,1,3,5,2,0.0,8,5,13,4,1.0,1.0,0,0,3,1,16,2,1
80,101,101,193,1,59,METROPOLITANA,1,3,2,2,0.0,1,5,9,4,1.0,1.0,5,5,3,1,16,2,1
81,102,102,194,2,28,METROPOLITANA,1,4,6,2,0.0,2,5,5,1,1.0,2.0,5,5,2,3,3,2,1
82,103,103,197,2,42,METROPOLITANA,1,4,3,2,0.0,1,5,1,4,1.0,2.0,5,5,2,3,3,2,1
83,104,104,198,2,50,VALPARAÍSO,1,2,8,2,0.0,1,5,15,4,1.0,1.0,5,5,3,3,3,1,1
84,105,105,203,2,46,ÑUBLE,2,3,4,2,0.0,9,4,15,4,1.0,1.0,2,6,2,1,2,1,1
85,107,107,208,2,56,ARAUCANÍA,1,3,3,2,0.0,9,3,9,4,1.0,1.0,3,10,3,1,9,2,1
86,108,108,209,2,70,ARAUCANÍA,1,3,1,1,5.0,1,6,15,4,1.0,1.0,88,88,1,3,6,3,2
87,109,109,211,1,68,ARAUCANÍA,1,3,4,1,11.0,1,10,18,2,2.0,2.0,3,0,2,1,14,2,2
88,110,110,212,1,51,ARAUCANÍA,1,4,4,2,0.0,1,10,15,5,2.0,2.0,3,5,2,3,1,2,2
89,111,111,214,2,67,METROPOLITANA,1,3,4,2,0.0,2,88,15,2,1.0,1.0,0,0,2,1,5,1,1
90,113,113,216,1,73,METROPOLITANA,1,3,1,2,0.0,2,88,15,3,1.0,2.0,5,0,1,3,9,1,2
91,114,114,218,1,61,METROPOLITANA,1,4,8,2,0.0,9,88,15,5,3.0,2.0,0,0,3,3,5,2,3
92,116,116,225,1,53,MAULE,2,3,3,2,0.0,1,5,15,4,1.0,2.0,1,1,3,1,1,2,1
93,117,117,226,1,66,MAULE,2,4,2,2,0.0,1,5,10,5,2.0,2.0,5,5,2,1,1,2,1
94,118,118,227,1,31,MAULE,2,4,3,2,0.0,2,10,17,3,2.0,2.0,5,5,2,2,1,2,2
95,120,120,229,1,65,VALPARAÍSO,1,2,8,2,0.0,1,5,15,3,2.0,2.0,5,5,2,3,3,2,1
96,121,121,230,1,65,ANTOFAGASTA,1,4,0,2,0.0,1,9,88,5,1.0,1.0,88,88,2,8,10,1,2
97,122,122,236,1,24,VALPARAÍSO,1,3,5,2,0.0,9,5,15,5,1.0,1.0,2,2,3,1,10,3,1
98,123,123,237,2,32,ANTOFAGASTA,1,2,4,2,0.0,2,8,10,3,2.0,2.0,5,0,2,1,14,2,2
99,124,124,238,1,75,COQUIMBO,1,3,1,2,0.0,1,10,9,5,1.0,1.0,5,10,1,1,7,2,2
100,125,125,240,2,38,ANTOFAGASTA,1,4,3,2,0.0,9,5,15,5,3.0,2.0,5,5,2,1,3,2,1
101,127,127,242,2,71,LIBERTADOR BERNARDO OHIGGINS,1,3,2,2,0.0,2,3,15,5,2.0,2.0,7,5,2,3,1,2,1
102,128,128,243,1,39,VALPARAÍSO,1,3,8,2,0.0,1,5,15,1,1.0,1.0,0,0,3,1,3,2,1
103,129,129,244,1,52,METROPOLITANA,1,4,3,1,5.0,9,99,15,2,1.0,1.0,99,99,2,1,1,2,1
104,131,131,246,1,35,ANTOFAGASTA,1,1,8,2,0.0,1,5,15,3,1.0,2.0,5,5,2,1,10,1,1
105,133,133,251,1,42,METROPOLITANA,1,2,8,2,0.0,9,4,15,3,1.0,1.0,0,6,3,1,3,1,1
106,135,135,253,2,40,ARAUCANÍA,1,3,4,2,0.0,1,6,13,5,3.0,2.0,5,3,2,1,5,2,2
107,136,136,254,1,55,MAULE,2,3,1,2,0.0,1,8,15,5,2.0,2.0,5,5,1,3,26,2,2
108,137,137,255,1,61,MAULE,2,3,6,2,0.0,1,5,17,4,1.0,1.0,0,0,2,1,5,1,1
109,138,138,256,2,43,MAULE,2,4,3,2,0.0,5,5,5,4,1.0,1.0,0,5,1,1,6,1,1
110,139,139,257,2,90,MAULE,2,3,2,2,0.0,1,10,1,3,1.0,2.0,5,5,1,3,3,1,2
111,140,140,258,2,48,ARAUCANÍA,1,3,3,2,0.0,2,88,15,5,1.0,1.0,88,88,2,1,3,1,1
112,142,142,264,2,60,MAULE,2,4,2,2,0.0,5,5,15,5,1.0,1.0,4,10,1,1,1,1,1
113,143,143,265,2,41,MAULE,2,3,2,2,0.0,1,6,15,4,1.0,2.0,8,5,2,2,1,2,2
114,144,144,266,1,52,MAULE,2,3,1,2,0.0,1,7,1,4,2.0,2.0,10,5,2,3,3,2,2
115,145,145,267,1,67,VALPARAÍSO,1,3,3,2,0.0,9,5,15,5,1.0,2.0,5,5,2,1,10,3,1
116,146,146,268,2,72,LIBERTADOR BERNARDO OHIGGINS,1,4,1,2,0.0,1,5,15,3,2.0,2.0,2,2,1,1,3,2,1
117,147,147,270,1,53,METROPOLITANA,1,3,2,1,5.0,2,5,15,5,2.0,2.0,5,5,2,2,1,2,1
118,149,149,273,2,65,METROPOLITANA,1,3,3,2,0.0,1,10,15,3,1.0,1.0,5,5,3,3,3,1,2
119,150,150,274,2,32,LIBERTADOR BERNARDO OHIGGINS,1,3,8,2,0.0,9,4,11,3,1.0,1.0,5,5,3,1,10,1,1
120,151,151,275,2,59,LIBERTADOR BERNARDO OHIGGINS,1,3,3,2,0.0,9,5,15,5,2.0,2.0,4,0,3,2,17,2,1
121,152,152,278,2,56,ANTOFAGASTA,1,4,0,2,0.0,1,6,15,4,1.0,1.0,6,5,1,1,1,1,2
122,153,153,280,2,35,ANTOFAGASTA,1,3,4,2,0.0,1,5,1,4,1.0,1.0,5,8,2,1,1,1,1
123,154,154,283,2,83,METROPOLITANA,1,3,2,2,0.0,1,4,15,5,3.0,2.0,5,0,1,3,3,3,1
124,155,155,284,2,66,METROPOLITANA,1,3,4,2,0.0,1,10,15,5,2.0,2.0,5,6,2,3,10,2,2
125,156,156,285,2,65,METROPOLITANA,1,3,4,2,0.0,1,10,13,5,2.0,2.0,10,0,2,2,3,2,2
126,157,157,289,2,29,METROPOLITANA,1,3,8,2,0.0,9,88,17,3,2.0,2.0,5,5,2,1,3,2,1
127,158,158,291,2,50,METROPOLITANA,1,2,4,8,0.0,1,5,5,4,1.0,1.0,5,5,3,3,1,2,1
128,159,159,294,2,67,METROPOLITANA,2,4,1,2,0.0,1,88,15,3,1.0,2.0,10,0,1,2,3,2,1
129,160,160,295,1,67,METROPOLITANA,2,4,1,2,0.0,1,88,1,5,1.0,2.0,0,0,2,3,9,3,2
130,161,161,297,2,37,METROPOLITANA,2,4,2,2,0.0,1,88,15,5,1.0,2.0,88,88,3,2,3,2,3
131,163,163,303,1,20,METROPOLITANA,1,2,4,2,0.0,9,3,15,2,1.0,1.0,4,6,3,1,3,1,1
132,164,164,304,1,70,VALPARAÍSO,1,3,4,2,0.0,3,5,15,5,3.0,3.0,4,2,1,1,3,2,2
133,165,165,305,1,67,METROPOLITANA,1,3,3,2,0.0,9,5,15,2,1.0,2.0,4,5,3,2,9,1,1
134,166,166,309,1,55,METROPOLITANA,1,4,0,2,0.0,1,1,15,4,1.0,1.0,1,1,3,3,1,9,1
135,167,167,310,1,40,VALPARAÍSO,1,2,8,2,0.0,9,5,9,2,1.0,1.0,6,5,3,1,17,1,1
136,168,168,311,1,19,LOS LAGOS,2,3,5,2,0.0,2,7,15,4,2.0,2.0,5,5,2,1,17,2,2
137,170,170,313,1,70,METROPOLITANA,1,3,4,2,0.0,1,5,1,5,2.0,2.0,5,5,2,3,3,2,1
138,171,171,314,1,73,METROPOLITANA,1,3,4,2,0.0,9,8,10,3,2.0,2.0,5,0,2,3,2,2,2
139,172,172,315,1,73,METROPOLITANA,1,3,3,1,5.0,2,5,1,4,1.0,2.0,5,5,3,1,1,2,1
140,173,173,316,1,32,METROPOLITANA,1,3,4,2,0.0,9,5,15,4,3.0,3.0,0,0,2,9,10,2,1
141,174,174,318,2,53,METROPOLITANA,1,2,8,2,0.0,2,5,15,3,2.0,1.0,5,5,1,1,3,2,1
142,176,176,322,1,21,METROPOLITANA,1,3,4,2,0.0,2,5,10,2,1.0,1.0,5,3,2,1,1,2,2
143,177,177,323,2,42,LOS LAGOS,2,3,4,2,0.0,1,7,15,5,2.0,2.0,5,5,3,3,9,2,2
144,178,178,326,1,35,LOS LAGOS,2,2,8,2,0.0,8,5,15,4,2.0,2.0,5,5,2,3,14,2,1
145,179,179,328,2,57,LOS LAGOS,2,4,3,2,0.0,1,3,5,4,1.0,2.0,5,5,3,3,9,2,1
146,180,180,333,2,31,COQUIMBO,2,3,3,2,0.0,1,88,15,3,2.0,2.0,7,7,3,3,3,2,1
147,181,181,334,2,50,COQUIMBO,2,3,3,2,0.0,1,88,13,4,1.0,1.0,5,5,2,1,10,2,2
148,182,182,335,1,60,ARAUCANÍA,2,4,2,2,0.0,9,99,15,5,2.0,2.0,88,0,2,1,26,2,3
149,183,183,337,2,23,LOS LAGOS,1,3,5,2,0.0,1,1,9,4,1.0,3.0,5,10,3,8,3,2,1
150,184,184,338,1,59,LIBERTADOR BERNARDO OHIGGINS,1,4,3,2,0.0,1,5,15,3,1.0,1.0,7,3,3,2,5,2,1
151,185,185,339,2,19,LIBERTADOR BERNARDO OHIGGINS,1,4,4,2,0.0,9,88,15,5,2.0,2.0,6,6,3,8,3,2,1
152,186,186,341,1,47,METROPOLITANA,1,2,4,2,0.0,1,99,15,1,1.0,2.0,0,0,2,1,1,2,2
153,187,187,343,2,86,METROPOLITANA,1,3,1,2,0.0,1,88,1,5,1.0,1.0,88,88,2,1,5,1,2
154,188,188,346,1,28,METROPOLITANA,1,2,8,2,0.0,9,4,11,2,1.0,1.0,3,6,3,1,27,1,1
155,189,189,351,1,37,METROPOLITANA,1,3,4,2,0.0,9,5,15,3,2.0,2.0,0,0,2,3,3,2,1
156,190,190,354,1,40,METROPOLITANA,1,3,4,2,0.0,1,88,15,5,2.0,2.0,5,7,1,8,14,2,2
157,192,192,357,2,31,METROPOLITANA,1,3,4,2,0.0,9,1,15,4,1.0,1.0,0,5,3,1,10,1,1
158,193,193,360,2,41,VALPARAÍSO,2,4,4,2,0.0,1,5,15,4,2.0,2.0,4,4,2,3,10,2,1
159,194,194,362,2,70,VALPARAÍSO,2,4,1,2,0.0,1,10,5,5,2.0,2.0,9,10,2,1,1,2,2
160,195,195,364,2,34,VALPARAÍSO,2,3,5,2,0.0,1,2,15,5,2.0,1.0,5,5,3,3,17,2,1
161,196,196,366,1,63,VALPARAÍSO,2,4,1,2,0.0,1,5,1,4,1.0,2.0,5,6,2,1,10,1,1
162,197,197,368,1,54,ARAUCANÍA,1,3,4,2,0.0,1,99,15,5,2.0,2.0,88,88,3,1,3,2,2
163,198,198,369,1,62,VALPARAÍSO,1,3,6,2,0.0,1,5,15,5,2.0,2.0,5,5,2,1,3,2,1
164,199,199,370,1,43,VALPARAÍSO,1,2,6,1,5.0,1,5,15,2,2.0,2.0,5,5,2,1,3,2,1
165,200,200,371,2,52,VALPARAÍSO,1,4,4,2,0.0,1,4,15,4,1.0,1.0,5,5,2,1,10,1,1
166,201,201,372,1,79,VALPARAÍSO,1,4,4,2,0.0,1,5,15,3,2.0,2.0,5,5,2,1,1,3,1
167,202,202,373,1,64,VALPARAÍSO,1,3,1,2,0.0,1,5,15,2,1.0,2.0,3,5,1,3,1,1,1
168,203,203,376,2,56,METROPOLITANA,1,1,6,2,0.0,1,8,15,3,2.0,2.0,5,5,2,2,3,2,2
169,204,204,377,2,43,METROPOLITANA,1,1,8,2,0.0,1,9,15,3,2.0,2.0,8,4,1,2,26,2,2
170,205,205,378,1,59,METROPOLITANA,1,1,8,2,0.0,1,5,15,2,1.0,1.0,5,6,2,1,8,2,1
171,206,206,380,1,19,METROPOLITANA,1,3,4,2,0.0,1,3,15,5,1.0,1.0,1,8,2,2,14,1,1
172,207,207,381,1,38,METROPOLITANA,1,2,8,2,0.0,9,6,15,3,1.0,2.0,5,0,2,1,3,2,2
173,208,208,382,1,34,METROPOLITANA,1,2,8,2,0.0,3,7,18,2,2.0,2.0,7,2,2,1,3,2,2
174,209,209,383,2,53,LOS RÍOS,1,3,1,2,0.0,2,7,15,5,2.0,2.0,5,0,1,3,13,2,2
175,211,211,387,1,74,METROPOLITANA,1,3,1,2,0.0,9,1,15,5,3.0,1.0,5,5,3,3,3,1,1
176,212,212,388,2,26,METROPOLITANA,1,3,6,2,0.0,9,5,9,4,1.0,2.0,5,5,2,1,1,1,1
177,214,214,394,2,63,METROPOLITANA,1,4,4,2,0.0,99,5,15,5,1.0,1.0,0,0,1,2,3,3,1
178,215,215,398,1,51,METROPOLITANA,1,2,9,2,0.0,9,6,15,3,1.0,1.0,2,6,2,1,3,1,2
179,216,216,400,2,24,ANTOFAGASTA,1,3,4,2,0.0,2,5,20,5,1.0,2.0,5,5,2,2,7,2,1
180,217,217,403,2,28,ANTOFAGASTA,1,1,6,2,0.0,9,5,15,5,1.0,1.0,0,0,3,1,8,1,1
181,219,219,409,2,23,LOS RÍOS,1,2,7,2,0.0,10,1,3,1,1.0,1.0,0,10,3,1,4,1,1
182,220,220,410,2,30,ANTOFAGASTA,1,4,4,2,0.0,1,1,15,3,1.0,1.0,0,9,3,3,1,1,1
183,221,221,412,1,24,ANTOFAGASTA,1,4,3,2,0.0,1,5,15,5,1.0,1.0,5,5,2,9,3,1,1
184,222,222,413,2,36,ANTOFAGASTA,1,4,6,2,0.0,1,6,13,3,2.0,2.0,5,5,2,2,1,2,2
185,223,223,414,2,63,METROPOLITANA,1,3,3,1,5.0,1,99,15,5,1.0,1.0,0,5,3,3,10,3,1
186,224,224,416,1,66,METROPOLITANA,1,4,4,2,0.0,9,88,15,5,1.0,2.0,7,0,3,1,9,2,1
187,225,225,417,1,41,METROPOLITANA,1,3,4,2,0.0,9,5,10,2,2.0,2.0,10,0,2,3,17,2,2
188,226,226,419,1,25,MAULE,1,2,7,2,0.0,1,4,9,2,1.0,1.0,2,5,3,1,17,2,1
189,227,227,420,1,79,MAULE,1,4,0,2,0.0,2,1,3,2,1.0,1.0,0,7,2,1,1,1,1
190,228,228,425,2,25,METROPOLITANA,1,3,4,2,0.0,9,1,15,4,1.0,1.0,5,5,3,1,10,2,1
191,229,229,427,1,47,METROPOLITANA,1,2,7,2,0.0,1,5,15,4,1.0,1.0,5,5,3,2,3,3,1
192,230,230,428,1,67,METROPOLITANA,1,4,2,2,0.0,2,1,3,1,1.0,1.0,3,6,2,1,1,1,1
193,233,233,434,1,42,VALPARAÍSO,1,3,6,2,0.0,1,4,15,4,1.0,2.0,1,2,2,1,1,3,1
194,234,234,435,2,37,VALPARAÍSO,1,3,8,2,0.0,9,5,17,3,1.0,1.0,5,5,3,1,10,1,1
195,235,235,436,1,83,VALPARAÍSO,1,2,2,2,0.0,1,5,9,3,1.0,1.0,3,5,2,1,5,1,1
196,236,236,437,1,39,METROPOLITANA,1,3,4,2,0.0,1,99,88,2,2.0,2.0,6,1,3,1,3,2,1
197,237,237,438,1,68,METROPOLITANA,1,2,8,2,0.0,1,6,15,5,1.0,2.0,7,7,1,1,17,2,2
198,238,238,439,2,71,METROPOLITANA,1,2,8,2,0.0,1,3,16,3,1.0,1.0,2,7,3,1,2,1,1
199,239,239,442,2,37,METROPOLITANA,1,2,8,2,0.0,2,6,15,5,2.0,2.0,7,3,2,1,3,2,1
200,240,240,443,2,42,BIOBÍO,1,1,4,2,0.0,9,5,15,5,1.0,1.0,4,4,2,1,3,2,1
201,241,241,444,2,27,BIOBÍO,1,1,8,2,0.0,9,5,15,4,3.0,3.0,4,4,3,8,5,2,1
202,242,242,445,2,35,BIOBÍO,1,1,4,2,0.0,9,5,15,4,2.0,1.0,4,4,2,1,3,3,1
203,243,243,446,2,32,ÑUBLE,1,3,4,2,0.0,1,10,15,5,1.0,2.0,5,5,3,3,3,2,2
204,244,244,447,2,38,BIOBÍO,1,4,4,2,0.0,1,99,99,5,1.0,1.0,0,5,2,3,2,1,1
205,247,247,452,2,33,METROPOLITANA,1,3,3,2,0.0,9,99,15,5,1.0,2.0,99,99,2,2,5,2,3
206,248,248,453,2,41,ARAUCANÍA,2,5,3,2,0.0,2,5,13,3,2.0,2.0,7,1,2,1,5,2,1
207,249,249,454,2,21,ARAUCANÍA,2,5,7,1,5.0,2,10,10,2,2.0,2.0,5,5,2,1,11,2,2
208,250,250,455,1,83,LOS RÍOS,2,3,2,2,0.0,2,5,1,3,1.0,1.0,5,5,1,2,2,1,1
209,251,251,456,2,65,LOS RÍOS,2,3,2,1,5.0,1,3,10,3,2.0,2.0,5,0,2,2,3,2,1
210,252,252,457,2,49,BIOBÍO,1,4,4,2,0.0,2,10,15,4,2.0,2.0,5,0,2,2,26,2,2
211,253,253,461,2,20,METROPOLITANA,1,3,4,2,0.0,9,4,15,3,1.0,1.0,5,5,3,1,1,1,1
212,254,254,465,2,81,BIOBÍO,1,3,1,2,0.0,1,99,15,5,3.0,2.0,88,88,1,3,3,3,1
213,255,255,466,2,26,LOS RÍOS,2,3,4,1,5.0,1,5,20,5,1.0,2.0,5,5,3,3,1,2,1
214,256,256,468,2,28,METROPOLITANA,1,3,5,2,0.0,2,8,15,4,1.0,1.0,5,5,3,2,14,1,2
215,257,257,469,2,36,LOS RÍOS,2,3,2,2,0.0,2,5,20,4,2.0,2.0,5,5,2,2,3,2,1
216,258,258,472,1,32,METROPOLITANA,1,3,5,2,0.0,9,88,15,1,1.0,1.0,0,0,2,1,2,2,1
217,260,260,477,2,49,ARAUCANÍA,1,3,4,2,0.0,99,10,88,3,2.0,2.0,5,5,1,1,10,2,2
218,261,261,479,1,20,METROPOLITANA,1,3,7,2,0.0,8,10,18,3,2.0,2.0,8,3,2,2,3,2,2
219,262,262,481,2,71,LIBERTADOR BERNARDO OHIGGINS,1,4,1,2,0.0,2,88,15,5,1.0,1.0,5,3,1,8,3,8,2
220,263,263,483,1,70,METROPOLITANA,1,3,7,2,0.0,1,8,13,5,2.0,2.0,8,2,2,1,9,2,2
221,264,264,486,2,33,LOS LAGOS,1,3,5,2,0.0,1,4,3,4,1.0,1.0,7,5,3,1,1,1,1
222,266,266,490,1,22,ARAUCANÍA,1,3,7,2,0.0,9,4,15,1,1.0,1.0,0,5,3,1,14,1,1
223,268,268,494,2,84,LOS LAGOS,1,4,0,2,0.0,2,10,15,5,1.0,2.0,88,88,1,2,6,2,2
224,269,269,495,2,71,LOS LAGOS,1,4,1,2,0.0,1,10,15,5,1.0,2.0,2,1,1,3,1,2,2
225,270,270,496,2,28,LOS LAGOS,1,4,2,2,0.0,1,99,17,5,2.0,2.0,99,99,2,3,7,2,2
226,271,271,498,2,38,LOS LAGOS,1,3,6,1,5.0,1,4,21,1,1.0,1.0,2,2,2,1,9,1,1
227,272,272,500,2,22,VALPARAÍSO,1,3,7,2,0.0,9,4,15,3,1.0,1.0,2,5,3,1,26,1,1
228,274,274,503,1,47,VALPARAÍSO,1,2,4,2,0.0,1,6,15,5,1.0,2.0,4,4,2,2,6,2,2
229,275,275,504,2,43,MAULE,1,2,8,2,0.0,1,5,1,1,1.0,1.0,1,5,2,1,3,1,1
230,277,277,506,2,54,ÑUBLE,2,3,4,2,0.0,1,4,15,3,1.0,1.0,3,6,3,1,3,3,1
231,278,278,507,2,45,ÑUBLE,2,2,6,2,0.0,2,4,15,4,1.0,1.0,7,9,2,3,11,1,1
232,279,279,509,2,44,MAULE,1,3,6,2,0.0,1,6,15,4,1.0,1.0,0,5,2,3,11,1,2
233,282,282,512,1,46,MAULE,1,3,4,2,0.0,1,7,2,3,2.0,2.0,5,5,2,1,9,2,2
234,283,283,515,1,38,METROPOLITANA,1,3,5,2,0.0,11,6,10,2,2.0,2.0,5,5,2,1,1,2,2
235,284,284,517,2,43,METROPOLITANA,1,3,4,2,0.0,9,5,88,4,1.0,1.0,0,5,3,2,5,1,1
236,285,285,518,2,30,METROPOLITANA,1,4,6,2,0.0,10,5,17,5,1.0,1.0,0,5,3,3,1,2,1
237,287,287,521,1,64,ARAUCANÍA,2,3,3,2,0.0,1,10,15,4,2.0,2.0,5,5,2,2,3,2,2
238,288,288,524,1,53,METROPOLITANA,1,2,6,2,0.0,1,8,18,3,2.0,2.0,6,3,2,1,3,2,2
239,289,289,525,1,61,METROPOLITANA,1,4,3,2,0.0,9,8,10,5,2.0,2.0,5,0,2,2,3,2,2
240,291,291,529,2,60,VALPARAÍSO,1,4,1,2,0.0,1,5,15,5,1.0,1.0,3,4,2,3,1,2,1
241,292,292,530,1,75,VALPARAÍSO,1,3,8,2,0.0,8,1,3,1,1.0,1.0,5,10,3,1,1,1,1
242,293,293,534,2,68,METROPOLITANA,1,2,8,2,0.0,1,10,18,2,2.0,2.0,8,1,2,2,3,2,2
243,294,294,536,1,43,METROPOLITANA,1,3,8,1,5.0,1,1,9,4,1.0,1.0,3,5,2,1,9,1,1
244,295,295,537,2,49,METROPOLITANA,1,3,4,2,0.0,9,3,15,3,1.0,1.0,0,2,2,1,3,1,1
245,296,296,538,2,47,METROPOLITANA,1,3,4,2,0.0,2,88,15,4,1.0,1.0,88,88,2,3,14,1,1
246,297,297,539,2,75,LIBERTADOR BERNARDO OHIGGINS,1,2,8,2,0.0,9,5,99,2,2.0,2.0,5,5,2,1,13,1,1
247,298,298,540,1,67,LOS RÍOS,2,3,1,2,0.0,2,10,10,3,2.0,3.0,4,2,2,1,10,2,2
248,299,299,541,2,25,LOS RÍOS,2,3,6,1,5.0,9,5,15,5,1.0,1.0,5,5,3,9,3,1,1
249,300,300,542,2,57,LOS RÍOS,2,2,3,2,0.0,1,5,10,5,2.0,2.0,4,4,2,1,5,2,2
250,302,302,545,1,60,METROPOLITANA,1,3,4,2,0.0,9,5,15,5,1.0,1.0,0,0,2,1,11,1,1
251,303,303,548,2,69,LOS RÍOS,2,3,2,2,0.0,1,5,88,5,1.0,2.0,5,88,3,2,7,2,1
252,304,304,549,2,51,LOS RÍOS,2,3,4,2,0.0,9,1,15,1,1.0,1.0,0,5,3,1,17,1,1
253,305,305,550,1,25,LOS RÍOS,2,2,6,2,0.0,9,5,9,3,1.0,1.0,5,5,3,2,8,2,1
254,306,306,551,1,52,METROPOLITANA,1,1,9,2,0.0,10,1,11,2,1.0,1.0,5,10,3,1,5,1,1
255,308,308,554,1,60,METROPOLITANA,1,1,9,2,0.0,11,7,2,2,2.0,2.0,6,3,2,2,3,2,2
256,309,309,555,2,78,METROPOLITANA,1,1,4,2,0.0,9,5,15,1,3.0,2.0,5,5,2,1,5,2,1
257,310,310,556,2,39,LOS RÍOS,1,3,6,2,0.0,2,5,15,5,2.0,2.0,99,99,2,2,1,2,1
258,311,311,558,2,76,METROPOLITANA,1,3,4,2,0.0,1,88,15,5,1.0,2.0,0,5,3,3,14,8,1
259,313,313,563,2,40,LOS RÍOS,1,3,4,2,0.0,1,4,1,4,1.0,2.0,5,5,2,2,6,2,1
260,314,314,565,1,72,VALPARAÍSO,1,3,4,2,0.0,1,5,15,2,2.0,2.0,88,6,2,2,3,2,1
261,315,315,567,2,65,VALPARAÍSO,1,4,1,2,0.0,9,99,15,4,1.0,2.0,5,5,1,2,3,2,1
262,316,316,572,2,29,LOS RÍOS,1,3,7,1,5.0,2,5,15,5,2.0,2.0,5,5,2,1,1,2,1
263,317,317,574,2,20,LOS RÍOS,1,3,4,1,5.0,2,5,15,3,2.0,2.0,5,5,3,1,1,2,1
264,319,319,579,2,56,ANTOFAGASTA,1,4,3,2,0.0,9,6,15,5,3.0,3.0,5,5,2,1,11,3,2
265,322,322,583,1,45,METROPOLITANA,1,1,8,2,0.0,1,8,10,2,2.0,2.0,6,6,2,2,3,2,2
266,323,323,584,2,38,ANTOFAGASTA,1,4,4,2,0.0,9,5,15,5,3.0,1.0,5,5,2,3,1,2,1
267,324,324,585,1,70,LIBERTADOR BERNARDO OHIGGINS,1,3,7,2,0.0,1,6,15,5,2.0,2.0,5,5,1,3,9,2,2
268,325,325,590,2,66,METROPOLITANA,1,1,6,2,0.0,1,6,15,5,2.0,2.0,8,5,2,3,1,2,2
269,326,326,591,2,57,LOS LAGOS,1,3,4,2,0.0,2,99,18,4,2.0,2.0,5,0,2,2,3,2,2
270,327,327,592,2,59,ANTOFAGASTA,1,3,4,2,0.0,9,5,15,4,3.0,1.0,5,5,3,2,1,1,1
271,328,328,594,1,39,METROPOLITANA,1,3,7,2,0.0,2,7,15,3,2.0,2.0,5,0,1,1,6,2,2
272,329,329,596,1,69,METROPOLITANA,1,2,7,2,0.0,8,5,2,5,2.0,2.0,3,3,2,2,3,2,1
273,331,331,598,2,29,METROPOLITANA,1,2,6,2,0.0,1,3,9,3,1.0,1.0,1,9,3,1,3,1,1
274,332,332,599,2,42,METROPOLITANA,1,3,8,2,0.0,9,3,9,3,1.0,1.0,5,7,3,1,16,1,1
275,333,333,600,2,50,METROPOLITANA,1,2,7,2,0.0,1,5,15,2,1.0,1.0,0,5,2,1,9,1,1
276,334,334,602,2,50,ARAUCANÍA,1,4,3,2,0.0,9,99,15,4,2.0,1.0,5,5,2,2,10,2,1
277,335,335,604,1,54,ÑUBLE,2,3,6,2,0.0,1,8,18,3,2.0,1.0,7,3,3,2,3,2,2
278,336,336,605,2,47,ÑUBLE,2,3,4,2,0.0,9,5,15,5,1.0,2.0,5,5,2,1,3,2,1
279,340,340,611,2,41,AYSÉN,1,3,8,2,0.0,1,5,15,3,2.0,2.0,5,5,2,1,3,2,1
280,341,341,612,2,26,METROPOLITANA,1,3,4,2,0.0,1,99,15,3,1.0,1.0,5,5,3,1,6,1,1
281,342,342,613,1,48,METROPOLITANA,1,4,2,2,0.0,1,3,3,4,1.0,1.0,2,7,3,1,1,2,1
282,343,343,614,2,57,METROPOLITANA,1,3,6,2,0.0,8,9,10,2,2.0,2.0,5,1,2,9,9,2,2
283,344,344,615,2,55,METROPOLITANA,1,2,6,2,0.0,9,5,15,4,1.0,2.0,5,5,3,1,3,2,1
284,345,345,616,1,26,METROPOLITANA,1,3,6,2,0.0,9,5,17,2,1.0,1.0,0,0,2,1,17,2,1
285,348,348,624,2,28,METROPOLITANA,1,3,8,2,0.0,9,5,15,5,1.0,1.0,5,5,2,1,1,2,1
286,349,349,627,1,57,VALPARAÍSO,1,3,6,2,0.0,9,3,15,1,1.0,1.0,0,2,3,3,9,2,1
287,350,350,628,2,79,VALPARAÍSO,1,4,3,2,0.0,9,5,15,5,1.0,2.0,5,5,2,1,4,2,1
288,351,351,629,2,32,VALPARAÍSO,1,3,4,2,0.0,1,5,15,4,1.0,1.0,5,5,3,1,10,1,1
289,354,354,632,2,26,LIBERTADOR BERNARDO OHIGGINS,1,3,4,2,0.0,9,6,15,3,1.0,1.0,5,5,2,8,13,1,2
290,356,356,635,2,48,LIBERTADOR BERNARDO OHIGGINS,1,3,4,2,0.0,1,6,15,5,1.0,2.0,5,5,2,2,26,2,2
291,357,357,637,2,49,METROPOLITANA,1,4,3,2,0.0,1,5,15,4,1.0,2.0,5,1,3,3,3,2,1
292,358,358,639,1,20,METROPOLITANA,1,3,7,2,0.0,9,7,88,3,2.0,2.0,5,5,2,2,1,2,2
293,359,359,640,2,66,VALPARAÍSO,2,4,1,2,0.0,1,88,15,5,3.0,2.0,4,4,1,3,1,2,1
294,362,362,644,2,28,VALPARAÍSO,2,2,8,2,0.0,1,5,15,4,1.0,1.0,5,5,2,1,6,1,1
295,364,364,647,2,59,VALPARAÍSO,2,2,3,2,0.0,1,3,15,2,1.0,1.0,0,9,3,1,8,1,1
296,365,365,649,1,44,METROPOLITANA,1,2,8,2,0.0,1,6,15,2,2.0,2.0,5,4,2,2,3,2,2
297,366,366,651,1,66,METROPOLITANA,1,2,2,2,0.0,2,99,15,5,1.0,2.0,88,88,1,1,1,2,1
298,367,367,652,1,65,METROPOLITANA,1,2,2,2,0.0,2,8,15,5,2.0,2.0,6,0,1,2,3,2,2
299,368,368,655,1,41,METROPOLITANA,1,2,8,2,0.0,9,3,15,1,1.0,1.0,3,8,3,1,27,1,1
300,369,369,659,2,21,METROPOLITANA,1,3,7,1,5.0,1,3,15,2,1.0,1.0,4,5,3,1,10,1,1
301,370,370,664,1,40,METROPOLITANA,1,3,3,1,5.0,2,9,9,1,2.0,2.0,10,0,2,3,26,2,2
302,371,371,666,2,42,METROPOLITANA,1,3,4,2,0.0,1,10,10,4,2.0,1.0,10,0,1,3,9,2,2
303,372,372,667,2,77,ARAUCANÍA,1,3,1,2,0.0,2,99,15,5,2.0,2.0,10,1,3,1,10,2,3
304,373,373,668,1,60,ARAUCANÍA,1,3,3,2,0.0,99,5,14,2,1.0,1.0,4,5,2,1,10,1,1
305,374,374,669,2,47,METROPOLITANA,1,3,2,2,0.0,1,88,15,4,1.0,2.0,5,5,2,3,10,1,1
306,375,375,670,2,31,ARAUCANÍA,1,3,8,2,0.0,99,99,15,5,1.0,1.0,5,5,3,8,26,1,1
307,376,376,671,2,54,METROPOLITANA,1,3,1,2,0.0,9,88,15,5,2.0,1.0,10,0,1,1,26,2,3
308,377,377,675,2,25,VALPARAÍSO,1,4,3,2,0.0,1,6,20,4,1.0,2.0,5,5,2,3,5,2,2
309,378,378,676,2,49,LIBERTADOR BERNARDO OHIGGINS,1,3,4,2,0.0,1,5,15,3,1.0,2.0,5,5,3,2,3,3,1
310,379,379,680,2,49,MAGALLANES,1,3,5,2,0.0,1,7,15,3,1.0,2.0,5,5,2,1,14,2,2
311,380,380,681,1,21,METROPOLITANA,2,3,7,2,0.0,9,5,15,4,2.0,2.0,6,4,2,2,10,2,1
312,382,382,683,2,35,METROPOLITANA,2,2,8,2,0.0,1,88,15,3,2.0,2.0,5,5,2,2,9,2,1
313,383,383,686,1,27,METROPOLITANA,2,3,8,2,0.0,2,10,18,3,2.0,2.0,6,0,2,1,3,2,2
314,384,384,687,2,23,METROPOLITANA,1,2,7,2,0.0,9,3,16,1,1.0,1.0,3,9,3,1,16,1,1
315,385,385,688,1,35,METROPOLITANA,1,1,8,2,0.0,9,6,13,3,1.0,1.0,5,5,3,2,11,2,2
316,386,386,689,2,28,METROPOLITANA,1,2,8,2,0.0,9,7,2,2,2.0,2.0,6,5,3,1,17,3,2
317,387,387,690,2,66,METROPOLITANA,1,3,4,2,0.0,1,6,15,5,1.0,1.0,0,0,3,3,13,1,2
318,388,388,691,1,64,ARAUCANÍA,1,3,1,2,0.0,1,8,15,3,2.0,2.0,5,0,1,1,11,2,2
319,390,390,696,1,23,ARAUCANÍA,2,3,6,2,0.0,99,5,15,4,1.0,2.0,5,5,3,1,2,3,1
320,391,391,698,2,21,LIBERTADOR BERNARDO OHIGGINS,1,3,4,2,0.0,9,3,15,3,1.0,1.0,5,5,3,1,5,1,1
321,392,392,701,2,68,ÑUBLE,2,3,1,2,0.0,2,6,15,5,3.0,3.0,5,5,1,3,1,2,2
322,393,393,702,1,27,ÑUBLE,2,3,4,2,0.0,9,5,5,2,1.0,1.0,2,5,2,1,3,1,1
323,394,394,703,1,21,ÑUBLE,2,3,6,2,0.0,9,1,88,4,2.0,2.0,5,5,3,1,14,2,1
324,395,395,707,1,65,ARAUCANÍA,2,3,4,2,0.0,1,99,15,5,2.0,2.0,7,6,3,1,9,2,2
325,396,396,708,1,50,METROPOLITANA,1,3,4,1,5.0,1,5,15,2,1.0,2.0,5,0,2,3,6,2,1
326,398,398,712,2,54,LIBERTADOR BERNARDO OHIGGINS,1,3,8,2,0.0,9,3,15,3,1.0,1.0,5,5,2,1,1,2,1
327,399,399,715,1,44,TARAPACÁ,1,2,6,2,0.0,1,8,15,4,2.0,2.0,5,5,1,2,3,2,2
328,400,400,716,2,53,TARAPACÁ,1,2,6,2,0.0,2,5,15,5,2.0,2.0,5,5,2,2,3,2,1
329,401,401,717,1,80,METROPOLITANA,1,4,2,2,0.0,99,7,15,5,1.0,2.0,5,5,1,9,1,2,2
330,402,402,719,2,19,METROPOLITANA,1,3,4,2,0.0,1,1,15,4,1.0,1.0,5,10,2,3,26,1,1
331,403,403,720,2,37,VALPARAÍSO,1,3,6,2,0.0,1,99,16,2,1.0,1.0,5,5,3,1,12,1,1
332,404,404,721,2,20,VALPARAÍSO,1,3,4,2,0.0,10,5,15,5,1.0,1.0,5,5,3,1,16,2,1
333,406,406,728,1,67,METROPOLITANA,1,3,3,2,0.0,2,5,13,5,2.0,2.0,7,0,2,1,3,2,2
334,407,407,731,2,61,METROPOLITANA,1,2,4,2,0.0,2,5,15,3,1.0,1.0,0,5,2,1,26,1,1
335,409,409,733,1,78,METROPOLITANA,1,3,2,2,0.0,2,5,15,3,1.0,2.0,5,5,1,3,1,1,1
336,410,410,734,2,53,MAGALLANES,1,3,4,2,0.0,9,5,15,5,3.0,2.0,4,4,2,3,1,2,1
337,411,411,736,1,43,ARICA Y PARINACOTA,1,4,3,2,0.0,1,5,10,5,3.0,2.0,3,3,1,2,2,2,3
338,412,412,739,2,45,MAGALLANES,1,3,5,2,0.0,2,10,18,3,2.0,2.0,5,0,1,1,5,2,2
339,413,413,740,2,50,METROPOLITANA,1,4,2,1,9.0,2,88,88,5,1.0,2.0,88,88,2,2,9,2,1
340,414,414,741,2,28,METROPOLITANA,1,3,5,2,0.0,9,5,15,3,1.0,1.0,3,4,3,1,13,1,1
341,415,415,742,1,40,MAGALLANES,1,3,4,2,0.0,2,7,17,2,2.0,2.0,5,0,2,1,3,2,2
342,416,416,743,1,56,BIOBÍO,1,3,4,2,0.0,99,5,15,5,1.0,2.0,5,5,2,3,1,2,1
343,417,417,744,2,63,BIOBÍO,2,3,4,2,0.0,1,4,15,5,3.0,2.0,5,5,2,2,1,2,1
344,419,419,748,1,48,BIOBÍO,2,4,4,2,0.0,9,5,15,5,1.0,1.0,5,5,1,1,10,2,3
345,420,420,749,1,56,BIOBÍO,2,3,2,2,0.0,2,6,15,5,1.0,3.0,5,5,2,2,17,1,2
346,423,423,755,2,76,LIBERTADOR BERNARDO OHIGGINS,2,4,1,2,0.0,1,5,15,5,1.0,1.0,5,5,1,1,1,1,1
347,426,426,759,1,74,METROPOLITANA,1,3,0,2,0.0,9,88,15,5,1.0,1.0,0,5,2,1,12,1,1
348,427,427,763,1,54,METROPOLITANA,1,3,3,1,5.0,2,1,15,5,2.0,2.0,5,0,2,2,9,2,1
349,428,428,764,1,49,METROPOLITANA,1,4,6,2,0.0,9,5,21,1,1.0,1.0,0,0,3,1,2,1,1
350,429,429,766,1,37,METROPOLITANA,1,4,2,2,0.0,9,4,13,4,3.0,2.0,5,5,1,2,9,2,1
351,430,430,768,2,67,METROPOLITANA,1,4,2,2,0.0,2,99,15,5,2.0,2.0,5,5,2,1,3,2,1
352,431,431,772,2,62,VALPARAÍSO,1,3,3,2,0.0,9,5,15,5,1.0,1.0,5,5,2,1,9,2,1
353,432,432,775,1,22,VALPARAÍSO,1,3,4,2,0.0,5,8,15,2,2.0,2.0,5,5,2,2,3,2,2
354,433,433,777,2,39,ARAUCANÍA,2,4,4,1,5.0,99,99,15,4,1.0,1.0,5,5,2,1,1,2,1
355,434,434,778,2,50,ARAUCANÍA,2,3,4,2,0.0,99,10,15,5,2.0,2.0,10,0,2,2,11,2,2
356,436,436,780,2,21,MAULE,1,3,3,2,0.0,9,6,17,5,1.0,1.0,3,4,3,3,3,1,2
357,437,437,783,2,48,MAULE,1,3,3,2,0.0,1,5,19,5,3.0,2.0,5,5,2,2,9,2,1
358,439,439,785,1,92,VALPARAÍSO,1,3,1,2,0.0,1,5,15,5,1.0,2.0,5,5,2,2,2,2,1
359,441,441,788,1,28,MAULE,1,3,4,2,0.0,9,8,18,3,2.0,2.0,8,0,3,2,3,2,2
360,442,442,789,1,72,MAULE,1,2,4,2,0.0,1,3,9,3,1.0,2.0,5,5,2,2,9,1,1
361,443,443,790,2,28,MAULE,1,3,6,2,0.0,1,6,17,1,1.0,1.0,5,5,3,2,3,1,1
362,445,445,792,2,43,LOS RÍOS,1,3,4,2,0.0,1,7,15,3,2.0,2.0,5,0,2,1,3,2,2
363,446,446,793,2,59,LOS RÍOS,1,3,2,2,0.0,2,88,19,5,2.0,2.0,5,5,1,3,9,2,1
364,447,447,796,2,32,METROPOLITANA,1,3,6,2,0.0,9,5,15,3,1.0,1.0,5,5,2,2,11,3,1
365,448,448,797,2,26,METROPOLITANA,1,4,5,2,0.0,9,99,15,3,1.0,1.0,99,99,3,1,1,1,1
366,449,449,800,1,57,METROPOLITANA,1,2,3,2,0.0,1,10,15,4,3.0,2.0,5,9,3,3,9,1,2
367,450,450,801,1,48,METROPOLITANA,1,1,5,2,0.0,1,5,15,3,2.0,2.0,5,5,2,1,14,2,1
368,451,451,802,1,30,METROPOLITANA,1,4,2,2,0.0,9,3,15,5,1.0,1.0,0,10,2,1,2,1,1
369,452,452,803,1,65,COQUIMBO,1,3,3,2,0.0,1,5,3,4,1.0,1.0,1,8,2,1,1,1,1
370,453,453,805,2,49,ÑUBLE,1,3,4,2,0.0,1,5,15,4,1.0,3.0,5,7,1,1,3,2,1
371,454,454,806,1,67,ÑUBLE,1,4,2,2,0.0,2,4,15,4,1.0,2.0,0,9,1,3,3,2,1
372,455,455,807,1,19,ÑUBLE,1,4,4,2,0.0,1,8,15,3,2.0,2.0,10,5,2,3,3,2,2
373,456,456,808,1,54,ÑUBLE,1,4,1,2,0.0,9,5,15,5,2.0,1.0,5,5,3,3,2,2,1
374,457,457,810,1,46,BIOBÍO,1,3,4,2,0.0,2,6,17,3,2.0,2.0,5,0,2,1,3,2,2
375,458,458,811,2,54,BIOBÍO,1,3,1,2,0.0,1,1,3,4,1.0,1.0,5,8,3,1,10,2,1
376,460,460,814,2,22,BIOBÍO,1,3,5,2,0.0,2,8,15,3,1.0,1.0,5,4,2,1,3,2,2
377,461,461,815,2,55,LOS RÍOS,1,3,2,2,0.0,1,4,99,5,3.0,2.0,1,5,2,2,3,2,1
378,462,462,817,1,75,MAULE,1,3,3,2,0.0,1,1,3,3,1.0,1.0,4,4,2,1,9,1,1
379,464,464,821,2,64,METROPOLITANA,1,3,1,2,0.0,1,1,15,5,3.0,2.0,8,0,1,8,9,2,1
380,465,465,825,2,58,VALPARAÍSO,1,3,4,2,0.0,1,4,15,5,1.0,2.0,4,5,3,3,3,2,1
381,466,466,826,2,50,ARAUCANÍA,1,2,1,2,0.0,1,99,15,3,2.0,2.0,0,0,3,1,88,2,2
382,467,467,827,2,48,METROPOLITANA,1,3,7,2,0.0,1,5,9,3,1.0,2.0,5,5,1,2,3,2,1
383,468,468,828,1,42,VALPARAÍSO,1,2,7,2,0.0,1,7,18,2,2.0,2.0,6,0,2,2,3,2,2
384,470,470,831,1,80,MAULE,1,3,1,2,0.0,9,5,1,4,1.0,2.0,5,1,2,3,1,1,1
385,471,471,832,1,32,ARAUCANÍA,1,2,8,1,5.0,9,4,15,2,1.0,1.0,0,5,3,1,1,1,1
386,472,472,834,1,54,ARAUCANÍA,1,3,4,1,5.0,2,99,15,5,1.0,2.0,88,88,2,3,5,2,1
387,473,473,835,1,69,MAULE,1,3,4,8,0.0,8,99,15,5,1.0,2.0,5,5,2,1,1,2,3
388,474,474,838,1,30,LOS LAGOS,1,3,7,1,5.0,9,3,16,1,1.0,1.0,2,7,3,1,1,1,1
389,475,475,839,2,69,LOS LAGOS,1,3,4,2,0.0,1,5,10,5,2.0,2.0,5,0,2,3,6,2,1
390,476,476,840,1,40,COQUIMBO,1,2,4,2,0.0,1,4,15,4,1.0,1.0,4,4,3,1,1,3,1
391,477,477,842,2,72,LOS LAGOS,1,3,8,2,0.0,1,4,1,3,1.0,1.0,4,6,1,1,7,1,1
392,478,478,845,1,30,LOS LAGOS,1,3,10,1,11.0,9,4,15,2,1.0,1.0,0,5,3,1,2,1,1
393,479,479,847,2,38,ANTOFAGASTA,1,4,4,2,0.0,1,6,15,4,1.0,1.0,5,5,2,1,1,1,2
394,480,480,848,2,48,ANTOFAGASTA,1,5,4,2,0.0,9,4,15,3,3.0,3.0,3,3,1,2,3,2,1
395,482,482,850,1,25,ANTOFAGASTA,1,4,5,2,0.0,9,4,15,4,1.0,1.0,0,0,3,1,8,1,1
396,483,483,851,2,54,ANTOFAGASTA,1,4,2,2,0.0,2,5,21,5,1.0,2.0,5,8,1,2,6,2,1
397,485,485,853,1,30,METROPOLITANA,1,3,7,2,0.0,9,2,11,1,1.0,1.0,0,5,3,1,16,1,1
398,486,486,854,2,37,METROPOLITANA,1,2,6,2,0.0,9,10,10,4,2.0,2.0,5,0,2,2,1,2,2
399,488,488,856,2,69,LOS LAGOS,1,3,8,2,0.0,1,5,1,3,1.0,1.0,5,7,3,1,1,1,1
400,489,489,857,2,66,LOS LAGOS,1,3,6,2,0.0,1,6,10,5,2.0,2.0,3,2,3,2,1,8,2
401,490,490,859,2,56,ÑUBLE,1,3,2,2,0.0,9,88,15,5,2.0,2.0,88,5,1,3,1,2,3
402,492,492,865,1,49,LIBERTADOR BERNARDO OHIGGINS,2,3,1,2,0.0,2,5,15,5,1.0,2.0,5,5,2,3,5,2,1
403,493,493,868,1,38,LIBERTADOR BERNARDO OHIGGINS,2,3,6,2,0.0,9,5,15,2,1.0,1.0,0,2,3,2,16,2,1
404,494,494,869,1,60,MAULE,1,4,2,2,0.0,2,10,1,3,2.0,2.0,9,5,1,3,3,2,2
405,495,495,871,2,71,ÑUBLE,1,4,1,2,0.0,1,88,88,5,1.0,2.0,3,5,1,8,1,2,2
406,496,496,873,1,71,LIBERTADOR BERNARDO OHIGGINS,2,3,1,2,0.0,2,4,3,2,1.0,1.0,3,5,1,1,1,1,1
407,499,499,879,2,69,ARAUCANÍA,1,3,1,1,5.0,99,5,15,4,1.0,2.0,5,88,2,1,2,1,1
408,500,500,880,1,28,ARAUCANÍA,1,3,7,2,0.0,2,99,15,3,1.0,2.0,88,88,2,1,3,1,1
409,501,501,882,1,77,MAULE,2,4,1,2,0.0,2,10,1,4,2.0,2.0,10,10,2,1,10,1,2
410,502,502,883,2,77,MAULE,2,3,1,2,0.0,1,3,13,5,2.0,2.0,4,8,2,3,7,2,1
411,503,503,885,1,74,METROPOLITANA,1,3,4,2,0.0,2,3,9,3,1.0,1.0,5,5,2,2,3,1,1
412,504,504,886,2,63,METROPOLITANA,1,3,3,2,0.0,1,7,15,5,2.0,2.0,4,8,3,3,1,2,2
413,505,505,888,2,29,VALPARAÍSO,1,2,7,2,0.0,1,5,15,4,1.0,2.0,4,4,3,2,5,2,1
414,506,506,889,1,56,VALPARAÍSO,1,2,1,2,0.0,2,10,15,3,2.0,2.0,5,0,1,1,3,2,2
415,507,507,890,2,73,VALPARAÍSO,1,4,1,2,0.0,1,3,15,5,1.0,1.0,88,88,2,1,14,1,1
416,509,509,892,1,64,METROPOLITANA,1,3,8,2,0.0,1,3,9,5,1.0,1.0,5,7,3,1,1,1,1
417,510,510,893,2,32,METROPOLITANA,1,2,8,2,0.0,9,5,9,5,1.0,1.0,5,5,2,1,3,2,1
418,511,511,894,1,59,METROPOLITANA,1,3,4,2,0.0,1,5,1,3,1.0,1.0,5,5,2,1,13,2,1
419,512,512,895,1,62,VALPARAÍSO,1,3,2,2,0.0,1,6,15,3,3.0,1.0,7,4,2,1,5,1,2
420,514,514,899,1,43,METROPOLITANA,1,3,6,2,0.0,1,6,15,3,2.0,2.0,5,5,2,1,26,2,2
421,515,515,900,2,73,MAULE,2,3,4,2,0.0,5,10,10,4,2.0,2.0,5,5,2,2,14,3,2
422,516,516,904,2,59,MAULE,2,3,1,2,0.0,1,4,15,4,1.0,1.0,5,5,1,3,3,2,1
423,517,517,905,1,60,METROPOLITANA,1,3,5,2,0.0,8,1,15,4,1.0,1.0,0,5,3,1,14,1,1
424,518,518,909,1,28,METROPOLITANA,1,3,8,2,0.0,8,6,1,3,1.0,1.0,5,5,3,2,17,1,2
425,519,519,911,1,33,METROPOLITANA,1,3,8,2,0.0,9,3,15,3,1.0,1.0,5,5,2,1,5,1,1
426,520,520,913,1,53,METROPOLITANA,1,3,8,2,0.0,1,6,15,3,2.0,2.0,5,3,2,1,5,2,2
427,521,521,915,2,33,METROPOLITANA,1,2,7,2,0.0,9,8,15,3,2.0,2.0,7,4,2,1,3,2,2
428,522,522,918,2,42,MAGALLANES,1,3,8,2,0.0,1,10,15,3,2.0,2.0,7,3,1,1,14,2,2
429,523,523,920,2,68,METROPOLITANA,1,4,3,2,0.0,8,5,15,5,2.0,2.0,5,0,2,1,9,2,3
430,524,524,921,2,61,METROPOLITANA,1,1,8,2,0.0,1,9,13,1,2.0,2.0,10,3,1,2,3,2,2
431,525,525,922,1,20,METROPOLITANA,1,1,7,2,0.0,1,6,15,3,2.0,2.0,5,5,2,1,5,2,2
432,526,526,923,2,54,METROPOLITANA,1,4,2,2,0.0,9,5,17,5,1.0,1.0,0,5,2,3,11,1,1
433,527,527,925,2,35,ÑUBLE,1,4,4,2,0.0,2,4,15,4,1.0,2.0,5,5,1,1,6,1,1
434,530,530,929,2,36,ÑUBLE,1,4,6,2,0.0,1,10,15,5,2.0,2.0,0,0,1,1,26,2,2
435,531,531,930,2,25,MAULE,1,4,4,2,0.0,2,8,10,3,2.0,2.0,8,3,2,2,6,2,2
436,532,532,931,2,32,MAULE,1,4,6,2,0.0,9,88,15,4,2.0,2.0,5,5,2,1,6,2,1
437,533,533,932,2,33,ARAUCANÍA,1,3,9,2,0.0,9,7,15,5,2.0,2.0,5,5,3,2,17,3,2
438,534,534,933,2,76,COQUIMBO,1,1,8,2,0.0,1,3,15,3,1.0,1.0,0,5,3,1,1,1,1
439,535,535,937,2,58,BIOBÍO,1,3,1,2,0.0,1,99,15,3,2.0,2.0,4,4,2,2,3,2,2
440,536,536,938,2,52,BIOBÍO,1,3,8,1,5.0,99,7,15,4,2.0,2.0,5,5,2,2,3,2,2
441,537,537,941,2,50,MAULE,1,4,1,2,0.0,2,5,15,5,2.0,2.0,6,3,1,2,3,2,1
442,538,538,942,2,21,METROPOLITANA,1,2,4,2,0.0,11,3,3,1,1.0,1.0,4,6,3,1,1,1,1
443,539,539,943,1,66,METROPOLITANA,1,2,7,2,0.0,9,1,15,1,1.0,1.0,0,6,3,1,2,1,1
444,540,540,944,1,55,METROPOLITANA,1,1,8,2,0.0,1,4,15,1,1.0,1.0,4,6,3,1,13,1,1
445,541,541,945,1,24,METROPOLITANA,1,3,4,2,0.0,9,4,15,4,1.0,1.0,0,0,3,2,3,1,1
446,543,543,947,2,28,METROPOLITANA,1,2,8,2,0.0,9,4,15,2,1.0,1.0,3,6,3,1,3,1,1
447,545,545,950,2,42,BIOBÍO,1,3,4,2,0.0,99,99,15,4,1.0,1.0,6,3,3,1,1,3,1
448,547,547,953,2,57,BIOBÍO,1,3,4,2,0.0,99,5,15,2,2.0,1.0,5,5,3,2,3,1,1
449,549,549,955,1,71,METROPOLITANA,1,3,6,2,0.0,1,5,15,4,1.0,1.0,6,5,3,1,3,1,1
450,550,550,956,1,41,METROPOLITANA,1,1,8,2,0.0,8,5,15,3,2.0,2.0,0,0,2,2,9,2,1
451,551,551,957,1,65,ARICA Y PARINACOTA,1,4,1,2,0.0,1,5,14,1,1.0,2.0,5,5,1,1,13,2,1
452,553,553,960,2,81,BIOBÍO,1,4,1,2,0.0,2,99,15,5,1.0,1.0,7,7,1,3,3,1,2
453,555,555,967,2,31,COQUIMBO,2,3,6,2,0.0,1,5,5,3,1.0,2.0,5,5,3,1,9,2,1
454,556,556,968,2,60,COQUIMBO,2,3,1,2,0.0,1,99,15,5,1.0,2.0,7,8,3,3,10,2,1
455,557,557,969,2,29,BIOBÍO,1,3,8,2,0.0,99,3,15,2,1.0,1.0,0,9,3,1,1,1,1
456,558,558,971,2,81,VALPARAÍSO,1,4,1,2,0.0,1,88,15,5,1.0,3.0,5,5,2,3,7,8,3
457,559,559,972,1,70,VALPARAÍSO,1,3,4,2,0.0,9,3,15,3,1.0,1.0,5,5,3,1,3,1,1
458,562,562,976,2,55,METROPOLITANA,1,2,8,2,0.0,1,1,15,3,1.0,1.0,0,5,2,1,27,1,1
459,563,563,977,1,32,METROPOLITANA,1,2,6,2,0.0,9,5,15,3,1.0,2.0,2,2,2,3,3,2,1
460,565,565,979,2,34,METROPOLITANA,1,3,10,2,0.0,9,1,3,3,1.0,1.0,5,5,3,1,3,1,1
461,566,566,980,2,52,BIOBÍO,1,2,7,2,0.0,9,5,15,5,1.0,1.0,4,7,3,1,7,1,1
462,567,567,982,2,47,COQUIMBO,1,2,4,2,0.0,1,3,1,4,1.0,1.0,0,5,1,3,10,3,1
463,568,568,984,1,44,METROPOLITANA,1,2,8,2,0.0,1,10,18,1,2.0,2.0,6,0,3,2,3,2,2
464,569,569,985,2,32,METROPOLITANA,1,4,4,2,0.0,9,99,15,2,1.0,2.0,99,99,3,2,9,1,1
465,570,570,987,2,51,METROPOLITANA,1,4,3,2,0.0,9,1,3,3,1.0,1.0,0,10,2,1,2,1,1
466,572,572,989,2,27,METROPOLITANA,1,3,4,2,0.0,1,6,13,3,2.0,2.0,5,5,3,2,1,2,1
467,573,573,993,1,56,METROPOLITANA,1,3,6,2,0.0,1,4,15,2,1.0,1.0,0,2,3,1,27,1,1
468,574,574,994,2,35,METROPOLITANA,1,3,2,2,0.0,2,99,15,5,3.0,2.0,1,2,1,3,3,2,1
469,575,575,997,1,72,METROPOLITANA,1,4,2,8,0.0,2,1,15,5,2.0,2.0,0,0,1,9,17,2,1
470,576,576,998,1,64,METROPOLITANA,1,4,1,2,0.0,9,8,15,5,2.0,2.0,5,0,1,3,9,2,2
471,578,578,1000,1,35,METROPOLITANA,1,3,7,2,0.0,1,1,9,1,1.0,1.0,0,8,3,1,5,1,1
472,581,581,1004,2,47,LIBERTADOR BERNARDO OHIGGINS,1,3,8,2,0.0,1,1,15,1,1.0,1.0,0,8,3,1,2,1,1
473,582,582,1006,2,25,METROPOLITANA,1,3,8,2,0.0,1,5,15,4,1.0,1.0,4,5,3,1,10,1,1
474,583,583,1008,2,47,LIBERTADOR BERNARDO OHIGGINS,1,3,5,2,0.0,2,5,15,4,2.0,2.0,5,5,1,2,10,2,1
475,584,584,1009,2,33,METROPOLITANA,1,4,4,2,0.0,1,5,15,4,1.0,2.0,5,5,2,3,3,3,1
476,585,585,1010,2,52,METROPOLITANA,1,4,2,2,0.0,1,10,15,5,2.0,2.0,5,5,3,3,2,2,2
477,587,587,1014,2,62,COQUIMBO,1,2,1,2,0.0,9,1,15,5,1.0,1.0,5,5,3,1,5,1,1
478,588,588,1016,2,49,COQUIMBO,1,2,4,2,0.0,1,5,15,5,2.0,2.0,99,99,3,2,3,2,1
479,590,590,1023,2,33,VALPARAÍSO,1,3,9,2,0.0,99,3,3,1,1.0,1.0,3,4,3,1,4,1,1
480,591,591,1024,1,43,VALPARAÍSO,1,3,3,2,0.0,1,5,15,5,1.0,2.0,0,3,3,2,1,2,1
481,593,593,1026,1,57,VALPARAÍSO,1,3,8,2,0.0,1,88,15,2,1.0,2.0,10,10,2,3,1,2,2
482,594,594,1031,2,64,METROPOLITANA,1,2,4,2,0.0,1,5,15,5,1.0,2.0,5,5,3,1,3,2,1
483,595,595,1032,1,64,METROPOLITANA,1,2,6,2,0.0,1,10,15,3,2.0,2.0,8,2,2,1,3,2,2
484,597,597,1034,2,65,METROPOLITANA,1,3,6,2,0.0,1,5,15,3,1.0,1.0,0,7,3,1,3,2,1
485,598,598,1035,1,35,METROPOLITANA,1,3,8,2,0.0,2,6,15,3,2.0,2.0,5,3,2,1,3,2,2
486,602,602,1039,1,73,MAGALLANES,1,3,1,2,0.0,1,7,15,5,2.0,1.0,5,5,2,3,1,1,2
487,603,603,1041,1,56,MAGALLANES,1,2,4,2,0.0,1,5,18,4,2.0,2.0,5,1,1,3,1,2,1
488,604,604,1043,2,21,METROPOLITANA,1,4,4,1,5.0,9,4,17,3,1.0,1.0,0,5,3,1,2,1,1
489,605,605,1045,2,65,METROPOLITANA,2,4,3,2,0.0,1,5,15,5,2.0,2.0,5,4,2,3,3,2,1
490,606,606,1046,2,30,METROPOLITANA,2,3,4,1,5.0,1,5,15,5,2.0,2.0,5,5,3,1,3,2,1
491,607,607,1047,2,82,METROPOLITANA,1,2,10,2,0.0,10,7,1,4,2.0,2.0,8,2,3,1,3,2,2
492,609,609,1051,2,32,VALPARAÍSO,1,3,7,2,0.0,1,5,3,4,1.0,1.0,2,6,3,1,3,1,1
493,610,610,1053,2,44,METROPOLITANA,1,3,8,1,5.0,1,1,3,1,1.0,1.0,0,10,3,1,3,1,1
494,611,611,1054,2,55,METROPOLITANA,1,4,2,2,0.0,1,99,15,5,1.0,2.0,5,5,3,1,3,3,1
495,612,612,1056,2,26,METROPOLITANA,1,4,8,2,0.0,9,7,15,4,1.0,2.0,7,3,3,1,2,2,2
496,613,613,1057,2,25,COQUIMBO,1,1,5,2,0.0,9,1,15,5,1.0,1.0,0,10,3,3,1,1,1
497,614,614,1059,2,49,METROPOLITANA,1,4,3,2,0.0,2,88,15,5,2.0,2.0,5,5,2,1,3,2,1
498,615,615,1061,1,20,ARICA Y PARINACOTA,1,4,5,2,0.0,1,5,15,4,1.0,1.0,5,5,2,1,7,2,1
499,616,616,1063,2,39,METROPOLITANA,1,3,3,2,0.0,1,88,15,3,1.0,2.0,88,88,1,1,2,2,1
500,620,620,1068,2,74,VALPARAÍSO,1,4,1,2,0.0,5,88,15,3,2.0,2.0,88,88,1,3,17,3,1
501,621,621,1069,2,47,VALPARAÍSO,1,3,4,2,0.0,1,99,15,5,2.0,2.0,6,2,1,2,3,2,1
502,622,622,1072,2,33,VALPARAÍSO,1,4,1,2,0.0,9,88,15,5,1.0,2.0,5,7,3,3,5,2,3
503,623,623,1074,1,44,COQUIMBO,1,2,5,2,0.0,8,3,9,1,1.0,1.0,5,5,2,1,3,3,1
504,624,624,1075,2,64,ARAUCANÍA,1,4,3,2,0.0,5,5,15,3,1.0,1.0,5,5,2,1,2,3,1
505,625,625,1076,2,58,MAULE,1,4,4,2,0.0,1,1,17,5,2.0,2.0,3,2,2,1,5,2,1
506,626,626,1079,2,47,METROPOLITANA,1,4,4,2,0.0,2,3,9,2,1.0,1.0,0,9,3,1,9,1,1
507,627,627,1082,2,55,BIOBÍO,2,4,2,1,5.0,2,7,15,5,2.0,2.0,8,8,1,1,3,2,2
508,628,628,1084,2,50,BIOBÍO,2,3,3,1,5.0,9,2,9,5,1.0,1.0,4,7,2,1,3,1,1
509,629,629,1085,1,42,BIOBÍO,2,3,4,2,0.0,1,9,10,4,2.0,2.0,5,5,1,2,3,2,2
510,631,631,1089,2,39,MAULE,1,4,4,1,5.0,2,1,9,4,1.0,1.0,5,7,3,1,1,1,1
511,633,633,1094,2,73,COQUIMBO,1,4,1,2,0.0,1,10,15,5,3.0,3.0,5,5,2,2,10,2,2
512,634,634,1095,2,23,ANTOFAGASTA,1,4,4,2,0.0,1,6,15,4,3.0,3.0,5,3,1,1,10,2,1
513,636,636,1098,2,23,ANTOFAGASTA,1,4,4,2,0.0,1,6,15,4,1.0,3.0,5,5,1,2,1,2,2
514,637,637,1099,1,56,METROPOLITANA,1,3,6,2,0.0,1,7,17,4,2.0,2.0,5,0,2,2,3,2,2
515,638,638,1100,2,44,LOS LAGOS,2,3,8,2,0.0,2,4,3,4,1.0,1.0,2,5,2,3,10,1,1
516,640,640,1103,1,55,LOS LAGOS,2,4,2,1,5.0,2,1,1,5,3.0,2.0,0,0,2,1,16,2,1
517,641,641,1104,2,48,LOS LAGOS,2,4,1,2,0.0,2,6,9,5,2.0,2.0,7,0,1,2,3,2,2
518,642,642,1105,1,40,METROPOLITANA,1,3,4,2,0.0,1,5,15,5,1.0,2.0,99,99,2,2,3,2,1
519,643,643,1106,1,34,METROPOLITANA,1,3,4,2,0.0,2,10,15,5,2.0,2.0,0,5,1,3,11,2,2
520,644,644,1109,2,33,METROPOLITANA,1,2,8,1,888.0,9,5,9,1,1.0,1.0,0,5,3,1,2,1,1
521,645,645,1111,2,73,METROPOLITANA,1,3,1,2,0.0,1,10,15,4,1.0,2.0,5,5,3,3,3,2,2
522,646,646,1112,2,35,METROPOLITANA,1,3,3,2,0.0,9,5,15,4,1.0,1.0,0,5,2,3,9,1,1
523,647,647,1113,2,32,METROPOLITANA,1,3,6,2,0.0,9,88,15,3,1.0,1.0,5,5,2,1,5,1,1
524,652,652,1122,1,39,BIOBÍO,1,3,4,2,0.0,9,5,15,4,1.0,1.0,0,88,3,3,3,1,1
525,653,653,1124,2,31,BIOBÍO,1,3,7,2,0.0,2,99,15,4,1.0,1.0,88,88,1,2,10,2,1
526,654,654,1125,2,52,BIOBÍO,1,3,6,2,0.0,1,1,15,4,1.0,1.0,5,5,2,1,3,1,1
527,655,655,1127,1,73,BIOBÍO,1,3,6,2,0.0,9,5,1,2,1.0,1.0,0,5,2,1,1,2,1
528,658,658,1132,1,70,METROPOLITANA,1,2,6,2,0.0,9,5,15,5,1.0,1.0,5,5,2,1,11,3,1
529,659,659,1135,2,64,METROPOLITANA,1,2,4,2,0.0,1,5,15,5,3.0,3.0,5,5,3,3,3,3,1
530,661,661,1137,1,27,ARICA Y PARINACOTA,1,2,7,1,3.0,8,99,15,5,1.0,1.0,3,3,3,1,2,2,1
531,662,662,1139,2,76,METROPOLITANA,1,3,8,2,0.0,1,2,9,3,1.0,1.0,5,9,3,1,3,1,1
532,663,663,1140,2,30,METROPOLITANA,1,3,6,2,0.0,1,3,15,5,1.0,1.0,2,8,2,3,3,2,1
533,665,665,1147,2,19,ARICA Y PARINACOTA,1,3,3,2,0.0,1,99,5,3,1.0,2.0,5,5,3,1,5,1,1
534,666,666,1149,2,57,BIOBÍO,1,3,3,1,5.0,8,1,3,2,1.0,1.0,2,2,3,1,3,3,1
535,667,667,1153,2,28,TARAPACÁ,1,3,4,2,0.0,9,3,15,3,1.0,1.0,0,3,3,1,10,1,1
536,668,668,1154,2,27,TARAPACÁ,1,2,6,1,3.0,9,5,15,3,2.0,2.0,4,4,3,1,3,2,1
537,669,669,1155,2,52,METROPOLITANA,1,3,4,2,0.0,1,6,10,4,2.0,2.0,5,5,3,2,1,2,2
538,670,670,1160,2,40,METROPOLITANA,1,2,10,2,0.0,9,1,3,1,1.0,1.0,0,9,3,1,16,1,1
539,671,671,1161,1,33,VALPARAÍSO,1,4,3,2,0.0,10,99,15,5,1.0,1.0,99,99,1,1,11,1,3
540,672,672,1163,1,22,VALPARAÍSO,1,4,7,2,0.0,1,99,15,5,1.0,1.0,0,0,2,3,2,2,1
541,673,673,1167,1,74,COQUIMBO,2,4,1,2,0.0,1,10,10,3,2.0,2.0,9,0,2,1,2,2,2
542,675,675,1173,2,67,BIOBÍO,1,3,4,2,0.0,2,99,15,5,3.0,3.0,88,88,1,3,5,9,1
543,676,676,1174,2,67,MAULE,1,3,2,2,0.0,2,8,10,5,2.0,2.0,5,2,1,2,6,2,2
544,677,677,1175,2,64,METROPOLITANA,1,3,2,2,0.0,2,88,15,5,1.0,1.0,5,5,1,3,3,2,2
545,678,678,1177,2,26,METROPOLITANA,1,3,6,2,0.0,9,4,15,3,1.0,1.0,2,5,3,1,5,1,1
546,679,679,1179,2,42,METROPOLITANA,1,3,2,2,0.0,9,88,15,4,3.0,2.0,5,5,3,3,5,2,1
547,680,680,1183,2,60,BIOBÍO,1,3,4,2,0.0,2,99,15,3,1.0,1.0,5,5,2,3,3,2,1
548,681,681,1184,1,70,BIOBÍO,1,3,6,2,0.0,9,3,15,2,1.0,1.0,4,6,2,1,9,1,1
549,682,682,1185,1,23,METROPOLITANA,1,3,7,2,0.0,9,5,15,5,1.0,1.0,5,5,3,1,3,1,1
550,683,683,1190,2,35,BIOBÍO,1,3,4,1,5.0,2,10,15,5,2.0,2.0,10,0,2,1,7,2,2
551,684,684,1191,1,27,VALPARAÍSO,1,2,7,2,0.0,8,5,15,3,1.0,1.0,2,3,3,1,5,1,1
552,685,685,1193,1,56,ARICA Y PARINACOTA,1,3,3,1,3.0,1,10,13,3,2.0,2.0,5,0,2,1,27,2,2
553,686,686,1194,2,70,VALPARAÍSO,1,2,6,2,0.0,10,3,88,2,1.0,1.0,2,7,3,1,16,1,1
554,687,687,1195,2,44,METROPOLITANA,1,2,8,2,0.0,9,3,16,1,1.0,1.0,4,8,3,1,5,1,1
555,688,688,1198,2,28,METROPOLITANA,1,2,8,2,0.0,1,6,15,4,1.0,1.0,5,5,3,1,17,2,2
556,689,689,1200,2,68,VALPARAÍSO,1,2,7,2,0.0,1,6,1,4,1.0,2.0,5,0,3,1,1,1,2
557,690,690,1203,1,40,ANTOFAGASTA,1,4,4,2,0.0,9,5,15,3,1.0,1.0,9,9,3,1,13,1,1
558,691,691,1205,1,19,BIOBÍO,1,2,4,2,0.0,9,99,15,4,1.0,2.0,88,88,2,3,17,3,1
559,692,692,1206,2,29,BIOBÍO,1,2,6,2,0.0,1,99,15,5,1.0,1.0,88,88,2,1,16,1,2
560,693,693,1207,1,36,ANTOFAGASTA,1,4,4,2,0.0,1,5,15,2,1.0,1.0,5,5,2,2,2,1,1
561,694,694,1208,1,46,ANTOFAGASTA,1,4,4,2,0.0,9,5,15,3,1.0,1.0,5,5,3,1,1,1,1
562,695,695,1209,2,53,METROPOLITANA,1,3,4,2,0.0,1,99,88,5,1.0,1.0,99,99,3,8,10,1,1
563,696,696,1213,2,48,COQUIMBO,1,3,4,2,0.0,1,88,15,5,3.0,1.0,88,88,3,1,2,2,1
564,697,697,1214,1,57,METROPOLITANA,1,3,4,2,0.0,1,5,15,5,2.0,2.0,7,0,2,2,26,2,1
565,698,698,1215,2,63,LOS LAGOS,1,3,3,2,0.0,1,5,9,5,1.0,2.0,0,5,2,2,9,2,1
566,700,700,1220,1,56,METROPOLITANA,1,3,3,2,0.0,1,88,15,3,3.0,2.0,0,0,2,1,10,2,1
567,701,701,1221,1,24,METROPOLITANA,1,2,7,2,0.0,1,5,15,5,2.0,2.0,0,0,3,1,10,2,1
568,702,702,1223,2,82,VALPARAÍSO,1,4,2,2,0.0,2,5,15,5,1.0,1.0,0,5,1,1,1,1,1
569,703,703,1225,2,40,VALPARAÍSO,1,4,7,1,5.0,9,4,21,2,1.0,1.0,5,5,3,1,10,1,1
570,704,704,1226,2,35,METROPOLITANA,1,2,6,2,0.0,9,7,15,5,2.0,2.0,5,5,2,2,11,2,2
571,705,705,1228,1,67,LIBERTADOR BERNARDO OHIGGINS,1,2,5,2,0.0,9,10,18,5,2.0,2.0,5,0,2,1,3,2,2
572,706,706,1233,2,59,MAULE,1,3,4,2,0.0,1,5,5,5,3.0,2.0,5,0,1,3,3,2,1
573,707,707,1234,1,20,VALPARAÍSO,1,2,7,2,0.0,1,5,15,3,1.0,2.0,5,5,3,1,3,2,1
574,708,708,1235,2,51,VALPARAÍSO,1,2,7,2,0.0,1,7,10,4,3.0,2.0,5,5,2,1,3,2,2
575,710,710,1239,2,54,VALPARAÍSO,1,2,4,1,5.0,1,99,15,5,1.0,2.0,5,5,1,3,3,2,1
576,711,711,1240,1,71,ATACAMA,1,3,7,2,0.0,9,88,15,5,2.0,1.0,5,5,3,3,3,2,1
577,712,712,1243,2,37,ATACAMA,1,2,4,1,4.0,2,5,15,5,2.0,2.0,5,5,2,1,14,2,1
578,713,713,1244,2,31,ATACAMA,1,3,4,2,0.0,1,5,15,3,2.0,2.0,5,5,2,1,7,2,1
579,714,714,1245,2,37,ATACAMA,1,3,4,1,4.0,9,5,15,5,2.0,1.0,5,5,3,3,9,2,1
580,715,715,1246,1,53,ATACAMA,1,4,2,1,10.0,9,99,15,5,1.0,2.0,0,0,2,9,1,2,3
581,717,717,1250,2,56,VALPARAÍSO,1,3,3,2,0.0,1,5,15,1,1.0,1.0,5,5,3,1,10,3,1
582,718,718,1255,1,40,COQUIMBO,1,3,4,2,0.0,9,8,10,3,2.0,2.0,10,5,1,2,13,2,2
583,719,719,1256,2,37,METROPOLITANA,1,1,7,2,0.0,9,5,15,5,1.0,1.0,4,4,3,1,3,1,1
584,720,720,1257,2,28,METROPOLITANA,1,1,7,2,0.0,2,8,15,3,2.0,2.0,6,5,2,2,10,3,2
585,721,721,1260,1,47,METROPOLITANA,1,3,4,2,0.0,9,4,88,3,1.0,1.0,0,5,2,1,6,2,1
586,722,722,1261,1,50,METROPOLITANA,1,1,8,2,0.0,1,8,15,1,2.0,2.0,5,5,2,1,3,2,2
587,723,723,1262,2,24,METROPOLITANA,1,2,8,2,0.0,1,4,88,3,1.0,1.0,5,5,3,1,3,1,1
588,724,724,1266,2,44,METROPOLITANA,1,2,8,2,0.0,9,3,15,2,1.0,1.0,3,8,3,1,9,1,1
589,726,726,1269,1,34,BIOBÍO,1,3,4,2,0.0,9,5,9,1,1.0,1.0,5,5,2,1,7,3,1
590,728,728,1275,2,35,METROPOLITANA,1,2,6,2,0.0,1,1,3,2,1.0,1.0,0,9,3,1,16,1,1
591,729,729,1276,2,55,METROPOLITANA,1,2,4,2,0.0,1,99,15,5,2.0,2.0,5,5,2,1,3,2,1
592,731,731,1280,2,60,METROPOLITANA,1,3,4,2,0.0,1,88,15,5,2.0,2.0,88,88,2,2,26,2,1
593,732,732,1282,2,69,METROPOLITANA,1,3,5,2,0.0,2,10,10,3,2.0,2.0,10,0,1,1,3,2,2
594,733,733,1287,1,37,VALPARAÍSO,1,2,4,2,0.0,1,5,15,5,2.0,2.0,5,5,2,2,14,2,1
595,734,734,1288,2,48,VALPARAÍSO,1,3,3,2,0.0,1,6,15,4,1.0,1.0,5,5,2,1,2,1,2
596,735,735,1293,1,37,MAULE,1,4,4,2,0.0,1,5,15,5,1.0,1.0,5,5,1,3,3,2,1
597,736,736,1294,2,51,METROPOLITANA,1,3,7,2,0.0,9,4,15,5,1.0,1.0,5,5,3,1,1,2,1
598,737,737,1295,1,25,METROPOLITANA,1,1,8,2,0.0,1,88,15,5,1.0,1.0,99,99,2,1,17,3,1
599,738,738,1299,2,67,LIBERTADOR BERNARDO OHIGGINS,1,3,3,2,0.0,2,8,15,3,2.0,2.0,5,5,3,3,14,2,2
600,739,739,1301,2,56,METROPOLITANA,1,3,3,2,0.0,1,88,15,5,1.0,1.0,0,5,3,3,3,2,3
601,740,740,1302,1,38,METROPOLITANA,1,3,6,2,0.0,2,88,15,5,2.0,2.0,5,5,3,3,1,2,2
602,742,742,1309,1,32,TARAPACÁ,1,3,4,2,0.0,1,5,15,3,1.0,1.0,5,5,1,1,3,2,1
603,743,743,1310,1,24,LIBERTADOR BERNARDO OHIGGINS,1,2,3,2,0.0,9,5,18,4,1.0,1.0,5,3,3,2,3,1,1
604,744,744,1311,1,64,METROPOLITANA,1,3,1,2,0.0,1,88,15,5,2.0,2.0,5,0,2,1,3,2,2
605,745,745,1312,2,36,METROPOLITANA,1,2,6,2,0.0,9,5,15,1,1.0,1.0,4,5,3,1,9,1,1
606,747,747,1314,2,43,METROPOLITANA,1,1,8,2,0.0,1,3,15,2,2.0,2.0,5,5,2,1,3,1,1
607,748,748,1315,2,55,METROPOLITANA,1,2,4,2,0.0,2,99,15,4,1.0,1.0,5,5,2,1,9,1,1
608,749,749,1316,2,34,METROPOLITANA,1,2,8,2,0.0,1,3,15,2,1.0,1.0,5,5,3,1,3,1,1
609,750,750,1317,1,65,VALPARAÍSO,1,4,3,2,0.0,1,4,15,4,1.0,1.0,0,5,2,3,6,1,1
610,751,751,1320,1,63,BIOBÍO,1,3,1,2,0.0,99,5,15,5,2.0,2.0,5,0,2,1,3,1,1
611,752,752,1324,1,19,METROPOLITANA,1,3,4,2,0.0,2,6,15,1,2.0,2.0,6,5,2,1,3,2,2
612,753,753,1326,2,75,VALPARAÍSO,1,3,6,2,0.0,11,88,15,4,1.0,1.0,4,6,2,1,3,2,1
613,754,754,1327,2,68,METROPOLITANA,1,4,1,2,0.0,9,5,15,5,1.0,1.0,0,5,1,1,1,1,1
614,755,755,1328,2,59,METROPOLITANA,1,4,2,2,0.0,1,99,15,5,3.0,2.0,5,5,2,9,3,2,1
615,756,756,1330,2,30,BIOBÍO,1,2,8,2,0.0,99,5,15,3,2.0,1.0,5,5,3,1,8,2,1
616,757,757,1338,2,65,METROPOLITANA,1,3,2,2,0.0,9,88,15,4,3.0,2.0,5,5,2,3,3,3,1
617,759,759,1341,1,58,METROPOLITANA,1,1,8,2,0.0,11,3,15,1,1.0,1.0,0,10,2,1,2,1,1
618,760,760,1343,2,40,METROPOLITANA,1,1,8,2,0.0,2,5,15,5,2.0,2.0,0,0,1,3,3,2,1
619,761,761,1344,1,80,METROPOLITANA,1,2,3,2,0.0,1,10,15,3,2.0,2.0,10,5,3,1,5,2,2
620,762,762,1345,1,19,METROPOLITANA,1,2,4,1,5.0,2,1,15,1,1.0,1.0,0,10,3,1,27,1,1
621,763,763,1346,2,65,METROPOLITANA,1,2,4,2,0.0,1,5,15,4,2.0,2.0,3,2,3,1,10,2,1
622,764,764,1347,2,26,METROPOLITANA,1,2,10,2,0.0,2,4,15,2,1.0,2.0,5,5,3,1,1,3,1
623,765,765,1348,1,40,METROPOLITANA,2,4,2,2,0.0,9,8,15,5,2.0,2.0,5,3,3,1,9,2,2
624,767,767,1350,1,52,METROPOLITANA,2,4,3,2,0.0,1,5,15,4,1.0,1.0,3,8,2,1,3,1,1
625,768,768,1353,1,48,METROPOLITANA,1,1,8,2,0.0,9,5,18,3,2.0,2.0,5,5,2,2,3,2,1
626,769,769,1356,2,76,BIOBÍO,1,3,3,2,0.0,1,99,15,5,1.0,2.0,88,88,2,3,3,2,1
627,770,770,1358,1,31,COQUIMBO,1,3,6,2,0.0,1,5,15,3,1.0,1.0,5,5,3,1,9,1,1
628,772,772,1360,2,65,BIOBÍO,1,3,4,2,0.0,99,99,15,5,2.0,2.0,0,0,2,2,3,2,1
629,773,773,1361,2,71,METROPOLITANA,1,1,8,2,0.0,1,5,15,2,3.0,2.0,5,5,2,1,3,2,1
630,774,774,1362,1,57,METROPOLITANA,1,3,2,1,5.0,9,4,5,4,1.0,1.0,0,5,2,1,9,1,1
631,776,776,1365,1,20,BIOBÍO,1,3,3,2,0.0,99,7,15,4,1.0,1.0,5,5,3,2,5,1,2
632,777,777,1366,1,48,METROPOLITANA,1,1,7,2,0.0,10,3,9,1,1.0,1.0,5,8,3,1,7,1,1
633,779,779,1368,2,60,METROPOLITANA,1,2,8,2,0.0,1,5,1,3,1.0,1.0,5,5,2,1,10,1,1
634,781,781,1372,1,27,METROPOLITANA,1,2,8,2,0.0,1,99,9,3,1.0,1.0,5,5,3,1,3,1,1
635,782,782,1373,1,50,METROPOLITANA,1,3,5,2,0.0,1,6,15,3,2.0,2.0,5,5,2,1,3,2,2
636,783,783,1376,2,43,BIOBÍO,1,2,6,2,0.0,1,99,15,4,1.0,2.0,88,88,3,1,3,1,1
637,784,784,1377,2,60,BIOBÍO,1,3,2,2,0.0,2,99,15,5,1.0,2.0,88,88,1,3,3,1,2
638,785,785,1380,1,60,BIOBÍO,1,2,6,2,0.0,9,99,15,3,2.0,2.0,8,4,1,1,1,2,1
639,786,786,1383,2,74,BIOBÍO,1,3,1,2,0.0,2,99,15,5,1.0,1.0,7,6,1,2,1,1,1
640,788,788,1389,2,42,BIOBÍO,1,3,5,2,0.0,9,99,15,4,1.0,1.0,6,8,2,1,5,1,1
641,789,789,1393,2,22,METROPOLITANA,1,3,4,2,0.0,2,5,1,3,2.0,2.0,5,5,2,1,10,2,1
642,791,791,1399,2,67,BIOBÍO,1,2,4,2,0.0,1,99,15,3,2.0,2.0,99,99,2,3,3,2,1
643,793,793,1404,1,73,METROPOLITANA,1,3,4,2,0.0,1,5,1,1,1.0,2.0,99,10,3,1,1,1,1
644,795,795,1408,1,60,METROPOLITANA,1,3,9,2,0.0,1,5,1,2,2.0,2.0,4,3,2,1,3,2,1
645,797,797,1411,2,66,METROPOLITANA,1,3,8,2,0.0,1,5,15,5,1.0,1.0,5,5,3,1,14,1,1
646,798,798,1412,1,76,METROPOLITANA,1,3,4,2,0.0,1,5,15,5,2.0,2.0,5,3,3,2,1,2,1
647,799,799,1413,2,63,METROPOLITANA,1,2,8,2,0.0,1,5,1,3,3.0,2.0,3,3,3,1,1,2,1
648,800,800,1416,1,56,METROPOLITANA,1,4,4,2,0.0,1,7,15,5,2.0,2.0,5,4,2,1,3,2,2
649,801,801,1417,2,53,VALPARAÍSO,1,2,6,2,0.0,1,6,15,3,2.0,2.0,4,0,2,1,3,2,2
650,802,802,1418,2,54,LOS RÍOS,1,3,6,2,0.0,1,5,15,5,1.0,1.0,5,3,3,1,3,1,1
651,803,803,1420,2,48,AYSÉN,1,3,3,2,0.0,9,3,9,5,1.0,1.0,0,2,2,2,3,2,1
652,804,804,1422,1,33,VALPARAÍSO,1,2,8,2,0.0,9,10,15,4,2.0,2.0,5,5,3,1,3,2,2
653,806,806,1425,2,52,METROPOLITANA,1,4,3,1,5.0,9,5,15,5,1.0,1.0,0,0,2,2,12,1,1
654,807,807,1426,1,54,METROPOLITANA,1,3,6,2,0.0,1,99,15,5,1.0,2.0,5,5,3,1,1,2,2
655,808,808,1429,2,25,VALPARAÍSO,1,3,6,1,5.0,10,5,3,2,1.0,1.0,5,5,2,1,3,1,1
656,809,809,1434,2,25,METROPOLITANA,1,1,8,2,0.0,99,6,18,5,2.0,2.0,5,5,2,2,3,2,2
657,810,810,1436,2,22,METROPOLITANA,1,4,7,2,0.0,1,99,15,3,1.0,1.0,5,5,3,1,2,1,1
658,811,811,1439,1,54,ÑUBLE,1,1,8,2,0.0,1,5,15,5,1.0,1.0,5,5,2,1,3,2,1
659,812,812,1440,2,38,ÑUBLE,1,2,6,2,0.0,1,4,15,5,1.0,1.0,3,5,3,2,14,1,1
