,Unnamed: 0.1,Unnamed: 0,race,sexo,edad,zona_u_r,iden_pol_2,iden_pol_3,interes_pol_1_b,church,discuss_politics,elec_pres_144_a,nom_region,religion_82,esc_nivel_1,gse,pred
0,3528,4810,1,1,38,4,5,6,3,2,1,2,25,2,6,16,2
1,5435,7611,1,1,61,2,6,6,1,1,1,2,34,2,3,18,2
2,5260,7343,1,2,47,3,4,4,2,1,1,1,42,2,6,14,1
3,2721,3655,1,2,61,3,2,2,2,2,1,1,6,2,3,22,1
4,3149,4275,1,1,77,3,2,1,1,1,1,1,26,2,8,20,1
5,1926,2548,1,1,55,3,99,3,4,2,1,1,6,11,2,16,1
6,1209,1611,1,1,54,3,2,1,1,2,1,1,42,9,6,22,1
7,5401,7557,4,1,64,3,3,1,1,2,1,1,59,7,6,12,1
8,4704,6562,1,1,75,4,2,1,2,2,1,1,51,5,4,10,1
9,4705,6563,2,1,69,3,99,1,3,2,1,1,42,-9,6,16,1
10,626,841,2,2,79,4,3,1,2,2,1,1,1,11,2,4,1
11,5219,7294,1,1,49,3,6,6,3,1,1,2,27,2,6,15,1
12,2781,3737,1,2,56,4,4,1,1,1,1,1,6,1,2,16,1
13,5653,7915,1,1,73,2,6,5,1,1,1,2,12,1,6,18,2
14,5684,7964,1,2,48,2,3,2,2,2,1,1,26,2,3,18,1
15,4655,6489,1,2,43,2,7,7,2,1,1,2,1,11,6,15,2
16,1564,2084,1,2,80,2,1,1,2,1,1,1,17,11,6,11,1
17,4844,6765,1,2,69,1,6,7,2,1,1,2,48,1,3,16,2
18,3844,5277,1,2,80,4,2,1,1,2,1,1,36,5,8,22,1
19,5361,7495,1,2,64,3,6,6,3,1,1,2,55,11,5,9,3
20,1421,1893,1,1,69,1,5,4,4,2,1,2,27,12,6,-9,1
21,1158,1537,1,2,80,2,2,1,2,1,1,1,36,5,8,-9,1
22,3076,4165,1,2,63,3,7,7,2,1,1,2,36,1,6,10,2
23,5749,8063,1,1,80,3,1,2,1,1,1,1,36,2,6,11,1
24,2575,3433,1,1,70,1,6,7,2,2,2,2,4,12,4,10,2
25,3977,5488,1,2,27,2,3,3,2,1,1,1,55,1,6,13,1
26,808,1082,1,2,65,4,1,1,1,2,1,1,6,9,6,3,1
27,5803,8141,1,2,28,4,6,5,1,2,1,2,25,2,6,14,2
28,4761,6637,1,1,64,1,4,3,2,2,1,1,34,2,5,14,1
29,538,727,1,2,59,2,2,1,2,2,1,1,-9,12,3,-9,1
30,3161,4295,3,1,60,2,4,4,3,2,1,1,53,11,2,9,1
31,4945,6898,1,1,41,4,2,1,2,2,1,1,17,12,8,22,1
32,2458,3266,1,2,31,3,6,7,1,1,1,2,47,1,6,17,2
33,3697,5065,1,2,75,4,99,6,3,2,1,2,20,1,3,1,2
34,1186,1579,1,1,39,1,2,1,2,2,1,1,50,12,2,7,1
35,794,1061,3,1,33,4,6,7,1,1,1,2,12,11,5,8,2
36,2236,2954,2,2,44,3,1,1,1,1,1,1,17,1,7,19,1
37,2792,3749,1,1,29,3,2,6,3,2,1,2,17,2,3,17,1
38,1319,1759,3,2,57,3,3,1,2,-9,1,1,6,2,7,16,1
39,5464,7652,1,1,65,4,2,1,1,2,1,1,36,10,2,12,1
40,3050,4125,1,2,72,4,4,4,1,1,1,1,48,1,7,-9,1
41,1919,2535,2,2,58,2,4,3,2,1,1,1,28,12,3,1,1
42,2436,3236,1,2,56,1,99,7,2,1,1,2,36,2,2,3,2
43,1720,2269,4,1,54,4,4,2,2,1,2,1,42,7,7,11,1
44,23,32,1,2,46,4,2,1,1,2,1,1,16,1,7,4,1
45,177,244,1,2,79,2,7,7,1,1,1,2,55,11,6,14,2
46,157,214,1,2,48,3,99,5,4,2,1,2,6,12,3,16,2
47,2103,2765,1,1,57,3,7,7,1,2,1,2,6,1,6,21,2
48,3539,4830,3,2,49,3,99,2,2,2,1,1,17,11,3,11,1
49,2841,3817,1,1,79,3,3,3,1,1,1,1,36,2,3,14,1
50,3148,4274,1,2,53,1,99,6,4,2,2,2,6,2,2,1,1
51,2842,3819,1,1,45,3,6,6,2,1,1,2,42,11,7,21,2
52,3917,5384,1,2,41,3,3,2,3,2,1,1,41,1,6,21,1
53,5556,7787,1,1,65,3,6,5,1,1,1,1,25,1,6,9,2
54,2245,2966,1,2,58,4,4,3,2,2,1,1,48,1,4,21,1
55,5262,7345,1,1,72,2,99,6,3,1,1,1,42,2,6,-9,1
56,4741,6605,1,2,71,3,3,1,1,1,1,1,36,5,5,4,1
57,622,837,1,2,24,2,1,1,1,2,1,1,25,10,2,-9,1
58,1047,1386,1,2,59,2,6,7,1,1,1,2,17,1,7,12,2
59,296,397,4,2,39,4,1,1,2,2,1,1,-9,10,7,19,1
60,506,672,-9,2,80,2,5,7,2,1,1,2,55,2,3,-9,2
61,239,322,1,1,80,2,99,1,2,2,2,1,41,12,2,5,1
62,907,1210,3,1,23,3,2,1,1,2,1,1,12,2,6,11,1
63,2223,2935,1,1,60,3,5,5,2,1,1,2,6,1,8,21,2
64,3755,5147,1,2,47,1,7,7,2,1,1,2,13,11,2,-9,2
65,1728,2283,3,2,50,4,99,2,3,1,2,1,48,11,3,4,1
66,2098,2760,1,2,61,2,5,6,2,1,1,2,53,1,5,7,1
67,5600,7841,1,1,23,3,6,7,2,1,1,2,18,1,6,20,2
68,2284,3024,3,1,63,3,5,5,2,2,1,1,35,2,6,16,2
69,2348,3107,1,2,33,3,6,7,4,2,1,2,29,2,7,21,2
70,1163,1543,1,-9,62,2,4,4,1,2,1,1,-9,12,5,-9,1
71,5676,7951,1,2,58,1,99,7,3,2,1,2,42,1,2,14,2
72,346,465,1,2,46,2,7,7,2,1,1,2,55,2,4,16,2
73,5011,6994,1,2,65,3,2,1,1,2,1,1,19,9,8,1,1
74,5851,8209,1,2,67,1,4,1,2,2,1,1,42,2,2,6,1
75,1406,1876,1,2,50,3,4,7,1,2,1,1,26,1,8,22,2
76,3459,4713,1,1,27,4,1,3,1,2,1,1,17,5,8,-9,1
77,5652,7914,5,2,30,1,5,6,1,1,1,1,40,1,3,11,2
78,2366,3129,2,1,52,4,3,2,2,2,1,1,39,1,6,15,1
79,1756,2326,1,2,64,1,7,7,1,1,1,2,54,1,2,16,2
80,84,108,5,1,66,2,6,5,2,1,1,2,-9,1,5,19,2
81,393,529,1,2,67,2,6,7,1,1,1,2,25,2,5,1,2
82,5285,7387,5,2,60,3,4,2,2,2,1,1,59,6,3,15,1
83,319,428,3,2,80,4,7,1,3,1,1,1,48,2,1,1,1
84,1420,1892,1,1,80,4,4,4,2,2,1,1,59,2,2,9,1
85,4599,6408,1,1,43,4,6,6,2,2,1,2,38,11,3,10,2
86,3181,4318,1,2,35,4,6,7,2,1,1,2,21,1,8,20,2
87,4190,5801,1,2,54,1,5,7,3,2,1,2,6,1,6,10,2
88,3774,5178,1,2,32,1,2,1,2,2,1,1,39,1,7,17,1
89,5326,7444,2,1,48,4,4,1,2,1,1,1,6,11,3,1,1
90,3340,4548,1,2,24,2,6,7,3,2,1,2,55,11,3,22,2
91,1732,2288,6,1,28,3,2,1,4,2,2,1,25,12,6,2,1
92,3428,4669,1,2,64,1,4,7,2,1,1,2,37,11,1,1,2
93,889,1183,1,2,49,2,3,3,2,2,1,1,17,1,6,15,1
94,199,272,1,2,62,2,7,7,2,1,1,2,26,11,6,6,2
95,4993,6965,3,1,35,3,4,4,2,2,1,1,26,10,6,19,1
96,2554,3405,1,2,67,4,99,7,1,1,1,2,54,1,1,-9,2
97,4449,6178,1,1,50,3,7,7,2,1,1,2,28,1,3,5,2
98,1362,1820,1,2,79,2,2,1,2,2,1,1,42,1,2,-9,1
99,1302,1733,2,2,80,2,4,3,2,1,1,1,28,11,2,2,1
100,2080,2739,1,2,62,3,7,7,1,1,1,2,9,1,7,15,2
101,3193,4334,1,2,45,2,5,6,1,1,1,2,48,1,3,7,2
102,420,565,1,2,54,2,5,5,2,1,1,2,19,2,7,22,2
103,2618,3495,1,1,72,3,3,1,2,2,1,1,42,10,6,21,1
104,2407,3194,1,1,49,1,1,1,1,2,1,2,42,1,3,10,1
105,4302,5953,1,2,54,4,2,4,3,2,1,2,39,9,7,22,1
106,3033,4104,1,1,30,4,1,2,2,2,1,1,25,3,7,19,1
107,3984,5495,1,1,52,2,7,7,2,1,1,2,48,1,3,10,2
108,3806,5229,1,2,66,1,2,3,1,1,1,1,34,12,3,9,1
109,1328,1771,1,2,45,1,5,7,3,1,1,2,48,11,2,11,2
110,3168,4305,1,2,47,1,4,3,1,2,1,1,29,1,1,11,1
111,79,103,1,2,37,2,6,7,2,1,1,2,16,4,4,7,2
112,3489,4761,1,2,28,1,5,6,3,1,1,2,45,1,7,4,2
113,3599,4917,2,2,20,2,99,1,4,1,2,1,13,3,2,1,1
114,2835,3807,1,2,70,2,4,5,1,2,1,1,55,12,95,6,1
115,4466,6201,1,1,50,3,2,1,2,2,1,1,6,9,6,21,1
116,4327,5991,1,1,41,2,6,6,3,2,1,2,29,11,5,19,2
117,3989,5502,4,1,18,3,3,2,2,1,1,1,17,2,2,22,1
118,787,1054,1,2,61,2,5,5,2,1,1,2,18,2,7,18,2
119,4870,6799,3,2,59,4,3,4,2,1,1,1,59,1,3,8,1
120,221,301,1,1,66,4,99,2,2,2,1,2,42,2,6,12,1
121,3319,4519,1,1,65,2,5,5,2,1,1,2,36,2,3,-9,2
122,3107,4214,3,2,39,3,4,5,4,1,2,2,6,3,3,20,1
123,1569,2090,6,1,25,4,4,2,2,2,1,1,42,10,2,3,1
124,1090,1447,3,1,39,1,99,7,4,1,2,2,40,12,2,1,2
125,1662,2195,1,1,55,3,7,7,2,1,1,2,22,1,3,14,2
126,1199,1597,1,2,61,3,7,7,3,1,1,2,36,2,3,10,2
127,1499,2002,1,2,65,1,5,5,2,2,1,2,55,2,4,15,1
128,3396,4628,1,2,70,4,7,7,1,1,1,2,19,1,5,17,2
129,3365,4580,1,2,63,2,6,7,2,1,1,2,6,1,3,8,2
130,5774,8104,1,2,60,2,7,6,3,2,1,2,13,1,6,16,2
131,3441,4688,1,2,41,3,5,6,2,2,1,2,47,9,4,20,2
132,465,621,1,1,80,4,4,5,2,2,1,1,16,12,7,10,2
133,2574,3432,2,2,58,4,4,1,2,2,1,1,48,11,6,4,1
134,4313,5970,1,1,24,4,4,6,1,2,1,1,31,2,7,6,1
135,1559,2079,6,2,30,2,3,2,2,2,1,1,27,10,3,13,1
136,2802,3761,1,2,59,3,2,1,2,1,1,1,11,1,7,21,1
137,1487,1985,1,2,33,2,1,1,1,2,1,1,48,1,6,17,1
138,3700,5069,1,2,59,4,99,4,3,1,1,2,9,1,2,-9,1
139,5884,8256,1,2,49,3,2,1,2,1,1,1,42,1,7,16,1
140,5615,7859,5,1,40,1,7,5,2,1,1,2,26,11,4,14,2
141,1468,1954,1,1,69,2,6,7,1,2,1,2,39,2,5,-9,2
142,3407,4643,1,1,50,3,4,4,2,1,1,1,39,1,6,12,1
143,3297,4488,1,1,30,2,4,3,4,1,1,1,34,12,6,6,1
144,3795,5214,1,1,42,4,2,2,3,2,1,1,8,12,1,18,1
145,3614,4939,4,2,29,3,2,1,1,2,1,1,6,7,6,22,1
146,5789,8122,1,1,42,2,5,6,2,1,1,2,39,12,2,20,2
147,4262,5899,1,1,21,3,4,-8,3,2,1,1,34,6,3,10,1
148,5328,7448,2,2,48,3,2,3,2,2,1,1,17,12,5,19,1
149,1672,2205,5,1,66,4,6,7,4,2,1,2,36,12,5,7,2
150,3727,5112,1,1,39,3,6,6,2,1,1,2,36,5,2,17,2
151,2771,3723,1,2,68,4,4,1,1,1,1,1,17,11,6,-9,1
152,3426,4667,1,1,46,3,5,5,4,2,2,2,56,12,3,17,2
153,1183,1573,4,1,58,4,3,1,1,2,1,1,6,10,8,21,1
154,2656,3550,1,2,71,1,7,7,2,1,1,2,18,1,3,10,2
155,1393,1860,2,1,45,3,2,1,2,1,1,1,48,10,5,22,1
156,5314,7427,1,2,62,2,7,7,2,1,1,2,6,11,4,1,2
157,4882,6815,1,2,80,1,7,7,2,1,1,2,29,2,2,7,2
158,1142,1515,3,1,31,3,4,1,2,1,1,1,34,2,6,19,1
159,805,1078,2,1,31,3,1,1,3,2,1,1,6,11,3,13,1
160,1544,2059,3,2,62,2,99,1,3,1,1,1,57,1,2,5,1
161,2121,2785,1,2,70,3,4,1,2,2,1,1,8,12,2,11,1
162,2915,3924,1,2,32,2,99,4,3,2,1,3,26,10,6,11,1
163,439,590,1,1,66,2,3,4,1,2,1,2,21,1,3,10,1
164,101,133,1,1,62,1,6,7,1,1,1,2,24,2,6,20,2
165,4221,5839,1,2,52,2,3,4,3,2,1,1,6,1,2,2,1
166,5670,7941,1,2,20,4,99,6,3,2,1,2,55,11,2,17,1
167,2177,2858,3,2,24,4,4,2,2,1,1,1,12,11,7,16,1
168,3412,4653,1,2,72,4,99,1,4,2,1,1,53,1,4,-9,1
169,3386,4615,1,2,74,4,6,7,2,1,1,2,29,1,3,17,2
170,4554,6340,1,2,68,2,2,1,1,2,1,1,11,2,3,15,1
171,3813,5239,1,2,46,4,5,5,2,1,1,2,33,9,6,21,2
172,3316,4514,1,2,65,3,2,1,1,2,1,1,17,12,6,15,1
173,4577,6372,1,2,66,2,6,6,2,1,1,2,12,1,6,10,2
174,1272,1692,1,2,63,1,4,1,1,1,1,1,36,11,6,22,1
175,3957,5455,1,2,42,3,5,6,2,2,1,1,17,2,5,21,2
176,3505,4780,3,1,53,3,99,4,1,2,1,1,36,12,3,22,1
177,5411,7574,1,2,41,4,2,1,1,2,1,1,51,9,6,18,1
178,3477,4742,1,2,41,4,2,1,3,2,1,1,18,12,6,22,1
179,3669,5025,1,2,35,3,4,2,3,2,1,1,53,1,8,21,1
180,5235,7315,1,2,80,2,99,6,3,1,1,2,6,5,1,11,1
181,5546,7770,1,2,51,4,4,4,1,1,1,1,44,12,3,2,1
182,2954,3989,1,2,20,2,99,4,4,1,1,1,55,2,3,1,1
183,4797,6694,1,2,43,3,4,3,2,1,2,1,46,7,6,8,1
184,2655,3549,1,1,80,4,6,7,1,1,1,2,53,2,3,22,2
185,3862,5297,1,2,76,3,6,6,2,2,1,2,6,1,2,19,2
186,4932,6881,1,1,23,4,2,2,1,2,1,1,24,10,6,17,1
187,3753,5145,1,1,70,2,7,7,1,2,1,2,31,1,6,13,2
188,4480,6225,1,2,49,3,6,6,2,2,1,2,27,12,3,10,2
189,1706,2250,1,2,36,2,6,6,2,2,1,2,17,1,3,16,2
190,1744,2307,3,1,21,4,4,3,2,1,1,1,51,1,95,19,1
191,5474,7664,1,1,67,3,5,7,2,2,1,2,34,1,2,10,2
192,156,213,1,1,41,2,4,6,2,2,1,2,18,11,6,22,1
193,3916,5382,1,2,57,4,2,1,1,1,1,1,13,11,8,21,1
194,5081,7099,1,2,47,3,4,1,2,2,1,1,36,2,8,20,1
195,3259,4427,1,1,46,2,2,1,2,2,1,1,6,10,2,18,1
196,1175,1562,1,1,77,3,2,1,1,2,1,1,25,1,8,13,1
197,3206,4350,1,2,57,1,7,6,2,1,1,2,51,1,3,17,2
198,233,315,1,2,51,3,6,5,2,1,1,2,6,1,6,15,2
199,4630,6457,1,2,80,2,7,7,2,1,1,2,37,1,3,6,2
200,3901,5361,4,2,60,4,99,7,2,2,1,2,59,2,3,-9,2
201,1962,2589,4,2,69,3,4,1,1,1,1,1,19,8,7,1,1
202,3435,4680,1,1,79,3,6,7,1,1,1,2,59,5,4,1,2
203,3534,4820,1,2,65,2,2,1,2,1,1,1,31,1,6,18,1
204,1411,1881,1,1,50,3,3,1,3,2,1,1,39,11,3,15,1
205,5399,7553,1,1,36,4,3,3,3,2,1,1,6,9,7,9,1
206,2251,2972,1,1,22,2,3,2,2,2,1,1,41,12,3,6,1
207,2673,3583,1,2,23,2,5,5,3,1,1,2,32,4,3,9,2
208,1543,2057,1,2,66,2,3,1,2,1,1,1,36,2,3,15,1
209,1350,1803,1,1,78,3,2,1,1,1,1,1,18,11,8,22,1
210,4391,6089,1,1,26,4,1,2,3,2,1,1,4,9,3,9,1
211,1867,2471,1,2,44,1,4,4,3,2,2,3,39,12,3,6,1
212,132,175,1,1,63,3,4,4,1,1,1,1,4,11,6,16,1
213,5839,8192,6,2,66,1,6,5,2,2,1,2,29,10,7,20,2
214,5483,7678,1,2,36,2,6,7,2,2,2,2,12,1,3,17,2
215,4343,6013,4,1,20,4,6,6,2,1,1,1,36,1,2,14,2
216,167,229,1,1,66,3,4,6,1,1,1,1,51,1,4,13,1
217,696,928,3,1,37,2,3,1,2,2,1,1,48,10,3,15,1
218,4750,6619,6,2,56,2,4,4,2,2,1,1,59,2,3,20,1
219,1261,1677,1,1,80,1,7,7,1,2,1,2,39,1,8,16,2
220,5113,7142,1,2,80,1,4,7,2,1,1,2,4,1,-9,-9,2
221,960,1278,1,2,69,2,4,1,2,2,1,2,50,1,2,9,1
222,810,1086,3,1,25,2,4,3,2,1,1,1,6,10,6,1,1
223,1027,1362,1,2,23,3,6,5,3,1,1,2,13,11,6,11,2
224,751,1005,2,2,41,4,99,1,2,1,1,1,36,1,6,9,1
225,2767,3719,2,2,80,3,4,1,2,1,1,1,59,1,8,20,1
226,4895,6834,2,2,68,4,5,4,2,1,1,1,12,1,7,8,1
227,3554,4850,1,1,41,2,6,7,2,2,1,2,49,12,3,18,2
228,5691,7976,1,2,39,4,4,5,3,2,1,1,27,11,7,21,1
229,534,723,1,1,60,3,4,3,2,2,1,1,51,12,3,12,1
230,4950,6905,1,2,35,4,4,4,3,2,1,1,51,12,3,1,1
231,263,355,1,2,73,2,3,1,3,2,1,1,50,10,2,10,1
232,2288,3028,1,1,48,3,3,3,2,1,1,1,27,10,6,21,1
233,3978,5489,1,2,55,2,3,1,2,2,1,1,34,11,7,17,1
234,4259,5895,1,2,55,2,7,5,3,1,2,2,17,11,4,14,2
235,3269,4448,1,1,32,2,5,7,3,1,1,2,29,11,5,1,2
236,964,1284,1,2,41,4,1,1,1,1,1,1,36,11,6,20,1
237,5035,7029,1,2,77,3,4,2,2,1,1,1,54,1,7,15,1
238,3903,5363,1,2,60,3,2,1,2,2,1,1,20,1,7,16,1
239,5202,7270,1,2,34,3,99,4,2,2,1,2,10,11,4,2,1
240,408,552,1,1,51,2,7,7,4,1,1,2,47,4,2,1,2
241,4066,5613,5,2,42,1,2,1,2,1,1,1,4,2,6,18,1
242,168,230,1,1,70,3,99,7,2,1,1,2,36,2,2,16,2
243,5660,7924,1,2,25,4,4,5,3,2,1,2,34,10,6,2,1
244,755,1012,1,1,58,3,4,5,2,1,1,2,18,1,7,21,1
245,1669,2202,6,2,34,1,4,4,1,2,2,2,55,12,6,17,1
246,5075,7089,2,1,56,2,4,1,2,1,1,1,11,12,3,10,1
247,1695,2233,2,1,54,3,4,1,1,1,1,1,59,11,7,10,1
248,3839,5270,1,1,80,2,4,4,1,1,1,1,49,4,8,18,1
249,4985,6954,1,2,56,3,4,6,3,1,1,2,22,2,6,19,1
250,2821,3790,1,2,30,3,5,6,3,2,1,1,17,2,7,20,2
251,5403,7560,2,2,32,4,5,6,2,1,1,1,32,1,6,15,1
252,952,1268,1,2,52,3,6,7,2,1,1,2,6,-9,6,20,2
253,80,104,1,1,36,1,6,7,2,1,1,2,18,11,6,17,2
254,3034,4105,1,2,66,3,2,1,1,1,1,1,24,2,7,21,1
255,5157,7205,1,2,22,3,6,5,2,1,1,2,26,2,3,15,2
256,2318,3071,1,2,67,3,1,1,1,2,1,1,6,12,7,4,1
257,5740,8046,1,2,69,3,4,1,1,1,1,1,42,2,2,8,1
258,4420,6132,1,1,80,2,7,7,1,1,1,2,18,1,3,4,2
259,5008,6989,2,2,39,4,4,1,3,1,2,1,1,12,3,5,1
260,5508,7711,4,2,44,3,3,2,2,1,1,1,26,1,7,10,1
261,1456,1938,6,2,47,2,6,6,2,1,1,2,12,1,6,17,2
262,2900,3901,1,2,61,1,7,6,1,1,1,2,1,1,4,11,2
263,4439,6167,1,2,34,1,5,4,2,2,1,3,1,11,2,10,2
264,3624,4950,2,2,42,1,4,1,4,2,1,1,22,11,7,8,1
265,1539,2052,1,2,50,3,4,4,1,1,1,1,59,3,2,22,1
266,17,22,1,1,24,4,2,3,1,2,1,1,36,10,6,21,1
267,800,1071,1,1,59,3,6,7,4,1,1,2,1,2,6,1,2
268,2699,3624,1,1,69,3,3,3,1,2,1,1,56,1,6,11,1
269,1740,2302,1,2,66,2,6,5,2,1,1,2,33,1,3,16,2
270,4128,5707,1,2,71,3,6,7,2,1,1,2,29,2,3,6,2
271,3576,4881,2,1,59,4,5,1,2,1,1,1,39,11,3,6,1
272,5614,7858,1,1,25,3,6,7,4,1,1,2,48,11,5,9,2
273,561,760,1,1,39,4,3,1,1,1,1,1,17,7,6,21,1
274,586,789,1,1,56,2,6,6,3,1,1,2,41,2,6,22,2
275,5243,7324,3,2,25,3,3,2,2,2,1,1,24,5,6,20,1
276,4774,6659,1,2,27,3,6,7,2,1,1,2,48,1,7,21,2
277,5378,7524,1,1,66,4,4,1,2,1,1,1,42,2,3,3,1
278,308,412,1,2,52,3,6,2,2,2,1,1,12,11,6,16,2
279,4845,6766,1,1,52,2,99,3,2,2,1,1,17,11,2,1,1
280,5273,7367,2,1,77,2,99,3,2,1,1,1,13,11,6,17,1
281,1129,1498,1,1,73,3,6,7,1,1,1,2,39,12,1,5,2
282,4865,6789,1,1,71,2,3,1,1,1,1,1,41,11,3,5,1
283,5595,7834,1,2,72,2,4,3,2,2,1,1,36,12,6,8,1
284,4099,5663,1,2,65,2,6,7,2,1,1,2,48,1,7,9,2
285,783,1049,1,1,78,1,4,7,2,1,1,2,22,2,6,1,2
286,4055,5601,2,2,61,4,2,1,1,1,1,1,6,1,7,10,1
287,14,18,1,2,62,3,2,1,2,1,1,1,17,2,6,-9,1
288,2104,2766,3,1,42,4,6,7,2,2,1,2,6,1,2,14,2
289,3258,4426,1,1,51,2,6,7,2,1,1,2,42,1,3,18,2
290,3315,4512,1,1,80,4,6,6,2,2,1,2,6,2,6,18,2
291,5241,7322,1,2,19,4,1,1,2,1,2,1,37,9,3,1,1
292,1507,2013,1,2,55,1,5,6,2,1,1,2,20,1,4,22,2
293,1586,2108,1,1,62,4,5,5,1,1,1,2,6,1,3,22,2
294,2678,3590,1,2,36,3,5,5,2,1,1,2,42,2,8,21,2
295,65,84,1,2,44,4,3,2,1,1,1,1,12,1,6,21,1
296,3887,5338,1,1,34,4,7,6,1,2,1,2,39,2,2,15,2
297,2389,3164,1,1,65,1,1,3,1,1,1,4,37,11,3,1,1
298,1840,2432,2,2,41,2,99,3,3,1,2,1,2,1,8,1,1
299,2154,2827,1,2,63,2,6,7,1,1,1,2,20,1,5,16,2
300,3276,4459,1,2,73,3,6,7,2,1,1,2,42,1,6,15,2
301,4930,6878,3,1,37,4,3,2,2,2,1,1,34,11,7,-9,1
302,4684,6534,1,2,77,3,6,5,2,1,1,2,36,1,3,15,2
303,4902,6842,1,2,40,4,6,7,2,2,1,2,16,12,2,11,2
304,2302,3050,3,2,60,4,4,1,2,1,1,1,6,2,1,10,1
305,2329,3084,1,2,45,3,99,1,3,2,1,1,42,12,6,17,1
306,88,114,1,1,57,4,3,6,2,1,1,2,59,2,6,8,1
307,2358,3120,1,2,68,2,2,1,1,2,1,1,12,10,3,5,1
308,4463,6198,1,2,58,4,3,2,1,2,1,1,26,11,3,-9,1
309,3733,5118,1,1,74,4,6,7,2,2,1,2,17,2,8,12,2
310,3479,4744,1,1,67,2,6,5,2,2,1,2,36,12,7,13,2
311,877,1169,1,2,31,3,2,1,2,2,1,1,6,10,6,22,1
312,1623,2150,1,2,61,3,1,1,2,2,1,1,34,2,6,18,1
313,4814,6720,1,1,73,4,2,1,2,2,1,1,25,11,6,14,1
314,4173,5775,4,2,58,3,6,7,2,2,1,2,59,1,4,14,2
315,5473,7663,2,2,51,3,2,1,2,2,1,1,39,11,6,21,1
316,977,1297,1,2,62,1,4,2,2,1,1,2,47,11,4,2,1
317,1905,2517,3,1,50,2,4,3,2,2,1,1,4,2,6,19,1
318,1886,2497,1,2,68,3,4,5,1,1,1,1,17,2,2,8,2
319,2346,3105,1,1,76,2,6,7,1,1,1,2,36,2,6,1,2
320,3270,4449,1,1,69,3,5,5,2,1,1,2,9,2,3,15,2
321,2339,3094,3,1,60,4,7,5,1,1,1,2,34,1,2,13,2
322,5522,7731,1,2,48,1,2,1,2,2,1,1,39,12,6,16,1
323,3196,4337,1,2,76,2,5,7,1,1,1,2,44,11,6,5,2
324,5302,7411,1,2,63,3,2,1,2,2,1,1,34,1,6,1,1
325,5850,8207,1,2,45,4,3,3,3,1,1,1,4,12,7,1,1
326,1505,2011,2,2,80,4,99,1,2,1,1,1,26,1,5,6,1
327,3109,4217,3,1,37,4,99,3,1,2,1,1,35,11,3,6,1
328,426,573,1,2,45,1,6,7,2,2,1,2,6,2,2,16,2
329,530,718,2,1,43,3,3,3,3,1,1,1,17,11,6,20,1
330,5310,7420,1,2,41,3,99,1,3,2,1,1,12,12,4,5,1
331,4182,5788,2,2,75,4,2,1,2,1,1,1,28,11,5,22,1
332,5217,7291,1,2,76,3,4,3,2,2,1,1,37,1,6,20,1
333,181,249,1,1,60,1,4,1,3,2,1,1,18,12,7,17,1
334,5527,7739,1,1,59,1,2,1,1,2,1,1,39,2,3,11,1
335,401,540,1,2,39,1,5,5,3,1,1,2,29,1,6,21,2
336,1101,1460,1,2,61,1,6,5,2,1,1,2,47,1,2,15,2
337,1954,2579,1,1,51,2,6,5,2,1,1,2,25,12,2,3,2
338,1831,2422,6,1,40,4,6,6,3,2,1,2,40,9,7,1,2
339,3559,4860,1,1,43,1,5,7,3,2,1,2,13,1,2,9,-1
340,2146,2818,3,1,59,4,6,5,1,2,1,2,48,2,3,4,2
341,3625,4952,1,2,58,4,3,4,1,2,1,1,12,12,7,6,1
342,5367,7506,1,2,74,1,4,2,2,2,1,2,24,1,5,16,1
343,3829,5257,1,2,77,4,4,1,2,1,1,1,42,1,4,11,1
344,259,351,1,2,56,3,2,1,1,2,1,1,34,10,7,21,1
345,279,376,1,1,59,2,99,1,3,2,1,1,42,2,2,11,1
346,1144,1520,3,2,35,4,7,7,2,1,1,2,39,11,6,17,2
347,198,271,1,2,35,4,2,1,2,2,1,1,39,11,3,4,1
348,5152,7200,1,2,38,4,2,3,3,2,1,1,26,12,8,18,1
349,1892,2503,1,1,34,2,4,5,3,1,1,1,30,2,3,15,2
350,544,734,1,1,53,3,7,7,2,1,1,2,13,1,6,20,2
351,4540,6318,1,2,36,2,99,7,4,2,1,2,23,1,1,6,2
352,1351,1804,3,1,26,2,99,7,2,2,1,2,12,12,5,17,2
353,553,751,1,1,73,2,6,7,2,2,1,2,36,2,6,10,2
354,681,909,1,1,36,3,6,6,2,1,1,2,26,1,6,16,2
355,3130,4248,2,1,44,4,4,1,2,1,1,1,24,1,3,7,1
356,2022,2662,1,1,60,4,2,2,1,2,1,1,4,5,6,21,1
357,2306,3055,1,1,55,1,2,7,2,1,1,2,1,12,3,2,2
358,599,806,3,1,80,2,5,1,2,1,1,1,-9,2,2,5,1
359,3418,4659,2,1,67,4,99,1,3,1,1,1,48,11,4,1,1
360,763,1024,1,1,80,2,6,6,3,1,2,1,21,1,6,17,2
361,3661,5006,1,1,35,2,5,4,1,2,1,1,12,11,2,15,2
362,2918,3929,1,1,36,2,99,4,4,2,1,2,8,12,1,11,2
363,1297,1728,1,1,43,2,6,7,2,2,1,2,55,2,4,8,2
364,747,1001,1,2,66,1,2,7,2,1,1,2,51,11,3,5,2
365,15,19,1,2,80,3,3,2,2,1,1,1,55,2,2,5,1
366,5893,8268,1,2,68,3,6,7,2,2,1,2,36,2,5,19,2
367,351,476,2,1,30,3,6,5,1,1,1,2,48,11,7,21,2
368,2484,3304,1,1,65,1,6,5,2,1,1,2,10,1,7,22,2
369,1726,2278,1,2,43,4,4,2,2,1,1,1,48,1,6,18,1
370,2534,3379,1,2,80,3,2,4,3,2,1,1,26,12,6,20,1
371,3708,5081,1,1,52,2,6,7,2,2,1,2,39,12,3,12,2
372,5044,7043,1,1,28,2,99,4,4,2,2,2,27,12,4,15,-1
373,371,500,1,1,45,2,6,7,1,2,1,2,30,12,2,10,2
374,712,953,2,1,70,4,4,2,3,1,1,1,12,11,3,3,1
375,2117,2780,1,2,31,4,4,1,1,1,1,1,36,12,6,14,1
376,5089,7110,1,2,52,4,6,7,2,1,1,2,12,1,4,18,2
377,5568,7801,1,1,67,4,3,3,1,1,1,1,48,11,8,16,1
378,2968,4009,1,1,68,1,7,7,2,1,1,2,34,1,3,19,2
379,1215,1619,1,1,36,2,3,2,2,2,1,1,13,9,5,19,1
380,1193,1589,4,1,25,2,99,7,2,1,1,2,27,1,2,4,2
381,2517,3357,3,2,60,4,99,7,2,1,1,2,45,11,3,4,2
382,5427,7598,1,2,47,1,4,5,4,-9,2,2,26,12,7,13,1
383,2462,3271,3,1,80,4,4,1,2,2,1,1,57,2,2,15,1
384,926,1234,1,2,51,3,6,7,2,2,1,2,6,12,6,1,2
385,3881,5328,1,1,66,1,6,7,3,2,2,2,13,11,2,16,2
386,5238,7318,1,2,68,1,99,4,2,1,1,1,42,1,7,13,1
387,4559,6345,1,1,37,4,3,3,1,2,1,1,44,2,6,8,1
388,2135,2803,1,1,55,3,2,1,1,2,1,1,6,9,4,12,1
389,2463,3272,1,2,51,1,6,7,3,1,1,2,40,11,3,13,2
390,5814,8154,4,1,66,3,5,5,2,2,1,2,59,6,8,19,1
391,4901,6841,1,1,36,4,3,3,1,2,1,1,53,9,3,19,1
392,2173,2852,6,2,38,3,6,7,2,1,1,2,6,11,6,17,2
393,3641,4973,1,1,35,2,5,6,3,1,1,2,38,12,6,14,2
394,5601,7842,1,2,79,3,6,7,2,1,1,2,26,11,3,14,2
395,1699,2239,1,2,43,3,3,1,1,2,1,1,51,12,6,14,1
396,2881,3871,1,2,19,4,1,1,2,2,1,1,6,12,2,18,1
397,4868,6796,2,2,80,1,4,1,2,1,1,1,28,11,2,6,1
398,3830,5258,1,2,67,3,2,2,2,2,1,1,55,2,5,17,1
399,3499,4772,1,2,75,3,5,7,1,1,1,2,42,1,6,10,2
400,3728,5113,2,2,20,1,7,1,2,2,2,1,40,1,2,2,1
401,1634,2162,1,2,53,3,6,6,1,1,1,2,18,1,5,16,2
402,4427,6153,6,2,38,3,6,7,3,2,1,2,48,1,6,21,2
403,501,666,1,2,35,3,2,1,2,1,1,1,8,11,3,10,1
404,5532,7750,1,2,58,3,4,5,1,1,1,4,8,1,6,10,1
405,8,10,3,2,37,4,99,1,4,2,1,1,59,1,2,9,1
406,5140,7182,1,2,25,3,2,2,1,2,1,1,17,10,4,12,1
407,3518,4797,1,2,74,3,4,4,2,1,1,1,38,12,7,19,1
408,2451,3258,1,1,80,1,7,7,1,1,1,2,29,1,2,11,2
409,3442,4689,2,1,72,1,99,3,1,2,1,1,12,12,6,17,1
410,2254,2976,1,2,80,4,6,7,1,1,1,2,54,2,3,-9,2
411,37,47,1,1,38,1,3,3,2,2,1,1,27,10,6,21,1
412,3274,4456,1,1,69,3,2,1,1,2,1,1,21,2,6,13,1
413,230,312,1,1,56,4,2,1,1,1,1,1,55,1,6,10,1
414,4387,6082,6,1,29,4,3,4,1,2,1,1,41,10,3,4,1
415,535,724,1,1,75,3,3,1,1,1,1,1,27,2,3,9,1
416,576,777,1,2,66,2,7,7,3,1,2,2,1,11,4,15,2
417,5060,7065,1,1,59,1,7,7,1,1,2,2,29,11,2,5,2
418,1862,2465,1,2,40,2,4,6,3,2,1,1,42,2,6,17,1
419,1371,1829,2,2,55,3,4,2,2,1,1,1,28,11,3,1,1
420,373,502,1,1,73,3,6,7,2,1,1,2,42,1,7,11,2
421,5515,7723,2,1,30,4,4,1,1,1,2,1,17,1,7,15,1
422,2218,2928,5,1,67,4,4,1,1,1,1,1,36,8,6,9,1
423,33,43,1,2,53,2,7,7,2,2,1,2,20,1,6,19,2
424,4685,6535,1,2,80,1,6,7,2,1,1,2,40,1,2,13,2
425,44,58,1,1,48,2,4,6,2,1,1,1,39,12,2,9,1
426,4608,6422,3,2,65,4,2,6,4,2,2,2,18,11,2,2,1
427,3970,5479,1,1,37,4,1,3,2,2,1,1,25,9,6,15,1
428,2815,3782,4,1,73,4,5,6,3,1,1,1,6,12,3,7,1
429,2873,3856,1,1,33,3,3,1,2,2,1,1,6,12,8,22,1
430,4404,6110,1,2,72,1,3,1,1,1,1,1,42,2,95,21,1
431,4105,5673,2,2,29,3,4,3,4,1,1,1,59,1,7,22,1
432,4836,6751,1,2,32,4,3,1,1,1,1,1,48,12,7,21,1
433,1879,2487,1,1,46,2,4,4,3,1,1,2,17,2,3,3,1
434,4119,5692,1,2,61,3,5,4,1,2,1,1,34,5,6,11,1
435,325,434,1,2,71,2,2,1,2,1,1,1,39,2,3,4,1
436,1397,1864,1,1,49,2,2,3,2,2,1,1,18,12,6,10,1
437,2118,2781,5,2,64,4,7,7,2,2,1,2,36,2,1,1,2
438,3575,4880,1,2,24,4,2,1,2,2,1,1,39,10,6,10,1
439,1172,1557,4,1,61,3,2,3,1,2,1,1,6,5,7,22,1
440,4916,6859,1,2,33,2,6,7,2,1,1,2,36,2,6,17,2
441,3488,4760,1,1,48,1,4,6,3,2,1,2,36,11,1,21,2
442,63,81,1,2,78,4,7,7,1,1,1,2,41,1,3,10,2
443,4112,5682,1,1,47,4,6,6,2,1,1,2,39,11,3,1,2
444,2410,3197,3,2,54,3,3,1,2,1,1,1,48,2,2,5,1
445,1632,2160,6,2,80,2,4,6,2,1,1,2,36,-9,7,-9,1
446,3167,4303,1,2,51,3,2,1,2,2,1,1,34,9,2,12,1
447,1038,1374,1,2,26,2,4,4,1,1,1,2,39,10,6,17,1
448,4672,6514,1,2,50,4,2,2,2,2,1,1,36,12,6,21,1
449,2955,3991,1,2,47,4,2,2,2,2,1,1,39,12,6,10,1
450,1488,1988,1,1,29,2,6,7,4,1,1,2,42,11,4,21,2
451,3975,5485,1,2,44,3,6,7,1,1,1,2,48,1,6,16,2
452,4396,6096,2,1,51,4,99,5,3,2,1,3,51,10,3,1,2
453,1321,1762,1,2,63,2,2,1,2,2,1,1,55,11,4,5,1
454,3816,5242,6,1,27,3,4,3,2,2,1,1,26,6,6,20,1
455,2543,3390,2,2,61,4,4,2,3,2,1,1,4,11,3,7,1
456,2732,3671,4,1,47,3,4,5,1,2,1,2,6,12,6,10,1
457,1438,1913,6,1,25,2,5,5,2,2,1,2,42,11,6,10,2
458,2658,3555,1,2,38,2,3,3,2,2,1,1,20,10,6,11,1
459,5020,7007,1,2,38,1,4,7,3,2,1,2,42,1,5,9,2
460,3605,4926,1,2,72,3,3,1,2,2,1,1,25,1,6,17,1
461,1937,2559,1,1,39,4,6,6,1,1,1,2,42,5,6,14,2
462,1513,2021,1,2,64,2,2,1,2,1,1,1,-9,9,7,16,1
463,1084,1440,5,2,50,1,4,1,1,1,1,1,36,11,3,4,1
464,4283,5927,1,2,73,4,2,1,2,2,1,1,6,5,6,17,1
465,2225,2937,3,1,47,4,6,7,2,1,2,2,34,12,6,17,2
466,4629,6455,3,2,38,4,5,6,2,1,1,1,17,1,5,20,2
467,5452,7635,1,1,57,2,3,3,2,2,1,1,39,1,6,18,1
468,3213,4361,1,1,80,3,3,1,1,1,1,1,12,1,8,11,1
469,2480,3297,1,2,66,4,4,4,2,2,2,1,25,2,3,1,1
470,2801,3760,1,1,80,3,6,7,2,1,1,2,42,2,6,1,2
471,1741,2303,2,1,64,2,4,1,2,1,1,1,36,11,4,7,1
472,324,433,1,2,57,4,4,1,2,1,1,1,18,11,7,19,1
473,676,903,1,2,72,2,4,1,2,1,1,1,42,1,6,10,1
474,5388,7538,1,1,80,2,6,7,1,1,1,2,31,1,8,16,2
475,5356,7484,1,2,20,2,6,7,3,1,1,2,12,1,2,15,2
476,1654,2185,3,2,44,1,2,1,2,2,1,1,26,1,4,17,1
477,1961,2588,1,2,72,4,5,3,2,1,1,1,59,3,6,6,1
478,5889,8261,-8,1,25,4,1,4,4,2,2,1,29,12,3,1,3
479,4165,5765,1,1,38,3,1,1,1,2,1,1,31,10,6,15,1
480,2519,3359,1,1,69,4,3,4,2,2,1,1,26,9,8,22,1
481,1670,2203,1,1,77,2,7,7,1,1,1,2,6,1,4,13,2
482,1978,2608,1,1,54,3,6,5,2,1,1,1,50,1,6,18,2
483,1694,2230,1,1,80,1,3,1,2,1,1,1,42,10,7,8,1
484,4762,6638,1,2,45,2,4,5,2,1,1,2,46,2,7,18,1
485,1864,2467,1,1,75,4,3,3,1,1,1,1,26,2,4,15,1
486,1204,1605,6,1,41,3,3,4,1,2,1,1,11,12,6,19,1
487,1170,1551,6,2,35,1,7,7,2,1,1,2,51,1,5,1,2
488,2299,3044,1,1,56,1,4,7,2,1,1,2,22,11,2,12,2
489,1782,2362,3,2,71,2,3,3,1,1,2,1,16,11,6,10,1
490,5698,7984,1,1,26,2,2,2,2,1,1,1,55,2,6,17,1
491,3864,5300,1,2,68,1,6,7,3,1,1,2,28,1,4,4,2
492,3247,4412,-9,1,50,3,6,5,3,1,1,1,36,2,8,18,2
493,4310,5965,3,1,68,4,4,1,2,1,1,1,59,2,1,11,1
494,2004,2640,1,1,50,3,3,6,2,2,1,1,55,11,4,19,1
495,410,554,2,2,45,4,99,1,2,2,1,1,37,11,5,5,1
496,4194,5806,1,1,32,3,5,5,2,1,1,2,49,4,7,11,2
497,3017,4082,1,2,34,1,99,6,2,2,1,2,18,12,3,11,1
498,3690,5055,1,1,50,2,5,6,2,1,1,1,36,2,7,17,2
499,1109,1470,1,2,67,2,3,1,2,2,1,1,6,12,8,19,1
500,2948,3977,1,2,62,1,6,5,2,1,1,2,37,1,3,4,2
501,5720,8014,1,2,49,3,2,3,2,-8,1,1,27,1,7,-9,1
502,1737,2297,1,2,75,1,6,7,3,2,1,2,29,1,2,19,2
503,1033,1369,1,2,51,3,3,2,1,2,1,1,42,2,6,21,1
504,3616,4941,1,2,52,4,3,2,2,1,1,1,59,2,7,21,1
505,297,398,5,1,32,3,99,2,3,1,1,1,17,2,8,19,1
506,4017,5542,3,2,27,3,99,1,2,2,1,1,48,12,4,10,1
507,4717,6577,1,2,77,2,6,7,3,1,1,2,17,1,2,9,2
508,2303,3051,4,1,60,4,3,3,2,2,1,1,12,12,6,20,1
509,1370,1828,1,2,28,3,6,7,2,1,1,2,24,2,4,8,2
510,742,995,1,2,51,4,4,1,2,2,1,1,49,4,3,11,1
511,2728,3666,1,2,80,1,6,7,2,1,1,2,1,1,7,8,2
512,2788,3745,6,1,29,3,5,5,2,1,1,1,59,1,5,19,2
513,3914,5380,1,2,50,2,99,3,2,2,1,1,39,9,6,20,1
514,4935,6884,1,2,65,4,2,1,1,2,1,1,20,2,3,18,1
515,240,323,1,2,67,1,7,7,1,1,1,2,31,2,4,18,2
516,4362,6041,1,2,41,4,5,7,2,1,1,2,53,11,4,17,2
517,2226,2941,3,2,41,3,3,4,2,2,1,1,20,11,6,17,1
518,1595,2118,1,2,55,4,99,2,2,2,1,1,39,2,6,21,1
519,1729,2284,1,1,57,2,7,7,1,2,1,2,36,2,2,18,2
520,3378,4602,1,2,60,3,6,7,2,1,2,2,27,1,4,13,2
521,3794,5210,1,1,29,3,4,4,1,2,1,3,36,9,8,11,1
522,4308,5961,1,1,64,1,6,6,2,2,1,2,13,1,2,9,2
523,683,911,1,1,45,2,4,2,2,2,1,1,42,12,6,16,1
524,3491,4763,1,1,31,1,6,7,1,1,1,2,36,11,3,21,2
525,2770,3722,1,2,41,2,6,6,2,1,1,2,42,11,3,22,2
526,5710,8000,1,1,71,3,4,3,2,2,1,1,42,2,7,19,1
527,1858,2460,1,1,39,3,2,1,1,2,1,1,6,12,6,14,1
528,3664,5013,1,2,25,1,2,3,2,2,1,1,18,1,3,9,1
529,3119,4231,4,1,22,2,3,2,2,2,1,1,24,10,6,20,1
530,333,448,1,1,31,2,6,6,3,1,2,2,51,11,6,9,2
531,1002,1326,1,2,46,3,2,2,1,2,1,1,46,10,8,17,1
532,4506,6264,1,2,73,2,3,3,4,2,1,1,37,1,4,17,1
533,1545,2060,3,2,37,3,2,1,2,2,1,1,20,12,7,11,1
534,3872,5316,1,2,52,1,5,2,3,2,1,1,6,12,6,4,2
535,2951,3980,4,2,19,3,2,2,2,1,1,1,17,2,2,1,1
536,746,999,1,1,70,1,5,6,2,2,1,2,53,12,1,-9,2
537,3447,4694,3,2,39,2,2,1,2,2,1,1,48,11,3,14,1
538,764,1025,1,1,66,1,5,6,2,2,1,2,48,1,2,7,2
539,247,332,1,1,65,3,6,7,1,1,1,2,48,1,6,19,2
540,4866,6793,1,2,70,2,3,3,2,2,1,1,30,11,3,3,1
541,2846,3823,1,2,80,3,4,4,2,1,1,1,54,1,95,11,1
542,4478,6220,1,2,28,3,3,3,1,2,1,1,47,1,6,15,1
543,3891,5345,1,1,25,1,6,7,2,1,1,2,19,1,2,8,2
544,4603,6414,3,1,65,2,4,1,2,1,1,1,57,11,2,6,1
545,5540,7759,1,1,36,3,4,3,2,2,1,1,37,12,6,21,1
546,1964,2591,1,1,76,1,2,1,1,2,1,1,6,7,95,1,1
547,3956,5454,1,2,37,4,6,5,2,1,1,2,48,1,8,17,2
548,1173,1559,3,1,62,2,4,7,2,1,1,2,48,11,2,10,1
549,5054,7057,3,1,30,2,4,7,2,2,1,2,48,2,3,10,2
550,4086,5643,1,2,76,4,99,5,2,2,1,1,42,1,2,-9,2
551,4678,6523,2,1,49,3,99,3,3,2,1,1,17,12,2,19,1
552,4500,6255,1,2,77,2,99,1,3,2,1,1,36,1,3,10,1
553,4159,5755,6,2,34,1,6,5,3,2,1,3,41,1,6,10,2
554,1032,1368,1,1,38,2,4,6,3,1,1,2,34,2,6,22,1
555,5829,8177,6,2,56,1,4,5,2,2,2,2,47,1,6,3,1
556,315,421,1,1,36,3,2,3,4,1,1,1,33,11,6,16,1
557,5072,7086,1,2,61,2,3,2,2,2,1,1,6,10,8,22,1
558,1219,1625,1,1,67,2,2,1,2,2,1,1,55,1,6,11,1
559,149,198,1,2,33,3,7,7,3,1,1,2,47,1,8,1,2
560,1176,1564,1,2,25,3,2,1,2,2,1,1,47,12,7,18,1
561,1268,1688,1,2,33,4,2,1,2,2,1,1,24,12,8,21,1
562,290,391,1,2,80,1,4,1,1,1,1,1,20,2,2,4,1
563,453,605,1,1,44,3,4,5,2,2,1,2,6,10,5,11,2
564,598,805,1,2,79,1,2,1,1,1,1,1,42,1,2,-9,1
565,879,1171,3,1,70,1,6,7,2,1,1,2,26,11,2,4,2
566,4082,5634,1,2,53,4,2,2,2,1,1,1,39,11,7,9,1
567,5741,8049,1,2,63,2,6,7,2,1,1,2,22,1,6,3,2
568,5503,7706,1,2,63,1,6,5,2,1,1,2,30,4,2,16,2
569,5137,7177,2,1,60,4,2,1,2,1,1,1,39,11,6,9,1
570,5565,7797,1,1,52,3,3,1,1,2,1,1,34,12,7,13,1
571,5617,7863,1,2,51,4,3,5,1,1,1,2,39,11,7,12,1
572,4535,6310,1,2,37,4,2,1,1,2,1,1,36,12,6,17,1
573,2163,2841,1,2,36,1,7,6,3,1,1,2,1,11,6,15,2
574,2615,3492,1,1,38,3,2,3,2,2,1,1,59,2,95,22,1
575,1789,2371,1,1,42,3,3,6,2,2,1,1,36,1,6,22,1
576,3349,4559,1,2,53,1,4,6,4,2,1,2,53,12,6,2,1
577,3208,4354,1,1,49,1,5,6,2,2,1,2,47,1,6,20,2
578,4256,5892,1,2,80,1,4,4,2,2,1,1,6,12,6,13,1
579,5757,8073,1,1,78,4,2,1,1,2,1,1,39,12,8,22,1
580,655,877,1,2,35,1,7,7,4,2,1,2,47,1,6,19,2
581,4800,6699,1,1,71,4,6,7,2,2,1,2,8,12,3,5,2
582,4999,6973,1,2,73,4,6,5,1,1,1,2,17,2,2,12,2
583,1897,2508,2,1,50,4,4,3,1,2,1,1,39,12,3,4,1
584,3958,5459,1,2,66,4,2,1,1,2,1,1,25,5,7,10,1
585,5154,7202,1,1,71,2,6,7,1,1,1,2,41,12,3,10,2
586,3550,4844,4,2,18,2,5,6,4,1,1,2,41,1,2,16,2
587,381,513,1,1,73,2,7,7,1,2,1,2,19,1,4,12,2
588,604,813,1,2,75,4,4,3,1,2,1,1,41,12,7,4,1
589,4366,6046,6,1,38,4,2,3,1,2,1,1,6,9,6,11,1
590,422,568,1,2,77,3,6,7,2,2,1,2,6,2,3,-9,2
591,4546,6329,1,1,75,1,2,1,2,2,1,1,42,1,3,18,1
592,1253,1666,1,2,43,1,7,7,3,1,1,2,28,1,95,16,2
593,1181,1571,1,1,78,3,6,6,2,2,1,2,9,2,6,13,2
594,5656,7918,1,2,63,4,5,7,2,1,1,2,1,1,6,17,2
595,124,165,1,1,30,4,2,3,1,2,1,1,24,11,6,7,1
596,102,134,1,2,37,1,2,4,1,2,1,1,49,9,8,17,1
597,3612,4936,1,2,72,4,2,1,2,2,1,1,49,1,3,-9,1
598,5462,7650,1,2,54,3,6,7,1,2,1,2,55,1,6,12,2
599,1335,1783,1,2,42,3,2,1,1,1,1,1,25,2,8,22,1
600,5429,7602,1,1,75,3,3,1,1,2,1,1,17,10,3,8,1
601,4365,6045,1,2,33,1,7,7,2,2,1,2,26,12,95,10,2
602,5118,7148,1,2,69,2,2,1,1,1,1,1,50,1,95,3,1
603,3334,4538,1,1,44,1,5,5,1,2,1,1,13,9,7,22,2
604,1483,1975,1,1,63,1,4,3,2,2,1,1,31,12,6,18,1
605,135,180,1,2,69,4,6,7,1,1,1,2,34,1,7,15,2
606,4574,6368,1,2,52,2,99,7,2,1,1,2,10,11,2,1,2
607,2057,2712,4,1,63,3,4,5,3,2,1,1,59,12,7,15,1
608,5048,7048,1,1,62,2,6,7,2,1,1,2,50,11,6,20,2
609,4290,5938,1,2,76,3,2,1,1,2,1,1,19,1,6,17,1
610,2164,2842,1,2,80,4,5,7,2,1,1,2,55,1,3,10,2
611,1566,2087,1,2,35,2,5,6,3,2,1,2,6,11,4,9,1
612,893,1190,1,2,62,4,99,3,2,1,1,1,49,3,6,-9,1
613,1042,1380,1,2,33,1,5,6,4,1,1,2,17,2,5,19,1
614,4663,6504,1,2,52,2,6,7,2,1,1,2,45,1,6,7,2
615,2244,2965,1,1,65,4,2,5,1,2,1,2,59,1,7,21,1
616,1803,2389,1,2,79,1,4,5,1,1,1,2,6,1,4,9,1
617,1454,1935,1,1,30,4,1,3,4,2,1,1,24,12,3,16,1
618,3792,5206,3,1,66,1,6,6,1,1,1,2,12,2,3,10,2
619,865,1153,1,1,63,1,6,7,2,2,1,2,12,1,6,7,2
620,5350,7476,3,2,18,4,1,1,1,2,1,1,48,2,95,4,1
621,3724,5107,1,2,28,4,2,2,2,2,1,1,39,12,3,14,1
622,5586,7824,1,1,27,4,1,1,1,2,1,1,48,9,6,14,1
623,3106,4213,1,2,80,3,6,7,2,1,1,2,6,1,6,14,2
624,144,192,2,2,29,3,4,4,4,1,1,1,20,11,5,17,1
625,380,512,4,2,40,4,2,3,2,1,1,1,59,8,7,22,1
626,1436,1911,1,2,70,3,3,1,2,2,1,1,6,2,8,9,1
627,3859,5293,1,2,57,2,6,7,2,1,1,2,8,11,3,17,2
628,3237,4393,5,1,53,3,4,5,1,1,1,2,20,11,6,8,1
629,121,160,1,1,62,2,7,7,3,1,2,2,21,1,2,18,2
630,611,820,1,2,41,1,6,6,2,2,1,2,31,2,6,1,2
631,2273,3007,1,2,47,3,5,7,2,2,1,2,37,12,5,-9,2
632,1197,1595,1,2,66,4,4,4,2,1,1,1,26,2,2,2,1
633,418,563,6,2,36,2,1,1,1,2,1,1,6,9,7,20,1
634,2181,2867,2,2,37,2,99,4,3,2,1,2,12,12,3,1,1
635,4209,5825,1,1,59,3,7,7,1,1,1,2,5,1,6,17,2
636,1600,2123,1,2,72,1,6,7,2,1,1,2,47,1,95,10,2
637,3949,5442,3,2,33,3,3,3,2,2,1,1,8,12,3,12,1
638,5776,8107,1,2,35,1,6,5,2,2,1,1,42,1,5,16,2
639,915,1220,2,2,66,4,2,1,3,1,1,1,34,11,7,11,1
640,2742,3682,1,2,70,1,3,1,2,1,1,1,6,1,8,21,1
641,1344,1793,1,1,55,1,7,7,2,2,1,2,13,11,3,4,2
642,3080,4171,2,2,23,2,3,1,2,2,1,1,21,1,6,9,1
643,248,334,6,2,38,2,99,7,2,1,1,3,45,11,7,1,2
644,3837,5267,1,2,33,3,3,3,2,2,1,1,-9,2,6,10,1
645,4338,6008,1,2,56,4,6,7,2,1,1,2,48,1,6,21,2
646,447,599,1,2,45,2,2,4,2,2,1,1,21,10,7,2,1
647,4320,5981,1,2,23,3,2,3,3,2,1,1,37,12,6,7,1
648,4873,6802,1,2,51,2,6,7,1,1,1,2,19,1,7,-9,2
649,4303,5954,1,2,50,2,4,4,3,1,1,2,36,2,6,17,1
650,2902,3904,2,1,23,3,2,1,3,1,1,1,13,1,6,19,1
651,2187,2874,1,2,27,4,3,1,2,2,1,1,26,12,5,8,1
652,3434,4679,1,1,62,2,3,3,3,2,1,1,17,12,2,17,1
653,3383,4610,1,2,59,2,6,5,2,2,1,2,6,12,7,15,2
654,3260,4428,1,1,64,3,4,1,2,2,1,1,26,12,3,10,1
655,2347,3106,1,1,61,4,6,6,1,2,1,2,48,1,6,22,2
656,3252,4418,1,2,39,1,4,2,2,1,1,1,46,11,5,20,1
657,5176,7227,1,1,73,3,5,5,2,1,1,2,42,2,4,10,2
658,414,558,6,1,67,2,7,7,1,1,1,2,8,11,3,20,2
659,3352,4564,1,2,58,3,2,1,1,1,1,1,19,11,6,10,1
