,sexo,edad,zona_u_r,gse,esc_nivel_1,info_enc_58,info_enc_30,religion_82,iden_pol_2,iden_pol_3,interes_pol_1_b,religion_14,region_ANTOFAGASTA,region_ARAUCANÍA,region_ARICA Y PARINACOTA,region_ATACAMA,region_AYSÉN,region_BIOBÍO,region_COQUIMBO,region_LIBERTADOR BERNARDO OHIGGINS,region_LOS LAGOS,region_LOS RÍOS,region_MAGALLANES,region_MAULE,region_METROPOLITANA,region_TARAPACÁ,region_VALPARAÍSO,region_ÑUBLE,pred
0,2,40,1,3,3,2,0.0,9,8,15,5,1,0,0,0,0,0,0,0,0,0,0,0,0,1,0,0,0,1
1,2,54,1,3,6,2,0.0,1,5,15,3,2,0,0,0,0,0,0,0,0,0,0,0,0,0,0,1,0,2
2,2,39,1,2,8,2,0.0,1,10,13,3,1,0,0,0,0,0,0,0,0,0,0,0,1,0,0,0,0,1
3,1,21,1,2,7,2,0.0,1,6,1,3,2,0,0,0,0,0,0,0,0,0,0,0,1,0,0,0,0,2
4,2,19,1,2,4,2,0.0,9,6,15,4,2,0,0,0,0,0,0,0,0,0,0,0,0,1,0,0,0,2
5,2,36,1,1,8,2,0.0,9,5,15,3,1,0,0,0,0,0,0,0,0,0,0,0,0,1,0,0,0,1
6,1,34,1,2,4,2,0.0,9,5,15,3,1,0,0,0,0,0,0,0,0,0,0,0,0,1,0,0,0,1
7,2,42,1,3,3,2,0.0,9,3,9,2,2,0,0,0,0,0,0,0,0,0,0,0,0,1,0,0,0,2
8,1,21,1,4,3,2,0.0,10,5,17,4,1,0,0,0,0,0,0,0,0,0,0,0,0,1,0,0,0,1
9,2,35,1,4,7,1,5.0,11,5,15,3,2,0,0,0,0,0,0,0,0,0,0,0,0,0,0,1,0,2
10,1,51,1,2,5,2,0.0,1,4,5,3,1,0,0,0,0,0,0,0,0,0,0,0,0,1,0,0,0,1
11,2,47,1,2,5,1,5.0,1,5,15,5,1,0,0,0,0,0,0,0,0,0,0,0,0,1,0,0,0,1
12,1,66,1,3,4,2,0.0,1,88,15,3,2,0,0,0,0,0,0,0,0,0,0,0,0,1,0,0,0,2
13,1,79,1,3,2,2,0.0,9,6,9,3,1,0,0,0,0,0,0,0,0,0,0,0,0,1,0,0,0,1
14,2,24,1,3,4,2,0.0,9,5,15,3,2,0,0,0,0,0,0,0,0,0,0,0,0,1,0,0,0,2
15,2,28,1,4,6,2,0.0,1,5,15,3,1,0,0,0,0,0,0,0,0,0,0,0,0,0,0,1,0,1
16,2,60,1,4,2,8,0.0,1,10,1,5,1,0,0,0,0,0,0,0,1,0,0,0,0,0,0,0,0,1
17,1,23,1,3,7,1,5.0,9,3,15,4,2,0,0,0,0,0,0,0,1,0,0,0,0,0,0,0,0,2
18,2,60,1,3,2,2,0.0,3,88,15,5,0,0,0,0,0,0,0,0,1,0,0,0,0,0,0,0,0,0
19,2,28,1,4,4,2,0.0,1,10,15,5,0,0,0,0,0,0,0,0,1,0,0,0,0,0,0,0,0,0
20,1,57,1,3,6,2,0.0,1,5,21,4,2,0,0,0,0,0,0,0,0,0,0,0,0,1,0,0,0,2
21,2,52,1,2,6,2,0.0,4,10,15,2,1,0,0,0,0,0,0,0,0,0,0,0,0,1,0,0,0,1
22,1,25,1,3,8,2,0.0,2,5,15,3,1,0,0,0,0,0,1,0,0,0,0,0,0,0,0,0,0,1
23,1,46,1,4,4,2,0.0,2,5,17,1,1,0,0,0,0,0,0,0,0,0,0,0,1,0,0,0,0,1
24,1,55,1,3,8,2,0.0,2,7,15,2,1,0,0,0,0,0,0,0,0,0,0,0,0,1,0,0,0,1
25,2,33,1,3,6,1,5.0,9,4,15,5,1,0,0,0,0,0,0,0,0,0,0,0,0,1,0,0,0,1
26,1,28,1,3,4,2,0.0,1,99,19,5,1,0,0,0,0,0,0,0,0,0,0,0,0,1,0,0,0,1
27,1,52,1,3,2,2,0.0,2,88,15,5,0,0,0,0,0,0,0,0,0,0,0,0,0,1,0,0,0,0
28,2,57,1,2,4,2,0.0,1,88,15,3,2,0,0,0,0,0,0,0,0,0,0,0,0,1,0,0,0,2
29,1,69,1,3,3,2,0.0,1,10,15,1,0,0,0,0,0,0,0,0,0,0,0,0,0,1,0,0,0,0
30,1,68,1,3,9,2,0.0,1,5,5,2,1,0,0,0,0,0,0,1,0,0,0,0,0,0,0,0,0,1
31,2,42,1,4,2,1,5.0,1,5,15,5,1,0,0,0,0,0,0,0,0,1,0,0,0,0,0,0,0,1
32,1,80,1,3,1,2,0.0,1,5,15,5,0,0,0,0,0,0,0,0,0,0,0,0,0,1,0,0,0,0
33,1,30,1,3,4,2,0.0,9,5,15,2,1,0,0,0,0,0,0,0,0,0,0,0,0,0,0,1,0,1
34,2,48,2,4,1,2,0.0,2,10,15,4,0,0,1,0,0,0,0,0,0,0,0,0,0,0,0,0,0,0
35,2,28,1,3,8,2,0.0,1,10,13,3,2,0,0,0,0,0,0,0,0,0,0,0,0,1,0,0,0,2
36,2,52,1,2,8,2,0.0,1,1,3,4,2,0,0,0,0,0,0,0,0,0,0,0,0,1,0,0,0,2
37,1,25,1,2,8,2,0.0,9,3,21,3,2,0,0,0,0,0,0,0,0,0,0,0,0,1,0,0,0,2
38,2,31,1,4,4,2,0.0,2,10,1,4,0,0,1,0,0,0,0,0,0,0,0,0,0,0,0,0,0,0
39,2,38,1,4,4,2,0.0,9,10,15,5,2,0,1,0,0,0,0,0,0,0,0,0,0,0,0,0,0,1
40,1,81,1,2,4,2,0.0,1,5,15,4,2,0,0,0,0,0,0,0,0,0,0,0,0,1,0,0,0,2
41,2,84,1,2,3,2,0.0,1,10,10,3,1,0,0,0,0,0,0,0,0,0,0,0,0,1,0,0,0,1
42,1,25,1,2,6,2,0.0,2,5,15,5,1,0,0,0,0,0,0,0,0,0,0,0,0,1,0,0,0,1
43,2,37,1,4,4,2,0.0,1,5,17,5,0,0,0,0,0,0,0,0,0,0,0,0,0,1,0,0,0,0
44,2,44,1,3,7,2,0.0,1,7,15,4,1,0,1,0,0,0,0,0,0,0,0,0,0,0,0,0,0,1
45,2,65,1,3,2,2,0.0,2,7,2,5,1,0,1,0,0,0,0,0,0,0,0,0,0,0,0,0,0,1
46,2,27,1,2,5,2,0.0,1,6,88,2,2,0,0,0,0,0,0,0,0,1,0,0,0,0,0,0,0,2
47,1,56,1,2,5,2,0.0,1,7,18,2,2,0,0,0,0,0,0,0,0,0,0,0,0,1,0,0,0,1
48,2,38,1,3,5,2,0.0,9,5,15,3,0,0,0,0,0,0,0,0,0,0,0,0,0,0,0,0,1,0
49,2,66,1,3,4,2,0.0,1,5,15,5,1,0,0,0,0,0,0,0,0,0,0,0,0,0,0,0,1,1
50,1,32,1,2,8,2,0.0,9,1,11,2,2,0,0,0,0,0,0,0,0,0,0,0,0,1,0,0,0,2
51,2,33,1,3,4,2,0.0,9,88,15,4,2,0,0,0,0,0,0,0,0,0,0,0,0,1,0,0,0,2
52,1,51,1,2,8,2,0.0,1,8,15,4,1,0,0,0,0,0,0,0,0,0,0,0,0,1,0,0,0,1
53,1,39,1,1,8,1,5.0,9,3,3,2,2,0,0,0,0,0,0,0,0,0,0,0,0,1,0,0,0,2
54,1,65,1,2,8,2,0.0,1,7,15,3,1,0,0,0,0,0,0,0,0,0,0,0,0,1,0,0,0,1
55,1,65,1,3,4,2,0.0,99,5,15,5,1,0,1,0,0,0,0,0,0,0,0,0,0,0,0,0,0,1
56,2,64,1,4,4,2,0.0,1,10,10,5,0,0,0,0,0,0,0,0,0,0,0,0,0,0,0,0,1,0
57,1,46,1,3,4,2,0.0,1,5,15,3,2,0,0,0,0,0,0,0,0,0,0,0,0,0,0,0,1,2
58,2,42,1,2,5,2,0.0,2,1,15,3,0,0,0,0,0,0,0,0,0,1,0,0,0,0,0,0,0,0
59,2,33,1,3,6,1,5.0,1,99,15,4,1,0,1,0,0,0,0,0,0,0,0,0,0,0,0,0,0,1
60,1,63,1,3,4,2,0.0,1,5,17,5,1,0,1,0,0,0,0,0,0,0,0,0,0,0,0,0,0,1
61,1,32,1,2,9,2,0.0,10,3,16,1,2,0,0,0,0,0,0,0,0,0,0,0,0,0,0,1,0,2
62,2,28,1,2,8,2,0.0,9,4,15,3,2,0,0,0,0,0,0,0,0,0,0,0,1,0,0,0,0,2
63,2,63,1,3,8,2,0.0,1,99,10,2,1,0,0,0,0,0,0,0,0,0,0,0,0,1,0,0,0,1
64,1,31,2,3,4,2,0.0,8,88,15,2,1,0,1,0,0,0,0,0,0,0,0,0,0,0,0,0,0,1
65,2,48,2,3,4,2,0.0,1,10,15,2,2,0,1,0,0,0,0,0,0,0,0,0,0,0,0,0,0,2
66,1,69,1,3,6,2,0.0,9,6,10,3,0,0,0,0,0,0,1,0,0,0,0,0,0,0,0,0,0,0
67,1,59,1,4,8,2,0.0,9,4,9,5,2,0,0,0,0,0,1,0,0,0,0,0,0,0,0,0,0,2
68,2,76,1,3,2,1,5.0,1,6,1,4,1,0,0,0,0,0,1,0,0,0,0,0,0,0,0,0,0,1
69,2,58,1,4,2,2,0.0,1,10,15,4,1,0,0,0,0,0,0,0,1,0,0,0,0,0,0,0,0,1
70,2,71,1,3,4,2,0.0,1,5,15,5,1,0,0,0,0,0,0,0,0,1,0,0,0,0,0,0,0,1
71,2,36,1,4,3,1,5.0,1,7,15,5,1,0,0,0,0,0,0,0,0,1,0,0,0,0,0,0,0,1
72,2,60,1,4,2,2,0.0,2,5,9,5,1,0,0,0,0,0,0,0,0,1,0,0,0,0,0,0,0,1
73,2,74,1,3,2,2,0.0,1,99,15,5,1,0,0,0,0,0,1,0,0,0,0,0,0,0,0,0,0,1
74,2,63,1,3,4,2,0.0,1,3,3,4,1,0,0,0,0,0,1,0,0,0,0,0,0,0,0,0,0,1
75,2,48,1,3,4,2,0.0,1,99,15,5,2,0,0,0,0,0,1,0,0,0,0,0,0,0,0,0,0,2
76,1,55,1,3,4,2,0.0,1,7,10,2,1,0,0,0,0,0,0,0,0,0,0,0,0,1,0,0,0,1
77,2,34,1,4,4,2,0.0,9,2,3,1,2,0,0,0,0,0,0,0,0,0,0,0,0,1,0,0,0,2
78,1,32,1,3,8,2,0.0,1,5,15,3,1,0,0,0,0,0,0,0,0,0,0,0,0,1,0,0,0,1
79,2,32,1,3,5,2,0.0,8,5,13,4,2,0,0,0,0,0,0,0,0,0,0,0,0,1,0,0,0,2
80,1,59,1,3,2,2,0.0,1,5,9,4,2,0,0,0,0,0,0,0,0,0,0,0,0,1,0,0,0,2
81,2,28,1,4,6,2,0.0,2,5,5,1,1,0,0,0,0,0,0,0,0,0,0,0,0,1,0,0,0,1
82,2,42,1,4,3,2,0.0,1,5,1,4,1,0,0,0,0,0,0,0,0,0,0,0,0,1,0,0,0,1
83,2,50,1,2,8,2,0.0,1,5,15,4,2,0,0,0,0,0,0,0,0,0,0,0,0,0,0,1,0,2
84,2,46,2,3,4,2,0.0,9,4,15,4,1,0,0,0,0,0,0,0,0,0,0,0,0,0,0,0,1,1
85,2,56,1,3,3,2,0.0,9,3,9,4,2,0,1,0,0,0,0,0,0,0,0,0,0,0,0,0,0,2
86,2,70,1,3,1,1,5.0,1,6,15,4,0,0,1,0,0,0,0,0,0,0,0,0,0,0,0,0,0,0
87,1,68,1,3,4,1,11.0,1,10,18,2,1,0,1,0,0,0,0,0,0,0,0,0,0,0,0,0,0,1
88,1,51,1,4,4,2,0.0,1,10,15,5,1,0,1,0,0,0,0,0,0,0,0,0,0,0,0,0,0,1
89,2,67,1,3,4,2,0.0,2,88,15,2,1,0,0,0,0,0,0,0,0,0,0,0,0,1,0,0,0,1
90,1,73,1,3,1,2,0.0,2,88,15,3,0,0,0,0,0,0,0,0,0,0,0,0,0,1,0,0,0,0
91,1,61,1,4,8,2,0.0,9,88,15,5,2,0,0,0,0,0,0,0,0,0,0,0,0,1,0,0,0,2
92,1,53,2,3,3,2,0.0,1,5,15,4,2,0,0,0,0,0,0,0,0,0,0,0,1,0,0,0,0,1
93,1,66,2,4,2,2,0.0,1,5,10,5,1,0,0,0,0,0,0,0,0,0,0,0,1,0,0,0,0,1
94,1,31,2,4,3,2,0.0,2,10,17,3,1,0,0,0,0,0,0,0,0,0,0,0,1,0,0,0,0,1
95,1,65,1,2,8,2,0.0,1,5,15,3,1,0,0,0,0,0,0,0,0,0,0,0,0,0,0,1,0,1
96,1,65,1,4,0,2,0.0,1,9,88,5,1,1,0,0,0,0,0,0,0,0,0,0,0,0,0,0,0,1
97,1,24,1,3,5,2,0.0,9,5,15,5,2,0,0,0,0,0,0,0,0,0,0,0,0,0,0,1,0,2
98,2,32,1,2,4,2,0.0,2,8,10,3,1,1,0,0,0,0,0,0,0,0,0,0,0,0,0,0,0,1
99,1,75,1,3,1,2,0.0,1,10,9,5,0,0,0,0,0,0,0,1,0,0,0,0,0,0,0,0,0,1
100,2,38,1,4,3,2,0.0,9,5,15,5,1,1,0,0,0,0,0,0,0,0,0,0,0,0,0,0,0,1
101,2,71,1,3,2,2,0.0,2,3,15,5,1,0,0,0,0,0,0,0,1,0,0,0,0,0,0,0,0,1
102,1,39,1,3,8,2,0.0,1,5,15,1,2,0,0,0,0,0,0,0,0,0,0,0,0,0,0,1,0,2
103,1,52,1,4,3,1,5.0,9,99,15,2,1,0,0,0,0,0,0,0,0,0,0,0,0,1,0,0,0,1
104,1,35,1,1,8,2,0.0,1,5,15,3,1,1,0,0,0,0,0,0,0,0,0,0,0,0,0,0,0,1
105,1,42,1,2,8,2,0.0,9,4,15,3,2,0,0,0,0,0,0,0,0,0,0,0,0,1,0,0,0,2
106,2,40,1,3,4,2,0.0,1,6,13,5,1,0,1,0,0,0,0,0,0,0,0,0,0,0,0,0,0,1
107,1,55,2,3,1,2,0.0,1,8,15,5,0,0,0,0,0,0,0,0,0,0,0,0,1,0,0,0,0,0
108,1,61,2,3,6,2,0.0,1,5,17,4,1,0,0,0,0,0,0,0,0,0,0,0,1,0,0,0,0,1
109,2,43,2,4,3,2,0.0,5,5,5,4,0,0,0,0,0,0,0,0,0,0,0,0,1,0,0,0,0,0
110,2,90,2,3,2,2,0.0,1,10,1,3,0,0,0,0,0,0,0,0,0,0,0,0,1,0,0,0,0,0
111,2,48,1,3,3,2,0.0,2,88,15,5,1,0,1,0,0,0,0,0,0,0,0,0,0,0,0,0,0,1
112,2,60,2,4,2,2,0.0,5,5,15,5,0,0,0,0,0,0,0,0,0,0,0,0,1,0,0,0,0,0
113,2,41,2,3,2,2,0.0,1,6,15,4,1,0,0,0,0,0,0,0,0,0,0,0,1,0,0,0,0,1
114,1,52,2,3,1,2,0.0,1,7,1,4,1,0,0,0,0,0,0,0,0,0,0,0,1,0,0,0,0,1
115,1,67,1,3,3,2,0.0,9,5,15,5,1,0,0,0,0,0,0,0,0,0,0,0,0,0,0,1,0,1
116,2,72,1,4,1,2,0.0,1,5,15,3,0,0,0,0,0,0,0,0,1,0,0,0,0,0,0,0,0,0
117,1,53,1,3,2,1,5.0,2,5,15,5,1,0,0,0,0,0,0,0,0,0,0,0,0,1,0,0,0,1
118,2,65,1,3,3,2,0.0,1,10,15,3,2,0,0,0,0,0,0,0,0,0,0,0,0,1,0,0,0,2
119,2,32,1,3,8,2,0.0,9,4,11,3,2,0,0,0,0,0,0,0,1,0,0,0,0,0,0,0,0,2
120,2,59,1,3,3,2,0.0,9,5,15,5,2,0,0,0,0,0,0,0,1,0,0,0,0,0,0,0,0,2
121,2,56,1,4,0,2,0.0,1,6,15,4,0,1,0,0,0,0,0,0,0,0,0,0,0,0,0,0,0,0
122,2,35,1,3,4,2,0.0,1,5,1,4,1,1,0,0,0,0,0,0,0,0,0,0,0,0,0,0,0,1
123,2,83,1,3,2,2,0.0,1,4,15,5,0,0,0,0,0,0,0,0,0,0,0,0,0,1,0,0,0,0
124,2,66,1,3,4,2,0.0,1,10,15,5,1,0,0,0,0,0,0,0,0,0,0,0,0,1,0,0,0,1
125,2,65,1,3,4,2,0.0,1,10,13,5,1,0,0,0,0,0,0,0,0,0,0,0,0,1,0,0,0,1
126,2,29,1,3,8,2,0.0,9,88,17,3,1,0,0,0,0,0,0,0,0,0,0,0,0,1,0,0,0,1
127,2,50,1,2,4,8,0.0,1,5,5,4,2,0,0,0,0,0,0,0,0,0,0,0,0,1,0,0,0,2
128,2,67,2,4,1,2,0.0,1,88,15,3,0,0,0,0,0,0,0,0,0,0,0,0,0,1,0,0,0,0
129,1,67,2,4,1,2,0.0,1,88,1,5,1,0,0,0,0,0,0,0,0,0,0,0,0,1,0,0,0,1
130,2,37,2,4,2,2,0.0,1,88,15,5,2,0,0,0,0,0,0,0,0,0,0,0,0,1,0,0,0,2
131,1,20,1,2,4,2,0.0,9,3,15,2,2,0,0,0,0,0,0,0,0,0,0,0,0,1,0,0,0,2
132,1,70,1,3,4,2,0.0,3,5,15,5,0,0,0,0,0,0,0,0,0,0,0,0,0,0,0,1,0,1
133,1,67,1,3,3,2,0.0,9,5,15,2,2,0,0,0,0,0,0,0,0,0,0,0,0,1,0,0,0,1
134,1,55,1,4,0,2,0.0,1,1,15,4,2,0,0,0,0,0,0,0,0,0,0,0,0,1,0,0,0,2
135,1,40,1,2,8,2,0.0,9,5,9,2,2,0,0,0,0,0,0,0,0,0,0,0,0,0,0,1,0,2
136,1,19,2,3,5,2,0.0,2,7,15,4,1,0,0,0,0,0,0,0,0,1,0,0,0,0,0,0,0,1
137,1,70,1,3,4,2,0.0,1,5,1,5,1,0,0,0,0,0,0,0,0,0,0,0,0,1,0,0,0,1
138,1,73,1,3,4,2,0.0,9,8,10,3,1,0,0,0,0,0,0,0,0,0,0,0,0,1,0,0,0,1
139,1,73,1,3,3,1,5.0,2,5,1,4,2,0,0,0,0,0,0,0,0,0,0,0,0,1,0,0,0,2
140,1,32,1,3,4,2,0.0,9,5,15,4,1,0,0,0,0,0,0,0,0,0,0,0,0,1,0,0,0,1
141,2,53,1,2,8,2,0.0,2,5,15,3,0,0,0,0,0,0,0,0,0,0,0,0,0,1,0,0,0,1
142,1,21,1,3,4,2,0.0,2,5,10,2,1,0,0,0,0,0,0,0,0,0,0,0,0,1,0,0,0,1
143,2,42,2,3,4,2,0.0,1,7,15,5,2,0,0,0,0,0,0,0,0,1,0,0,0,0,0,0,0,2
144,1,35,2,2,8,2,0.0,8,5,15,4,1,0,0,0,0,0,0,0,0,1,0,0,0,0,0,0,0,1
145,2,57,2,4,3,2,0.0,1,3,5,4,2,0,0,0,0,0,0,0,0,1,0,0,0,0,0,0,0,2
146,2,31,2,3,3,2,0.0,1,88,15,3,2,0,0,0,0,0,0,1,0,0,0,0,0,0,0,0,0,2
147,2,50,2,3,3,2,0.0,1,88,13,4,1,0,0,0,0,0,0,1,0,0,0,0,0,0,0,0,0,1
148,1,60,2,4,2,2,0.0,9,99,15,5,1,0,1,0,0,0,0,0,0,0,0,0,0,0,0,0,0,1
149,2,23,1,3,5,2,0.0,1,1,9,4,2,0,0,0,0,0,0,0,0,1,0,0,0,0,0,0,0,2
150,1,59,1,4,3,2,0.0,1,5,15,3,2,0,0,0,0,0,0,0,1,0,0,0,0,0,0,0,0,2
151,2,19,1,4,4,2,0.0,9,88,15,5,2,0,0,0,0,0,0,0,1,0,0,0,0,0,0,0,0,2
152,1,47,1,2,4,2,0.0,1,99,15,1,1,0,0,0,0,0,0,0,0,0,0,0,0,1,0,0,0,1
153,2,86,1,3,1,2,0.0,1,88,1,5,1,0,0,0,0,0,0,0,0,0,0,0,0,1,0,0,0,1
154,1,28,1,2,8,2,0.0,9,4,11,2,2,0,0,0,0,0,0,0,0,0,0,0,0,1,0,0,0,2
155,1,37,1,3,4,2,0.0,9,5,15,3,1,0,0,0,0,0,0,0,0,0,0,0,0,1,0,0,0,1
156,1,40,1,3,4,2,0.0,1,88,15,5,0,0,0,0,0,0,0,0,0,0,0,0,0,1,0,0,0,0
157,2,31,1,3,4,2,0.0,9,1,15,4,2,0,0,0,0,0,0,0,0,0,0,0,0,1,0,0,0,2
158,2,41,2,4,4,2,0.0,1,5,15,4,1,0,0,0,0,0,0,0,0,0,0,0,0,0,0,1,0,1
159,2,70,2,4,1,2,0.0,1,10,5,5,1,0,0,0,0,0,0,0,0,0,0,0,0,0,0,1,0,1
160,2,34,2,3,5,2,0.0,1,2,15,5,2,0,0,0,0,0,0,0,0,0,0,0,0,0,0,1,0,2
161,1,63,2,4,1,2,0.0,1,5,1,4,1,0,0,0,0,0,0,0,0,0,0,0,0,0,0,1,0,1
162,1,54,1,3,4,2,0.0,1,99,15,5,2,0,1,0,0,0,0,0,0,0,0,0,0,0,0,0,0,2
163,1,62,1,3,6,2,0.0,1,5,15,5,1,0,0,0,0,0,0,0,0,0,0,0,0,0,0,1,0,1
164,1,43,1,2,6,1,5.0,1,5,15,2,1,0,0,0,0,0,0,0,0,0,0,0,0,0,0,1,0,1
165,2,52,1,4,4,2,0.0,1,4,15,4,1,0,0,0,0,0,0,0,0,0,0,0,0,0,0,1,0,1
166,1,79,1,4,4,2,0.0,1,5,15,3,1,0,0,0,0,0,0,0,0,0,0,0,0,0,0,1,0,1
167,1,64,1,3,1,2,0.0,1,5,15,2,0,0,0,0,0,0,0,0,0,0,0,0,0,0,0,1,0,0
168,2,56,1,1,6,2,0.0,1,8,15,3,1,0,0,0,0,0,0,0,0,0,0,0,0,1,0,0,0,1
169,2,43,1,1,8,2,0.0,1,9,15,3,0,0,0,0,0,0,0,0,0,0,0,0,0,1,0,0,0,1
170,1,59,1,1,8,2,0.0,1,5,15,2,1,0,0,0,0,0,0,0,0,0,0,0,0,1,0,0,0,1
171,1,19,1,3,4,2,0.0,1,3,15,5,1,0,0,0,0,0,0,0,0,0,0,0,0,1,0,0,0,1
172,1,38,1,2,8,2,0.0,9,6,15,3,1,0,0,0,0,0,0,0,0,0,0,0,0,1,0,0,0,1
173,1,34,1,2,8,2,0.0,3,7,18,2,1,0,0,0,0,0,0,0,0,0,0,0,0,1,0,0,0,1
174,2,53,1,3,1,2,0.0,2,7,15,5,0,0,0,0,0,0,0,0,0,0,1,0,0,0,0,0,0,0
175,1,74,1,3,1,2,0.0,9,1,15,5,2,0,0,0,0,0,0,0,0,0,0,0,0,1,0,0,0,2
176,2,26,1,3,6,2,0.0,9,5,9,4,1,0,0,0,0,0,0,0,0,0,0,0,0,1,0,0,0,1
177,2,63,1,4,4,2,0.0,99,5,15,5,0,0,0,0,0,0,0,0,0,0,0,0,0,1,0,0,0,0
178,1,51,1,2,9,2,0.0,9,6,15,3,1,0,0,0,0,0,0,0,0,0,0,0,0,1,0,0,0,1
179,2,24,1,3,4,2,0.0,2,5,20,5,1,1,0,0,0,0,0,0,0,0,0,0,0,0,0,0,0,1
180,2,28,1,1,6,2,0.0,9,5,15,5,2,1,0,0,0,0,0,0,0,0,0,0,0,0,0,0,0,2
181,2,23,1,2,7,2,0.0,10,1,3,1,2,0,0,0,0,0,0,0,0,0,1,0,0,0,0,0,0,2
182,2,30,1,4,4,2,0.0,1,1,15,3,2,1,0,0,0,0,0,0,0,0,0,0,0,0,0,0,0,2
183,1,24,1,4,3,2,0.0,1,5,15,5,1,1,0,0,0,0,0,0,0,0,0,0,0,0,0,0,0,1
184,2,36,1,4,6,2,0.0,1,6,13,3,1,1,0,0,0,0,0,0,0,0,0,0,0,0,0,0,0,1
185,2,63,1,3,3,1,5.0,1,99,15,5,2,0,0,0,0,0,0,0,0,0,0,0,0,1,0,0,0,2
186,1,66,1,4,4,2,0.0,9,88,15,5,2,0,0,0,0,0,0,0,0,0,0,0,0,1,0,0,0,2
187,1,41,1,3,4,2,0.0,9,5,10,2,1,0,0,0,0,0,0,0,0,0,0,0,0,1,0,0,0,1
188,1,25,1,2,7,2,0.0,1,4,9,2,2,0,0,0,0,0,0,0,0,0,0,0,1,0,0,0,0,2
189,1,79,1,4,0,2,0.0,2,1,3,2,1,0,0,0,0,0,0,0,0,0,0,0,1,0,0,0,0,1
190,2,25,1,3,4,2,0.0,9,1,15,4,2,0,0,0,0,0,0,0,0,0,0,0,0,1,0,0,0,2
191,1,47,1,2,7,2,0.0,1,5,15,4,2,0,0,0,0,0,0,0,0,0,0,0,0,1,0,0,0,2
192,1,67,1,4,2,2,0.0,2,1,3,1,1,0,0,0,0,0,0,0,0,0,0,0,0,1,0,0,0,1
193,1,42,1,3,6,2,0.0,1,4,15,4,1,0,0,0,0,0,0,0,0,0,0,0,0,0,0,1,0,1
194,2,37,1,3,8,2,0.0,9,5,17,3,2,0,0,0,0,0,0,0,0,0,0,0,0,0,0,1,0,2
195,1,83,1,2,2,2,0.0,1,5,9,3,1,0,0,0,0,0,0,0,0,0,0,0,0,0,0,1,0,1
196,1,39,1,3,4,2,0.0,1,99,88,2,2,0,0,0,0,0,0,0,0,0,0,0,0,1,0,0,0,2
197,1,68,1,2,8,2,0.0,1,6,15,5,0,0,0,0,0,0,0,0,0,0,0,0,0,1,0,0,0,1
198,2,71,1,2,8,2,0.0,1,3,16,3,2,0,0,0,0,0,0,0,0,0,0,0,0,1,0,0,0,2
199,2,37,1,2,8,2,0.0,2,6,15,5,1,0,0,0,0,0,0,0,0,0,0,0,0,1,0,0,0,1
200,2,42,1,1,4,2,0.0,9,5,15,5,1,0,0,0,0,0,1,0,0,0,0,0,0,0,0,0,0,1
201,2,27,1,1,8,2,0.0,9,5,15,4,2,0,0,0,0,0,1,0,0,0,0,0,0,0,0,0,0,2
202,2,35,1,1,4,2,0.0,9,5,15,4,1,0,0,0,0,0,1,0,0,0,0,0,0,0,0,0,0,1
203,2,32,1,3,4,2,0.0,1,10,15,5,2,0,0,0,0,0,0,0,0,0,0,0,0,0,0,0,1,2
204,2,38,1,4,4,2,0.0,1,99,99,5,1,0,0,0,0,0,1,0,0,0,0,0,0,0,0,0,0,1
205,2,33,1,3,3,2,0.0,9,99,15,5,1,0,0,0,0,0,0,0,0,0,0,0,0,1,0,0,0,1
206,2,41,2,5,3,2,0.0,2,5,13,3,1,0,1,0,0,0,0,0,0,0,0,0,0,0,0,0,0,1
207,2,21,2,5,7,1,5.0,2,10,10,2,1,0,1,0,0,0,0,0,0,0,0,0,0,0,0,0,0,1
208,1,83,2,3,2,2,0.0,2,5,1,3,0,0,0,0,0,0,0,0,0,0,1,0,0,0,0,0,0,0
209,2,65,2,3,2,1,5.0,1,3,10,3,1,0,0,0,0,0,0,0,0,0,1,0,0,0,0,0,0,1
210,2,49,1,4,4,2,0.0,2,10,15,4,1,0,0,0,0,0,1,0,0,0,0,0,0,0,0,0,0,1
211,2,20,1,3,4,2,0.0,9,4,15,3,2,0,0,0,0,0,0,0,0,0,0,0,0,1,0,0,0,2
212,2,81,1,3,1,2,0.0,1,99,15,5,0,0,0,0,0,0,1,0,0,0,0,0,0,0,0,0,0,0
213,2,26,2,3,4,1,5.0,1,5,20,5,2,0,0,0,0,0,0,0,0,0,1,0,0,0,0,0,0,2
214,2,28,1,3,5,2,0.0,2,8,15,4,2,0,0,0,0,0,0,0,0,0,0,0,0,1,0,0,0,2
215,2,36,2,3,2,2,0.0,2,5,20,4,1,0,0,0,0,0,0,0,0,0,1,0,0,0,0,0,0,1
216,1,32,1,3,5,2,0.0,9,88,15,1,1,0,0,0,0,0,0,0,0,0,0,0,0,1,0,0,0,1
217,2,49,1,3,4,2,0.0,99,10,88,3,0,0,1,0,0,0,0,0,0,0,0,0,0,0,0,0,0,0
218,1,20,1,3,7,2,0.0,8,10,18,3,1,0,0,0,0,0,0,0,0,0,0,0,0,1,0,0,0,1
219,2,71,1,4,1,2,0.0,2,88,15,5,0,0,0,0,0,0,0,0,1,0,0,0,0,0,0,0,0,0
220,1,70,1,3,7,2,0.0,1,8,13,5,1,0,0,0,0,0,0,0,0,0,0,0,0,1,0,0,0,1
221,2,33,1,3,5,2,0.0,1,4,3,4,2,0,0,0,0,0,0,0,0,1,0,0,0,0,0,0,0,2
222,1,22,1,3,7,2,0.0,9,4,15,1,2,0,1,0,0,0,0,0,0,0,0,0,0,0,0,0,0,2
223,2,84,1,4,0,2,0.0,2,10,15,5,0,0,0,0,0,0,0,0,0,1,0,0,0,0,0,0,0,0
224,2,71,1,4,1,2,0.0,1,10,15,5,0,0,0,0,0,0,0,0,0,1,0,0,0,0,0,0,0,0
225,2,28,1,4,2,2,0.0,1,99,17,5,1,0,0,0,0,0,0,0,0,1,0,0,0,0,0,0,0,1
226,2,38,1,3,6,1,5.0,1,4,21,1,1,0,0,0,0,0,0,0,0,1,0,0,0,0,0,0,0,1
227,2,22,1,3,7,2,0.0,9,4,15,3,2,0,0,0,0,0,0,0,0,0,0,0,0,0,0,1,0,2
228,1,47,1,2,4,2,0.0,1,6,15,5,1,0,0,0,0,0,0,0,0,0,0,0,0,0,0,1,0,1
229,2,43,1,2,8,2,0.0,1,5,1,1,1,0,0,0,0,0,0,0,0,0,0,0,1,0,0,0,0,1
230,2,54,2,3,4,2,0.0,1,4,15,3,2,0,0,0,0,0,0,0,0,0,0,0,0,0,0,0,1,2
231,2,45,2,2,6,2,0.0,2,4,15,4,1,0,0,0,0,0,0,0,0,0,0,0,0,0,0,0,1,1
232,2,44,1,3,6,2,0.0,1,6,15,4,1,0,0,0,0,0,0,0,0,0,0,0,1,0,0,0,0,1
233,1,46,1,3,4,2,0.0,1,7,2,3,1,0,0,0,0,0,0,0,0,0,0,0,1,0,0,0,0,1
234,1,38,1,3,5,2,0.0,11,6,10,2,1,0,0,0,0,0,0,0,0,0,0,0,0,1,0,0,0,1
235,2,43,1,3,4,2,0.0,9,5,88,4,2,0,0,0,0,0,0,0,0,0,0,0,0,1,0,0,0,2
236,2,30,1,4,6,2,0.0,10,5,17,5,2,0,0,0,0,0,0,0,0,0,0,0,0,1,0,0,0,2
237,1,64,2,3,3,2,0.0,1,10,15,4,1,0,1,0,0,0,0,0,0,0,0,0,0,0,0,0,0,1
238,1,53,1,2,6,2,0.0,1,8,18,3,1,0,0,0,0,0,0,0,0,0,0,0,0,1,0,0,0,1
239,1,61,1,4,3,2,0.0,9,8,10,5,1,0,0,0,0,0,0,0,0,0,0,0,0,1,0,0,0,1
240,2,60,1,4,1,2,0.0,1,5,15,5,1,0,0,0,0,0,0,0,0,0,0,0,0,0,0,1,0,1
241,1,75,1,3,8,2,0.0,8,1,3,1,2,0,0,0,0,0,0,0,0,0,0,0,0,0,0,1,0,2
242,2,68,1,2,8,2,0.0,1,10,18,2,1,0,0,0,0,0,0,0,0,0,0,0,0,1,0,0,0,1
243,1,43,1,3,8,1,5.0,1,1,9,4,1,0,0,0,0,0,0,0,0,0,0,0,0,1,0,0,0,1
244,2,49,1,3,4,2,0.0,9,3,15,3,1,0,0,0,0,0,0,0,0,0,0,0,0,1,0,0,0,1
245,2,47,1,3,4,2,0.0,2,88,15,4,1,0,0,0,0,0,0,0,0,0,0,0,0,1,0,0,0,1
246,2,75,1,2,8,2,0.0,9,5,99,2,1,0,0,0,0,0,0,0,1,0,0,0,0,0,0,0,0,1
247,1,67,2,3,1,2,0.0,2,10,10,3,1,0,0,0,0,0,0,0,0,0,1,0,0,0,0,0,0,1
248,2,25,2,3,6,1,5.0,9,5,15,5,2,0,0,0,0,0,0,0,0,0,1,0,0,0,0,0,0,2
249,2,57,2,2,3,2,0.0,1,5,10,5,1,0,0,0,0,0,0,0,0,0,1,0,0,0,0,0,0,1
250,1,60,1,3,4,2,0.0,9,5,15,5,1,0,0,0,0,0,0,0,0,0,0,0,0,1,0,0,0,1
251,2,69,2,3,2,2,0.0,1,5,88,5,2,0,0,0,0,0,0,0,0,0,1,0,0,0,0,0,0,2
252,2,51,2,3,4,2,0.0,9,1,15,1,2,0,0,0,0,0,0,0,0,0,1,0,0,0,0,0,0,2
253,1,25,2,2,6,2,0.0,9,5,9,3,2,0,0,0,0,0,0,0,0,0,1,0,0,0,0,0,0,2
254,1,52,1,1,9,2,0.0,10,1,11,2,2,0,0,0,0,0,0,0,0,0,0,0,0,1,0,0,0,2
255,1,60,1,1,9,2,0.0,11,7,2,2,1,0,0,0,0,0,0,0,0,0,0,0,0,1,0,0,0,1
256,2,78,1,1,4,2,0.0,9,5,15,1,1,0,0,0,0,0,0,0,0,0,0,0,0,1,0,0,0,1
257,2,39,1,3,6,2,0.0,2,5,15,5,1,0,0,0,0,0,0,0,0,0,1,0,0,0,0,0,0,1
258,2,76,1,3,4,2,0.0,1,88,15,5,2,0,0,0,0,0,0,0,0,0,0,0,0,1,0,0,0,2
259,2,40,1,3,4,2,0.0,1,4,1,4,1,0,0,0,0,0,0,0,0,0,1,0,0,0,0,0,0,1
260,1,72,1,3,4,2,0.0,1,5,15,2,1,0,0,0,0,0,0,0,0,0,0,0,0,0,0,1,0,1
261,2,65,1,4,1,2,0.0,9,99,15,4,0,0,0,0,0,0,0,0,0,0,0,0,0,0,0,1,0,0
262,2,29,1,3,7,1,5.0,2,5,15,5,1,0,0,0,0,0,0,0,0,0,1,0,0,0,0,0,0,1
263,2,20,1,3,4,1,5.0,2,5,15,3,2,0,0,0,0,0,0,0,0,0,1,0,0,0,0,0,0,2
264,2,56,1,4,3,2,0.0,9,6,15,5,1,1,0,0,0,0,0,0,0,0,0,0,0,0,0,0,0,1
265,1,45,1,1,8,2,0.0,1,8,10,2,1,0,0,0,0,0,0,0,0,0,0,0,0,1,0,0,0,1
266,2,38,1,4,4,2,0.0,9,5,15,5,1,1,0,0,0,0,0,0,0,0,0,0,0,0,0,0,0,1
267,1,70,1,3,7,2,0.0,1,6,15,5,0,0,0,0,0,0,0,0,1,0,0,0,0,0,0,0,0,0
268,2,66,1,1,6,2,0.0,1,6,15,5,1,0,0,0,0,0,0,0,0,0,0,0,0,1,0,0,0,1
269,2,57,1,3,4,2,0.0,2,99,18,4,1,0,0,0,0,0,0,0,0,1,0,0,0,0,0,0,0,1
270,2,59,1,3,4,2,0.0,9,5,15,4,2,1,0,0,0,0,0,0,0,0,0,0,0,0,0,0,0,2
271,1,39,1,3,7,2,0.0,2,7,15,3,0,0,0,0,0,0,0,0,0,0,0,0,0,1,0,0,0,1
272,1,69,1,2,7,2,0.0,8,5,2,5,1,0,0,0,0,0,0,0,0,0,0,0,0,1,0,0,0,1
273,2,29,1,2,6,2,0.0,1,3,9,3,2,0,0,0,0,0,0,0,0,0,0,0,0,1,0,0,0,2
274,2,42,1,3,8,2,0.0,9,3,9,3,2,0,0,0,0,0,0,0,0,0,0,0,0,1,0,0,0,2
275,2,50,1,2,7,2,0.0,1,5,15,2,1,0,0,0,0,0,0,0,0,0,0,0,0,1,0,0,0,1
276,2,50,1,4,3,2,0.0,9,99,15,4,1,0,1,0,0,0,0,0,0,0,0,0,0,0,0,0,0,1
277,1,54,2,3,6,2,0.0,1,8,18,3,2,0,0,0,0,0,0,0,0,0,0,0,0,0,0,0,1,2
278,2,47,2,3,4,2,0.0,9,5,15,5,1,0,0,0,0,0,0,0,0,0,0,0,0,0,0,0,1,1
279,2,41,1,3,8,2,0.0,1,5,15,3,1,0,0,0,0,1,0,0,0,0,0,0,0,0,0,0,0,1
280,2,26,1,3,4,2,0.0,1,99,15,3,2,0,0,0,0,0,0,0,0,0,0,0,0,1,0,0,0,2
281,1,48,1,4,2,2,0.0,1,3,3,4,2,0,0,0,0,0,0,0,0,0,0,0,0,1,0,0,0,2
282,2,57,1,3,6,2,0.0,8,9,10,2,1,0,0,0,0,0,0,0,0,0,0,0,0,1,0,0,0,1
283,2,55,1,2,6,2,0.0,9,5,15,4,2,0,0,0,0,0,0,0,0,0,0,0,0,1,0,0,0,2
284,1,26,1,3,6,2,0.0,9,5,17,2,1,0,0,0,0,0,0,0,0,0,0,0,0,1,0,0,0,1
285,2,28,1,3,8,2,0.0,9,5,15,5,1,0,0,0,0,0,0,0,0,0,0,0,0,1,0,0,0,1
286,1,57,1,3,6,2,0.0,9,3,15,1,2,0,0,0,0,0,0,0,0,0,0,0,0,0,0,1,0,2
287,2,79,1,4,3,2,0.0,9,5,15,5,1,0,0,0,0,0,0,0,0,0,0,0,0,0,0,1,0,1
288,2,32,1,3,4,2,0.0,1,5,15,4,2,0,0,0,0,0,0,0,0,0,0,0,0,0,0,1,0,2
289,2,26,1,3,4,2,0.0,9,6,15,3,1,0,0,0,0,0,0,0,1,0,0,0,0,0,0,0,0,1
290,2,48,1,3,4,2,0.0,1,6,15,5,1,0,0,0,0,0,0,0,1,0,0,0,0,0,0,0,0,1
291,2,49,1,4,3,2,0.0,1,5,15,4,2,0,0,0,0,0,0,0,0,0,0,0,0,1,0,0,0,2
292,1,20,1,3,7,2,0.0,9,7,88,3,1,0,0,0,0,0,0,0,0,0,0,0,0,1,0,0,0,1
293,2,66,2,4,1,2,0.0,1,88,15,5,0,0,0,0,0,0,0,0,0,0,0,0,0,0,0,1,0,0
294,2,28,2,2,8,2,0.0,1,5,15,4,1,0,0,0,0,0,0,0,0,0,0,0,0,0,0,1,0,2
295,2,59,2,2,3,2,0.0,1,3,15,2,2,0,0,0,0,0,0,0,0,0,0,0,0,0,0,1,0,2
296,1,44,1,2,8,2,0.0,1,6,15,2,1,0,0,0,0,0,0,0,0,0,0,0,0,1,0,0,0,1
297,1,66,1,2,2,2,0.0,2,99,15,5,0,0,0,0,0,0,0,0,0,0,0,0,0,1,0,0,0,0
298,1,65,1,2,2,2,0.0,2,8,15,5,0,0,0,0,0,0,0,0,0,0,0,0,0,1,0,0,0,0
299,1,41,1,2,8,2,0.0,9,3,15,1,2,0,0,0,0,0,0,0,0,0,0,0,0,1,0,0,0,2
300,2,21,1,3,7,1,5.0,1,3,15,2,2,0,0,0,0,0,0,0,0,0,0,0,0,1,0,0,0,2
301,1,40,1,3,3,1,5.0,2,9,9,1,1,0,0,0,0,0,0,0,0,0,0,0,0,1,0,0,0,1
302,2,42,1,3,4,2,0.0,1,10,10,4,0,0,0,0,0,0,0,0,0,0,0,0,0,1,0,0,0,0
303,2,77,1,3,1,2,0.0,2,99,15,5,2,0,1,0,0,0,0,0,0,0,0,0,0,0,0,0,0,0
304,1,60,1,3,3,2,0.0,99,5,14,2,1,0,1,0,0,0,0,0,0,0,0,0,0,0,0,0,0,1
305,2,47,1,3,2,2,0.0,1,88,15,4,1,0,0,0,0,0,0,0,0,0,0,0,0,1,0,0,0,1
306,2,31,1,3,8,2,0.0,99,99,15,5,2,0,1,0,0,0,0,0,0,0,0,0,0,0,0,0,0,2
307,2,54,1,3,1,2,0.0,9,88,15,5,0,0,0,0,0,0,0,0,0,0,0,0,0,1,0,0,0,0
308,2,25,1,4,3,2,0.0,1,6,20,4,1,0,0,0,0,0,0,0,0,0,0,0,0,0,0,1,0,1
309,2,49,1,3,4,2,0.0,1,5,15,3,2,0,0,0,0,0,0,0,1,0,0,0,0,0,0,0,0,2
310,2,49,1,3,5,2,0.0,1,7,15,3,1,0,0,0,0,0,0,0,0,0,0,1,0,0,0,0,0,1
311,1,21,2,3,7,2,0.0,9,5,15,4,1,0,0,0,0,0,0,0,0,0,0,0,0,1,0,0,0,1
312,2,35,2,2,8,2,0.0,1,88,15,3,1,0,0,0,0,0,0,0,0,0,0,0,0,1,0,0,0,1
313,1,27,2,3,8,2,0.0,2,10,18,3,1,0,0,0,0,0,0,0,0,0,0,0,0,1,0,0,0,1
314,2,23,1,2,7,2,0.0,9,3,16,1,2,0,0,0,0,0,0,0,0,0,0,0,0,1,0,0,0,2
315,1,35,1,1,8,2,0.0,9,6,13,3,2,0,0,0,0,0,0,0,0,0,0,0,0,1,0,0,0,1
316,2,28,1,2,8,2,0.0,9,7,2,2,2,0,0,0,0,0,0,0,0,0,0,0,0,1,0,0,0,2
317,2,66,1,3,4,2,0.0,1,6,15,5,2,0,0,0,0,0,0,0,0,0,0,0,0,1,0,0,0,2
318,1,64,1,3,1,2,0.0,1,8,15,3,0,0,1,0,0,0,0,0,0,0,0,0,0,0,0,0,0,0
319,1,23,2,3,6,2,0.0,99,5,15,4,2,0,1,0,0,0,0,0,0,0,0,0,0,0,0,0,0,2
320,2,21,1,3,4,2,0.0,9,3,15,3,2,0,0,0,0,0,0,0,1,0,0,0,0,0,0,0,0,2
321,2,68,2,3,1,2,0.0,2,6,15,5,0,0,0,0,0,0,0,0,0,0,0,0,0,0,0,0,1,0
322,1,27,2,3,4,2,0.0,9,5,5,2,1,0,0,0,0,0,0,0,0,0,0,0,0,0,0,0,1,1
323,1,21,2,3,6,2,0.0,9,1,88,4,2,0,0,0,0,0,0,0,0,0,0,0,0,0,0,0,1,2
324,1,65,2,3,4,2,0.0,1,99,15,5,2,0,1,0,0,0,0,0,0,0,0,0,0,0,0,0,0,2
325,1,50,1,3,4,1,5.0,1,5,15,2,1,0,0,0,0,0,0,0,0,0,0,0,0,1,0,0,0,1
326,2,54,1,3,8,2,0.0,9,3,15,3,1,0,0,0,0,0,0,0,1,0,0,0,0,0,0,0,0,1
327,1,44,1,2,6,2,0.0,1,8,15,4,0,0,0,0,0,0,0,0,0,0,0,0,0,0,1,0,0,0
328,2,53,1,2,6,2,0.0,2,5,15,5,1,0,0,0,0,0,0,0,0,0,0,0,0,0,1,0,0,1
329,1,80,1,4,2,2,0.0,99,7,15,5,0,0,0,0,0,0,0,0,0,0,0,0,0,1,0,0,0,0
330,2,19,1,3,4,2,0.0,1,1,15,4,1,0,0,0,0,0,0,0,0,0,0,0,0,1,0,0,0,1
331,2,37,1,3,6,2,0.0,1,99,16,2,2,0,0,0,0,0,0,0,0,0,0,0,0,0,0,1,0,2
332,2,20,1,3,4,2,0.0,10,5,15,5,2,0,0,0,0,0,0,0,0,0,0,0,0,0,0,1,0,2
333,1,67,1,3,3,2,0.0,2,5,13,5,1,0,0,0,0,0,0,0,0,0,0,0,0,1,0,0,0,1
334,2,61,1,2,4,2,0.0,2,5,15,3,1,0,0,0,0,0,0,0,0,0,0,0,0,1,0,0,0,1
335,1,78,1,3,2,2,0.0,2,5,15,3,0,0,0,0,0,0,0,0,0,0,0,0,0,1,0,0,0,0
336,2,53,1,3,4,2,0.0,9,5,15,5,1,0,0,0,0,0,0,0,0,0,0,1,0,0,0,0,0,1
337,1,43,1,4,3,2,0.0,1,5,10,5,0,0,0,1,0,0,0,0,0,0,0,0,0,0,0,0,0,0
338,2,45,1,3,5,2,0.0,2,10,18,3,0,0,0,0,0,0,0,0,0,0,0,1,0,0,0,0,0,0
339,2,50,1,4,2,1,9.0,2,88,88,5,1,0,0,0,0,0,0,0,0,0,0,0,0,1,0,0,0,1
340,2,28,1,3,5,2,0.0,9,5,15,3,2,0,0,0,0,0,0,0,0,0,0,0,0,1,0,0,0,2
341,1,40,1,3,4,2,0.0,2,7,17,2,1,0,0,0,0,0,0,0,0,0,0,1,0,0,0,0,0,1
342,1,56,1,3,4,2,0.0,99,5,15,5,1,0,0,0,0,0,1,0,0,0,0,0,0,0,0,0,0,1
343,2,63,2,3,4,2,0.0,1,4,15,5,1,0,0,0,0,0,1,0,0,0,0,0,0,0,0,0,0,1
344,1,48,2,4,4,2,0.0,9,5,15,5,0,0,0,0,0,0,1,0,0,0,0,0,0,0,0,0,0,0
345,1,56,2,3,2,2,0.0,2,6,15,5,1,0,0,0,0,0,1,0,0,0,0,0,0,0,0,0,0,1
346,2,76,2,4,1,2,0.0,1,5,15,5,0,0,0,0,0,0,0,0,1,0,0,0,0,0,0,0,0,0
347,1,74,1,3,0,2,0.0,9,88,15,5,1,0,0,0,0,0,0,0,0,0,0,0,0,1,0,0,0,1
348,1,54,1,3,3,1,5.0,2,1,15,5,1,0,0,0,0,0,0,0,0,0,0,0,0,1,0,0,0,1
349,1,49,1,4,6,2,0.0,9,5,21,1,2,0,0,0,0,0,0,0,0,0,0,0,0,1,0,0,0,2
350,1,37,1,4,2,2,0.0,9,4,13,4,0,0,0,0,0,0,0,0,0,0,0,0,0,1,0,0,0,0
351,2,67,1,4,2,2,0.0,2,99,15,5,1,0,0,0,0,0,0,0,0,0,0,0,0,1,0,0,0,1
352,2,62,1,3,3,2,0.0,9,5,15,5,1,0,0,0,0,0,0,0,0,0,0,0,0,0,0,1,0,1
353,1,22,1,3,4,2,0.0,5,8,15,2,1,0,0,0,0,0,0,0,0,0,0,0,0,0,0,1,0,1
354,2,39,2,4,4,1,5.0,99,99,15,4,1,0,1,0,0,0,0,0,0,0,0,0,0,0,0,0,0,1
355,2,50,2,3,4,2,0.0,99,10,15,5,1,0,1,0,0,0,0,0,0,0,0,0,0,0,0,0,0,1
356,2,21,1,3,3,2,0.0,9,6,17,5,2,0,0,0,0,0,0,0,0,0,0,0,1,0,0,0,0,2
357,2,48,1,3,3,2,0.0,1,5,19,5,1,0,0,0,0,0,0,0,0,0,0,0,1,0,0,0,0,1
358,1,92,1,3,1,2,0.0,1,5,15,5,1,0,0,0,0,0,0,0,0,0,0,0,0,0,0,1,0,1
359,1,28,1,3,4,2,0.0,9,8,18,3,2,0,0,0,0,0,0,0,0,0,0,0,1,0,0,0,0,2
360,1,72,1,2,4,2,0.0,1,3,9,3,1,0,0,0,0,0,0,0,0,0,0,0,1,0,0,0,0,1
361,2,28,1,3,6,2,0.0,1,6,17,1,2,0,0,0,0,0,0,0,0,0,0,0,1,0,0,0,0,2
362,2,43,1,3,4,2,0.0,1,7,15,3,1,0,0,0,0,0,0,0,0,0,1,0,0,0,0,0,0,1
363,2,59,1,3,2,2,0.0,2,88,19,5,0,0,0,0,0,0,0,0,0,0,1,0,0,0,0,0,0,0
364,2,32,1,3,6,2,0.0,9,5,15,3,1,0,0,0,0,0,0,0,0,0,0,0,0,1,0,0,0,1
365,2,26,1,4,5,2,0.0,9,99,15,3,2,0,0,0,0,0,0,0,0,0,0,0,0,1,0,0,0,2
366,1,57,1,2,3,2,0.0,1,10,15,4,2,0,0,0,0,0,0,0,0,0,0,0,0,1,0,0,0,2
367,1,48,1,1,5,2,0.0,1,5,15,3,1,0,0,0,0,0,0,0,0,0,0,0,0,1,0,0,0,1
368,1,30,1,4,2,2,0.0,9,3,15,5,1,0,0,0,0,0,0,0,0,0,0,0,0,1,0,0,0,1
369,1,65,1,3,3,2,0.0,1,5,3,4,1,0,0,0,0,0,0,1,0,0,0,0,0,0,0,0,0,1
370,2,49,1,3,4,2,0.0,1,5,15,4,0,0,0,0,0,0,0,0,0,0,0,0,0,0,0,0,1,0
371,1,67,1,4,2,2,0.0,2,4,15,4,0,0,0,0,0,0,0,0,0,0,0,0,0,0,0,0,1,0
372,1,19,1,4,4,2,0.0,1,8,15,3,1,0,0,0,0,0,0,0,0,0,0,0,0,0,0,0,1,1
373,1,54,1,4,1,2,0.0,9,5,15,5,2,0,0,0,0,0,0,0,0,0,0,0,0,0,0,0,1,2
374,1,46,1,3,4,2,0.0,2,6,17,3,1,0,0,0,0,0,1,0,0,0,0,0,0,0,0,0,0,1
375,2,54,1,3,1,2,0.0,1,1,3,4,2,0,0,0,0,0,1,0,0,0,0,0,0,0,0,0,0,2
376,2,22,1,3,5,2,0.0,2,8,15,3,1,0,0,0,0,0,1,0,0,0,0,0,0,0,0,0,0,1
377,2,55,1,3,2,2,0.0,1,4,99,5,1,0,0,0,0,0,0,0,0,0,1,0,0,0,0,0,0,1
378,1,75,1,3,3,2,0.0,1,1,3,3,1,0,0,0,0,0,0,0,0,0,0,0,1,0,0,0,0,1
379,2,64,1,3,1,2,0.0,1,1,15,5,0,0,0,0,0,0,0,0,0,0,0,0,0,1,0,0,0,0
380,2,58,1,3,4,2,0.0,1,4,15,5,2,0,0,0,0,0,0,0,0,0,0,0,0,0,0,1,0,2
381,2,50,1,2,1,2,0.0,1,99,15,3,2,0,1,0,0,0,0,0,0,0,0,0,0,0,0,0,0,2
382,2,48,1,3,7,2,0.0,1,5,9,3,0,0,0,0,0,0,0,0,0,0,0,0,0,1,0,0,0,0
383,1,42,1,2,7,2,0.0,1,7,18,2,1,0,0,0,0,0,0,0,0,0,0,0,0,0,0,1,0,1
384,1,80,1,3,1,2,0.0,9,5,1,4,1,0,0,0,0,0,0,0,0,0,0,0,1,0,0,0,0,1
385,1,32,1,2,8,1,5.0,9,4,15,2,2,0,1,0,0,0,0,0,0,0,0,0,0,0,0,0,0,2
386,1,54,1,3,4,1,5.0,2,99,15,5,1,0,1,0,0,0,0,0,0,0,0,0,0,0,0,0,0,1
387,1,69,1,3,4,8,0.0,8,99,15,5,1,0,0,0,0,0,0,0,0,0,0,0,1,0,0,0,0,1
388,1,30,1,3,7,1,5.0,9,3,16,1,2,0,0,0,0,0,0,0,0,1,0,0,0,0,0,0,0,2
389,2,69,1,3,4,2,0.0,1,5,10,5,1,0,0,0,0,0,0,0,0,1,0,0,0,0,0,0,0,1
390,1,40,1,2,4,2,0.0,1,4,15,4,2,0,0,0,0,0,0,1,0,0,0,0,0,0,0,0,0,2
391,2,72,1,3,8,2,0.0,1,4,1,3,0,0,0,0,0,0,0,0,0,1,0,0,0,0,0,0,0,2
392,1,30,1,3,10,1,11.0,9,4,15,2,2,0,0,0,0,0,0,0,0,1,0,0,0,0,0,0,0,2
393,2,38,1,4,4,2,0.0,1,6,15,4,1,1,0,0,0,0,0,0,0,0,0,0,0,0,0,0,0,1
394,2,48,1,5,4,2,0.0,9,4,15,3,0,1,0,0,0,0,0,0,0,0,0,0,0,0,0,0,0,0
395,1,25,1,4,5,2,0.0,9,4,15,4,2,1,0,0,0,0,0,0,0,0,0,0,0,0,0,0,0,2
396,2,54,1,4,2,2,0.0,2,5,21,5,0,1,0,0,0,0,0,0,0,0,0,0,0,0,0,0,0,0
397,1,30,1,3,7,2,0.0,9,2,11,1,2,0,0,0,0,0,0,0,0,0,0,0,0,1,0,0,0,2
398,2,37,1,2,6,2,0.0,9,10,10,4,1,0,0,0,0,0,0,0,0,0,0,0,0,1,0,0,0,1
399,2,69,1,3,8,2,0.0,1,5,1,3,2,0,0,0,0,0,0,0,0,1,0,0,0,0,0,0,0,2
400,2,66,1,3,6,2,0.0,1,6,10,5,2,0,0,0,0,0,0,0,0,1,0,0,0,0,0,0,0,2
401,2,56,1,3,2,2,0.0,9,88,15,5,0,0,0,0,0,0,0,0,0,0,0,0,0,0,0,0,1,0
402,1,49,2,3,1,2,0.0,2,5,15,5,1,0,0,0,0,0,0,0,1,0,0,0,0,0,0,0,0,1
403,1,38,2,3,6,2,0.0,9,5,15,2,2,0,0,0,0,0,0,0,1,0,0,0,0,0,0,0,0,2
404,1,60,1,4,2,2,0.0,2,10,1,3,0,0,0,0,0,0,0,0,0,0,0,0,1,0,0,0,0,0
405,2,71,1,4,1,2,0.0,1,88,88,5,0,0,0,0,0,0,0,0,0,0,0,0,0,0,0,0,1,0
406,1,71,2,3,1,2,0.0,2,4,3,2,0,0,0,0,0,0,0,0,1,0,0,0,0,0,0,0,0,0
407,2,69,1,3,1,1,5.0,99,5,15,4,1,0,1,0,0,0,0,0,0,0,0,0,0,0,0,0,0,1
408,1,28,1,3,7,2,0.0,2,99,15,3,1,0,1,0,0,0,0,0,0,0,0,0,0,0,0,0,0,1
409,1,77,2,4,1,2,0.0,2,10,1,4,1,0,0,0,0,0,0,0,0,0,0,0,1,0,0,0,0,1
410,2,77,2,3,1,2,0.0,1,3,13,5,1,0,0,0,0,0,0,0,0,0,0,0,1,0,0,0,0,1
411,1,74,1,3,4,2,0.0,2,3,9,3,1,0,0,0,0,0,0,0,0,0,0,0,0,1,0,0,0,1
412,2,63,1,3,3,2,0.0,1,7,15,5,2,0,0,0,0,0,0,0,0,0,0,0,0,1,0,0,0,2
413,2,29,1,2,7,2,0.0,1,5,15,4,2,0,0,0,0,0,0,0,0,0,0,0,0,0,0,1,0,2
414,1,56,1,2,1,2,0.0,2,10,15,3,0,0,0,0,0,0,0,0,0,0,0,0,0,0,0,1,0,0
415,2,73,1,4,1,2,0.0,1,3,15,5,1,0,0,0,0,0,0,0,0,0,0,0,0,0,0,1,0,1
416,1,64,1,3,8,2,0.0,1,3,9,5,2,0,0,0,0,0,0,0,0,0,0,0,0,1,0,0,0,2
417,2,32,1,2,8,2,0.0,9,5,9,5,1,0,0,0,0,0,0,0,0,0,0,0,0,1,0,0,0,1
418,1,59,1,3,4,2,0.0,1,5,1,3,1,0,0,0,0,0,0,0,0,0,0,0,0,1,0,0,0,1
419,1,62,1,3,2,2,0.0,1,6,15,3,1,0,0,0,0,0,0,0,0,0,0,0,0,0,0,1,0,1
420,1,43,1,3,6,2,0.0,1,6,15,3,1,0,0,0,0,0,0,0,0,0,0,0,0,1,0,0,0,1
421,2,73,2,3,4,2,0.0,5,10,10,4,1,0,0,0,0,0,0,0,0,0,0,0,1,0,0,0,0,1
422,2,59,2,3,1,2,0.0,1,4,15,4,0,0,0,0,0,0,0,0,0,0,0,0,1,0,0,0,0,0
423,1,60,1,3,5,2,0.0,8,1,15,4,2,0,0,0,0,0,0,0,0,0,0,0,0,1,0,0,0,2
424,1,28,1,3,8,2,0.0,8,6,1,3,2,0,0,0,0,0,0,0,0,0,0,0,0,1,0,0,0,2
425,1,33,1,3,8,2,0.0,9,3,15,3,1,0,0,0,0,0,0,0,0,0,0,0,0,1,0,0,0,2
426,1,53,1,3,8,2,0.0,1,6,15,3,1,0,0,0,0,0,0,0,0,0,0,0,0,1,0,0,0,1
427,2,33,1,2,7,2,0.0,9,8,15,3,1,0,0,0,0,0,0,0,0,0,0,0,0,1,0,0,0,1
428,2,42,1,3,8,2,0.0,1,10,15,3,0,0,0,0,0,0,0,0,0,0,0,1,0,0,0,0,0,0
429,2,68,1,4,3,2,0.0,8,5,15,5,1,0,0,0,0,0,0,0,0,0,0,0,0,1,0,0,0,1
430,2,61,1,1,8,2,0.0,1,9,13,1,0,0,0,0,0,0,0,0,0,0,0,0,0,1,0,0,0,0
431,1,20,1,1,7,2,0.0,1,6,15,3,1,0,0,0,0,0,0,0,0,0,0,0,0,1,0,0,0,1
432,2,54,1,4,2,2,0.0,9,5,17,5,1,0,0,0,0,0,0,0,0,0,0,0,0,1,0,0,0,1
433,2,35,1,4,4,2,0.0,2,4,15,4,0,0,0,0,0,0,0,0,0,0,0,0,0,0,0,0,1,0
434,2,36,1,4,6,2,0.0,1,10,15,5,0,0,0,0,0,0,0,0,0,0,0,0,0,0,0,0,1,0
435,2,25,1,4,4,2,0.0,2,8,10,3,1,0,0,0,0,0,0,0,0,0,0,0,1,0,0,0,0,1
436,2,32,1,4,6,2,0.0,9,88,15,4,1,0,0,0,0,0,0,0,0,0,0,0,1,0,0,0,0,1
437,2,33,1,3,9,2,0.0,9,7,15,5,2,0,1,0,0,0,0,0,0,0,0,0,0,0,0,0,0,2
438,2,76,1,1,8,2,0.0,1,3,15,3,2,0,0,0,0,0,0,1,0,0,0,0,0,0,0,0,0,2
439,2,58,1,3,1,2,0.0,1,99,15,3,1,0,0,0,0,0,1,0,0,0,0,0,0,0,0,0,0,1
440,2,52,1,3,8,1,5.0,99,7,15,4,1,0,0,0,0,0,1,0,0,0,0,0,0,0,0,0,0,1
441,2,50,1,4,1,2,0.0,2,5,15,5,0,0,0,0,0,0,0,0,0,0,0,0,1,0,0,0,0,0
442,2,21,1,2,4,2,0.0,11,3,3,1,2,0,0,0,0,0,0,0,0,0,0,0,0,1,0,0,0,2
443,1,66,1,2,7,2,0.0,9,1,15,1,2,0,0,0,0,0,0,0,0,0,0,0,0,1,0,0,0,2
444,1,55,1,1,8,2,0.0,1,4,15,1,2,0,0,0,0,0,0,0,0,0,0,0,0,1,0,0,0,2
445,1,24,1,3,4,2,0.0,9,4,15,4,2,0,0,0,0,0,0,0,0,0,0,0,0,1,0,0,0,2
446,2,28,1,2,8,2,0.0,9,4,15,2,2,0,0,0,0,0,0,0,0,0,0,0,0,1,0,0,0,2
447,2,42,1,3,4,2,0.0,99,99,15,4,2,0,0,0,0,0,1,0,0,0,0,0,0,0,0,0,0,2
448,2,57,1,3,4,2,0.0,99,5,15,2,2,0,0,0,0,0,1,0,0,0,0,0,0,0,0,0,0,2
449,1,71,1,3,6,2,0.0,1,5,15,4,2,0,0,0,0,0,0,0,0,0,0,0,0,1,0,0,0,2
450,1,41,1,1,8,2,0.0,8,5,15,3,1,0,0,0,0,0,0,0,0,0,0,0,0,1,0,0,0,1
451,1,65,1,4,1,2,0.0,1,5,14,1,0,0,0,1,0,0,0,0,0,0,0,0,0,0,0,0,0,0
452,2,81,1,4,1,2,0.0,2,99,15,5,0,0,0,0,0,0,1,0,0,0,0,0,0,0,0,0,0,0
453,2,31,2,3,6,2,0.0,1,5,5,3,2,0,0,0,0,0,0,1,0,0,0,0,0,0,0,0,0,2
454,2,60,2,3,1,2,0.0,1,99,15,5,2,0,0,0,0,0,0,1,0,0,0,0,0,0,0,0,0,2
455,2,29,1,3,8,2,0.0,99,3,15,2,2,0,0,0,0,0,1,0,0,0,0,0,0,0,0,0,0,2
456,2,81,1,4,1,2,0.0,1,88,15,5,1,0,0,0,0,0,0,0,0,0,0,0,0,0,0,1,0,1
457,1,70,1,3,4,2,0.0,9,3,15,3,2,0,0,0,0,0,0,0,0,0,0,0,0,0,0,1,0,2
458,2,55,1,2,8,2,0.0,1,1,15,3,1,0,0,0,0,0,0,0,0,0,0,0,0,1,0,0,0,1
459,1,32,1,2,6,2,0.0,9,5,15,3,1,0,0,0,0,0,0,0,0,0,0,0,0,1,0,0,0,1
460,2,34,1,3,10,2,0.0,9,1,3,3,2,0,0,0,0,0,0,0,0,0,0,0,0,1,0,0,0,2
461,2,52,1,2,7,2,0.0,9,5,15,5,2,0,0,0,0,0,1,0,0,0,0,0,0,0,0,0,0,2
462,2,47,1,2,4,2,0.0,1,3,1,4,0,0,0,0,0,0,0,1,0,0,0,0,0,0,0,0,0,0
463,1,44,1,2,8,2,0.0,1,10,18,1,2,0,0,0,0,0,0,0,0,0,0,0,0,1,0,0,0,2
464,2,32,1,4,4,2,0.0,9,99,15,2,2,0,0,0,0,0,0,0,0,0,0,0,0,1,0,0,0,2
465,2,51,1,4,3,2,0.0,9,1,3,3,1,0,0,0,0,0,0,0,0,0,0,0,0,1,0,0,0,1
466,2,27,1,3,4,2,0.0,1,6,13,3,2,0,0,0,0,0,0,0,0,0,0,0,0,1,0,0,0,2
467,1,56,1,3,6,2,0.0,1,4,15,2,2,0,0,0,0,0,0,0,0,0,0,0,0,1,0,0,0,2
468,2,35,1,3,2,2,0.0,2,99,15,5,0,0,0,0,0,0,0,0,0,0,0,0,0,1,0,0,0,0
469,1,72,1,4,2,8,0.0,2,1,15,5,0,0,0,0,0,0,0,0,0,0,0,0,0,1,0,0,0,0
470,1,64,1,4,1,2,0.0,9,8,15,5,0,0,0,0,0,0,0,0,0,0,0,0,0,1,0,0,0,0
471,1,35,1,3,7,2,0.0,1,1,9,1,2,0,0,0,0,0,0,0,0,0,0,0,0,1,0,0,0,2
472,2,47,1,3,8,2,0.0,1,1,15,1,2,0,0,0,0,0,0,0,1,0,0,0,0,0,0,0,0,2
473,2,25,1,3,8,2,0.0,1,5,15,4,2,0,0,0,0,0,0,0,0,0,0,0,0,1,0,0,0,2
474,2,47,1,3,5,2,0.0,2,5,15,4,0,0,0,0,0,0,0,0,1,0,0,0,0,0,0,0,0,0
475,2,33,1,4,4,2,0.0,1,5,15,4,1,0,0,0,0,0,0,0,0,0,0,0,0,1,0,0,0,1
476,2,52,1,4,2,2,0.0,1,10,15,5,2,0,0,0,0,0,0,0,0,0,0,0,0,1,0,0,0,2
477,2,62,1,2,1,2,0.0,9,1,15,5,2,0,0,0,0,0,0,1,0,0,0,0,0,0,0,0,0,2
478,2,49,1,2,4,2,0.0,1,5,15,5,2,0,0,0,0,0,0,1,0,0,0,0,0,0,0,0,0,2
479,2,33,1,3,9,2,0.0,99,3,3,1,2,0,0,0,0,0,0,0,0,0,0,0,0,0,0,1,0,2
480,1,43,1,3,3,2,0.0,1,5,15,5,2,0,0,0,0,0,0,0,0,0,0,0,0,0,0,1,0,1
481,1,57,1,3,8,2,0.0,1,88,15,2,1,0,0,0,0,0,0,0,0,0,0,0,0,0,0,1,0,1
482,2,64,1,2,4,2,0.0,1,5,15,5,2,0,0,0,0,0,0,0,0,0,0,0,0,1,0,0,0,2
483,1,64,1,2,6,2,0.0,1,10,15,3,1,0,0,0,0,0,0,0,0,0,0,0,0,1,0,0,0,1
484,2,65,1,3,6,2,0.0,1,5,15,3,2,0,0,0,0,0,0,0,0,0,0,0,0,1,0,0,0,2
485,1,35,1,3,8,2,0.0,2,6,15,3,1,0,0,0,0,0,0,0,0,0,0,0,0,1,0,0,0,1
486,1,73,1,3,1,2,0.0,1,7,15,5,1,0,0,0,0,0,0,0,0,0,0,1,0,0,0,0,0,1
487,1,56,1,2,4,2,0.0,1,5,18,4,0,0,0,0,0,0,0,0,0,0,0,1,0,0,0,0,0,0
488,2,21,1,4,4,1,5.0,9,4,17,3,2,0,0,0,0,0,0,0,0,0,0,0,0,1,0,0,0,2
489,2,65,2,4,3,2,0.0,1,5,15,5,1,0,0,0,0,0,0,0,0,0,0,0,0,1,0,0,0,1
490,2,30,2,3,4,1,5.0,1,5,15,5,2,0,0,0,0,0,0,0,0,0,0,0,0,1,0,0,0,2
491,2,82,1,2,10,2,0.0,10,7,1,4,2,0,0,0,0,0,0,0,0,0,0,0,0,1,0,0,0,2
492,2,32,1,3,7,2,0.0,1,5,3,4,2,0,0,0,0,0,0,0,0,0,0,0,0,0,0,1,0,2
493,2,44,1,3,8,1,5.0,1,1,3,1,2,0,0,0,0,0,0,0,0,0,0,0,0,1,0,0,0,2
494,2,55,1,4,2,2,0.0,1,99,15,5,2,0,0,0,0,0,0,0,0,0,0,0,0,1,0,0,0,2
495,2,26,1,4,8,2,0.0,9,7,15,4,2,0,0,0,0,0,0,0,0,0,0,0,0,1,0,0,0,2
496,2,25,1,1,5,2,0.0,9,1,15,5,2,0,0,0,0,0,0,1,0,0,0,0,0,0,0,0,0,2
497,2,49,1,4,3,2,0.0,2,88,15,5,1,0,0,0,0,0,0,0,0,0,0,0,0,1,0,0,0,1
498,1,20,1,4,5,2,0.0,1,5,15,4,1,0,0,1,0,0,0,0,0,0,0,0,0,0,0,0,0,1
499,2,39,1,3,3,2,0.0,1,88,15,3,0,0,0,0,0,0,0,0,0,0,0,0,0,1,0,0,0,0
500,2,74,1,4,1,2,0.0,5,88,15,3,0,0,0,0,0,0,0,0,0,0,0,0,0,0,0,1,0,0
501,2,47,1,3,4,2,0.0,1,99,15,5,0,0,0,0,0,0,0,0,0,0,0,0,0,0,0,1,0,0
502,2,33,1,4,1,2,0.0,9,88,15,5,2,0,0,0,0,0,0,0,0,0,0,0,0,0,0,1,0,2
503,1,44,1,2,5,2,0.0,8,3,9,1,1,0,0,0,0,0,0,1,0,0,0,0,0,0,0,0,0,1
504,2,64,1,4,3,2,0.0,5,5,15,3,1,0,1,0,0,0,0,0,0,0,0,0,0,0,0,0,0,1
505,2,58,1,4,4,2,0.0,1,1,17,5,1,0,0,0,0,0,0,0,0,0,0,0,1,0,0,0,0,1
506,2,47,1,4,4,2,0.0,2,3,9,2,2,0,0,0,0,0,0,0,0,0,0,0,0,1,0,0,0,2
507,2,55,2,4,2,1,5.0,2,7,15,5,0,0,0,0,0,0,1,0,0,0,0,0,0,0,0,0,0,0
508,2,50,2,3,3,1,5.0,9,2,9,5,1,0,0,0,0,0,1,0,0,0,0,0,0,0,0,0,0,1
509,1,42,2,3,4,2,0.0,1,9,10,4,0,0,0,0,0,0,1,0,0,0,0,0,0,0,0,0,0,0
510,2,39,1,4,4,1,5.0,2,1,9,4,2,0,0,0,0,0,0,0,0,0,0,0,1,0,0,0,0,2
511,2,73,1,4,1,2,0.0,1,10,15,5,1,0,0,0,0,0,0,1,0,0,0,0,0,0,0,0,0,1
512,2,23,1,4,4,2,0.0,1,6,15,4,0,1,0,0,0,0,0,0,0,0,0,0,0,0,0,0,0,0
513,2,23,1,4,4,2,0.0,1,6,15,4,0,1,0,0,0,0,0,0,0,0,0,0,0,0,0,0,0,0
514,1,56,1,3,6,2,0.0,1,7,17,4,1,0,0,0,0,0,0,0,0,0,0,0,0,1,0,0,0,1
515,2,44,2,3,8,2,0.0,2,4,3,4,1,0,0,0,0,0,0,0,0,1,0,0,0,0,0,0,0,1
516,1,55,2,4,2,1,5.0,2,1,1,5,1,0,0,0,0,0,0,0,0,1,0,0,0,0,0,0,0,1
517,2,48,2,4,1,2,0.0,2,6,9,5,0,0,0,0,0,0,0,0,0,1,0,0,0,0,0,0,0,0
518,1,40,1,3,4,2,0.0,1,5,15,5,1,0,0,0,0,0,0,0,0,0,0,0,0,1,0,0,0,1
519,1,34,1,3,4,2,0.0,2,10,15,5,0,0,0,0,0,0,0,0,0,0,0,0,0,1,0,0,0,0
520,2,33,1,2,8,1,888.0,9,5,9,1,2,0,0,0,0,0,0,0,0,0,0,0,0,1,0,0,0,2
521,2,73,1,3,1,2,0.0,1,10,15,4,2,0,0,0,0,0,0,0,0,0,0,0,0,1,0,0,0,2
522,2,35,1,3,3,2,0.0,9,5,15,4,1,0,0,0,0,0,0,0,0,0,0,0,0,1,0,0,0,1
523,2,32,1,3,6,2,0.0,9,88,15,3,1,0,0,0,0,0,0,0,0,0,0,0,0,1,0,0,0,1
524,1,39,1,3,4,2,0.0,9,5,15,4,2,0,0,0,0,0,1,0,0,0,0,0,0,0,0,0,0,1
525,2,31,1,3,7,2,0.0,2,99,15,4,0,0,0,0,0,0,1,0,0,0,0,0,0,0,0,0,0,0
526,2,52,1,3,6,2,0.0,1,1,15,4,1,0,0,0,0,0,1,0,0,0,0,0,0,0,0,0,0,1
527,1,73,1,3,6,2,0.0,9,5,1,2,1,0,0,0,0,0,1,0,0,0,0,0,0,0,0,0,0,1
528,1,70,1,2,6,2,0.0,9,5,15,5,1,0,0,0,0,0,0,0,0,0,0,0,0,1,0,0,0,1
529,2,64,1,2,4,2,0.0,1,5,15,5,2,0,0,0,0,0,0,0,0,0,0,0,0,1,0,0,0,2
530,1,27,1,2,7,1,3.0,8,99,15,5,2,0,0,1,0,0,0,0,0,0,0,0,0,0,0,0,0,2
531,2,76,1,3,8,2,0.0,1,2,9,3,2,0,0,0,0,0,0,0,0,0,0,0,0,1,0,0,0,2
532,2,30,1,3,6,2,0.0,1,3,15,5,1,0,0,0,0,0,0,0,0,0,0,0,0,1,0,0,0,1
533,2,19,1,3,3,2,0.0,1,99,5,3,2,0,0,1,0,0,0,0,0,0,0,0,0,0,0,0,0,2
534,2,57,1,3,3,1,5.0,8,1,3,2,2,0,0,0,0,0,1,0,0,0,0,0,0,0,0,0,0,2
535,2,28,1,3,4,2,0.0,9,3,15,3,2,0,0,0,0,0,0,0,0,0,0,0,0,0,1,0,0,2
536,2,27,1,2,6,1,3.0,9,5,15,3,2,0,0,0,0,0,0,0,0,0,0,0,0,0,1,0,0,2
537,2,52,1,3,4,2,0.0,1,6,10,4,2,0,0,0,0,0,0,0,0,0,0,0,0,1,0,0,0,2
538,2,40,1,2,10,2,0.0,9,1,3,1,2,0,0,0,0,0,0,0,0,0,0,0,0,1,0,0,0,2
539,1,33,1,4,3,2,0.0,10,99,15,5,0,0,0,0,0,0,0,0,0,0,0,0,0,0,0,1,0,0
540,1,22,1,4,7,2,0.0,1,99,15,5,1,0,0,0,0,0,0,0,0,0,0,0,0,0,0,1,0,1
541,1,74,2,4,1,2,0.0,1,10,10,3,1,0,0,0,0,0,0,1,0,0,0,0,0,0,0,0,0,1
542,2,67,1,3,4,2,0.0,2,99,15,5,0,0,0,0,0,0,1,0,0,0,0,0,0,0,0,0,0,0
543,2,67,1,3,2,2,0.0,2,8,10,5,0,0,0,0,0,0,0,0,0,0,0,0,1,0,0,0,0,0
544,2,64,1,3,2,2,0.0,2,88,15,5,0,0,0,0,0,0,0,0,0,0,0,0,0,1,0,0,0,0
545,2,26,1,3,6,2,0.0,9,4,15,3,2,0,0,0,0,0,0,0,0,0,0,0,0,1,0,0,0,2
546,2,42,1,3,2,2,0.0,9,88,15,4,2,0,0,0,0,0,0,0,0,0,0,0,0,1,0,0,0,2
547,2,60,1,3,4,2,0.0,2,99,15,3,1,0,0,0,0,0,1,0,0,0,0,0,0,0,0,0,0,1
548,1,70,1,3,6,2,0.0,9,3,15,2,1,0,0,0,0,0,1,0,0,0,0,0,0,0,0,0,0,1
549,1,23,1,3,7,2,0.0,9,5,15,5,2,0,0,0,0,0,0,0,0,0,0,0,0,1,0,0,0,2
550,2,35,1,3,4,1,5.0,2,10,15,5,1,0,0,0,0,0,1,0,0,0,0,0,0,0,0,0,0,1
551,1,27,1,2,7,2,0.0,8,5,15,3,2,0,0,0,0,0,0,0,0,0,0,0,0,0,0,1,0,2
552,1,56,1,3,3,1,3.0,1,10,13,3,1,0,0,1,0,0,0,0,0,0,0,0,0,0,0,0,0,1
553,2,70,1,2,6,2,0.0,10,3,88,2,2,0,0,0,0,0,0,0,0,0,0,0,0,0,0,1,0,2
554,2,44,1,2,8,2,0.0,9,3,16,1,2,0,0,0,0,0,0,0,0,0,0,0,0,1,0,0,0,2
555,2,28,1,2,8,2,0.0,1,6,15,4,2,0,0,0,0,0,0,0,0,0,0,0,0,1,0,0,0,2
556,2,68,1,2,7,2,0.0,1,6,1,4,2,0,0,0,0,0,0,0,0,0,0,0,0,0,0,1,0,2
557,1,40,1,4,4,2,0.0,9,5,15,3,2,1,0,0,0,0,0,0,0,0,0,0,0,0,0,0,0,2
558,1,19,1,2,4,2,0.0,9,99,15,4,1,0,0,0,0,0,1,0,0,0,0,0,0,0,0,0,0,1
559,2,29,1,2,6,2,0.0,1,99,15,5,1,0,0,0,0,0,1,0,0,0,0,0,0,0,0,0,0,1
560,1,36,1,4,4,2,0.0,1,5,15,2,1,1,0,0,0,0,0,0,0,0,0,0,0,0,0,0,0,1
561,1,46,1,4,4,2,0.0,9,5,15,3,2,1,0,0,0,0,0,0,0,0,0,0,0,0,0,0,0,2
562,2,53,1,3,4,2,0.0,1,99,88,5,2,0,0,0,0,0,0,0,0,0,0,0,0,1,0,0,0,2
563,2,48,1,3,4,2,0.0,1,88,15,5,2,0,0,0,0,0,0,1,0,0,0,0,0,0,0,0,0,2
564,1,57,1,3,4,2,0.0,1,5,15,5,1,0,0,0,0,0,0,0,0,0,0,0,0,1,0,0,0,1
565,2,63,1,3,3,2,0.0,1,5,9,5,1,0,0,0,0,0,0,0,0,1,0,0,0,0,0,0,0,1
566,1,56,1,3,3,2,0.0,1,88,15,3,1,0,0,0,0,0,0,0,0,0,0,0,0,1,0,0,0,1
567,1,24,1,2,7,2,0.0,1,5,15,5,2,0,0,0,0,0,0,0,0,0,0,0,0,1,0,0,0,2
568,2,82,1,4,2,2,0.0,2,5,15,5,0,0,0,0,0,0,0,0,0,0,0,0,0,0,0,1,0,0
569,2,40,1,4,7,1,5.0,9,4,21,2,2,0,0,0,0,0,0,0,0,0,0,0,0,0,0,1,0,2
570,2,35,1,2,6,2,0.0,9,7,15,5,1,0,0,0,0,0,0,0,0,0,0,0,0,1,0,0,0,1
571,1,67,1,2,5,2,0.0,9,10,18,5,1,0,0,0,0,0,0,0,1,0,0,0,0,0,0,0,0,1
572,2,59,1,3,4,2,0.0,1,5,5,5,0,0,0,0,0,0,0,0,0,0,0,0,1,0,0,0,0,0
573,1,20,1,2,7,2,0.0,1,5,15,3,2,0,0,0,0,0,0,0,0,0,0,0,0,0,0,1,0,2
574,2,51,1,2,7,2,0.0,1,7,10,4,1,0,0,0,0,0,0,0,0,0,0,0,0,0,0,1,0,1
575,2,54,1,2,4,1,5.0,1,99,15,5,0,0,0,0,0,0,0,0,0,0,0,0,0,0,0,1,0,0
576,1,71,1,3,7,2,0.0,9,88,15,5,2,0,0,0,1,0,0,0,0,0,0,0,0,0,0,0,0,2
577,2,37,1,2,4,1,4.0,2,5,15,5,1,0,0,0,1,0,0,0,0,0,0,0,0,0,0,0,0,1
578,2,31,1,3,4,2,0.0,1,5,15,3,1,0,0,0,1,0,0,0,0,0,0,0,0,0,0,0,0,1
579,2,37,1,3,4,1,4.0,9,5,15,5,2,0,0,0,1,0,0,0,0,0,0,0,0,0,0,0,0,2
580,1,53,1,4,2,1,10.0,9,99,15,5,1,0,0,0,1,0,0,0,0,0,0,0,0,0,0,0,0,1
581,2,56,1,3,3,2,0.0,1,5,15,1,2,0,0,0,0,0,0,0,0,0,0,0,0,0,0,1,0,2
582,1,40,1,3,4,2,0.0,9,8,10,3,0,0,0,0,0,0,0,1,0,0,0,0,0,0,0,0,0,0
583,2,37,1,1,7,2,0.0,9,5,15,5,2,0,0,0,0,0,0,0,0,0,0,0,0,1,0,0,0,2
584,2,28,1,1,7,2,0.0,2,8,15,3,1,0,0,0,0,0,0,0,0,0,0,0,0,1,0,0,0,1
585,1,47,1,3,4,2,0.0,9,4,88,3,1,0,0,0,0,0,0,0,0,0,0,0,0,1,0,0,0,1
586,1,50,1,1,8,2,0.0,1,8,15,1,1,0,0,0,0,0,0,0,0,0,0,0,0,1,0,0,0,1
587,2,24,1,2,8,2,0.0,1,4,88,3,2,0,0,0,0,0,0,0,0,0,0,0,0,1,0,0,0,2
588,2,44,1,2,8,2,0.0,9,3,15,2,2,0,0,0,0,0,0,0,0,0,0,0,0,1,0,0,0,2
589,1,34,1,3,4,2,0.0,9,5,9,1,1,0,0,0,0,0,1,0,0,0,0,0,0,0,0,0,0,1
590,2,35,1,2,6,2,0.0,1,1,3,2,2,0,0,0,0,0,0,0,0,0,0,0,0,1,0,0,0,2
591,2,55,1,2,4,2,0.0,1,99,15,5,1,0,0,0,0,0,0,0,0,0,0,0,0,1,0,0,0,1
592,2,60,1,3,4,2,0.0,1,88,15,5,1,0,0,0,0,0,0,0,0,0,0,0,0,1,0,0,0,1
593,2,69,1,3,5,2,0.0,2,10,10,3,0,0,0,0,0,0,0,0,0,0,0,0,0,1,0,0,0,1
594,1,37,1,2,4,2,0.0,1,5,15,5,1,0,0,0,0,0,0,0,0,0,0,0,0,0,0,1,0,1
595,2,48,1,3,3,2,0.0,1,6,15,4,1,0,0,0,0,0,0,0,0,0,0,0,0,0,0,1,0,1
596,1,37,1,4,4,2,0.0,1,5,15,5,0,0,0,0,0,0,0,0,0,0,0,0,1,0,0,0,0,0
597,2,51,1,3,7,2,0.0,9,4,15,5,2,0,0,0,0,0,0,0,0,0,0,0,0,1,0,0,0,2
598,1,25,1,1,8,2,0.0,1,88,15,5,1,0,0,0,0,0,0,0,0,0,0,0,0,1,0,0,0,1
599,2,67,1,3,3,2,0.0,2,8,15,3,2,0,0,0,0,0,0,0,1,0,0,0,0,0,0,0,0,2
600,2,56,1,3,3,2,0.0,1,88,15,5,2,0,0,0,0,0,0,0,0,0,0,0,0,1,0,0,0,2
601,1,38,1,3,6,2,0.0,2,88,15,5,2,0,0,0,0,0,0,0,0,0,0,0,0,1,0,0,0,2
602,1,32,1,3,4,2,0.0,1,5,15,3,0,0,0,0,0,0,0,0,0,0,0,0,0,0,1,0,0,0
603,1,24,1,2,3,2,0.0,9,5,18,4,2,0,0,0,0,0,0,0,1,0,0,0,0,0,0,0,0,2
604,1,64,1,3,1,2,0.0,1,88,15,5,1,0,0,0,0,0,0,0,0,0,0,0,0,1,0,0,0,1
605,2,36,1,2,6,2,0.0,9,5,15,1,2,0,0,0,0,0,0,0,0,0,0,0,0,1,0,0,0,2
606,2,43,1,1,8,2,0.0,1,3,15,2,1,0,0,0,0,0,0,0,0,0,0,0,0,1,0,0,0,1
607,2,55,1,2,4,2,0.0,2,99,15,4,1,0,0,0,0,0,0,0,0,0,0,0,0,1,0,0,0,1
608,2,34,1,2,8,2,0.0,1,3,15,2,2,0,0,0,0,0,0,0,0,0,0,0,0,1,0,0,0,2
609,1,65,1,4,3,2,0.0,1,4,15,4,1,0,0,0,0,0,0,0,0,0,0,0,0,0,0,1,0,1
610,1,63,1,3,1,2,0.0,99,5,15,5,1,0,0,0,0,0,1,0,0,0,0,0,0,0,0,0,0,1
611,1,19,1,3,4,2,0.0,2,6,15,1,1,0,0,0,0,0,0,0,0,0,0,0,0,1,0,0,0,1
612,2,75,1,3,6,2,0.0,11,88,15,4,1,0,0,0,0,0,0,0,0,0,0,0,0,0,0,1,0,1
613,2,68,1,4,1,2,0.0,9,5,15,5,0,0,0,0,0,0,0,0,0,0,0,0,0,1,0,0,0,0
614,2,59,1,4,2,2,0.0,1,99,15,5,1,0,0,0,0,0,0,0,0,0,0,0,0,1,0,0,0,1
615,2,30,1,2,8,2,0.0,99,5,15,3,2,0,0,0,0,0,1,0,0,0,0,0,0,0,0,0,0,2
616,2,65,1,3,2,2,0.0,9,88,15,4,1,0,0,0,0,0,0,0,0,0,0,0,0,1,0,0,0,1
617,1,58,1,1,8,2,0.0,11,3,15,1,1,0,0,0,0,0,0,0,0,0,0,0,0,1,0,0,0,2
618,2,40,1,1,8,2,0.0,2,5,15,5,0,0,0,0,0,0,0,0,0,0,0,0,0,1,0,0,0,1
619,1,80,1,2,3,2,0.0,1,10,15,3,2,0,0,0,0,0,0,0,0,0,0,0,0,1,0,0,0,2
620,1,19,1,2,4,1,5.0,2,1,15,1,2,0,0,0,0,0,0,0,0,0,0,0,0,1,0,0,0,2
621,2,65,1,2,4,2,0.0,1,5,15,4,2,0,0,0,0,0,0,0,0,0,0,0,0,1,0,0,0,2
622,2,26,1,2,10,2,0.0,2,4,15,2,2,0,0,0,0,0,0,0,0,0,0,0,0,1,0,0,0,2
623,1,40,2,4,2,2,0.0,9,8,15,5,2,0,0,0,0,0,0,0,0,0,0,0,0,1,0,0,0,2
624,1,52,2,4,3,2,0.0,1,5,15,4,1,0,0,0,0,0,0,0,0,0,0,0,0,1,0,0,0,1
625,1,48,1,1,8,2,0.0,9,5,18,3,1,0,0,0,0,0,0,0,0,0,0,0,0,1,0,0,0,1
626,2,76,1,3,3,2,0.0,1,99,15,5,1,0,0,0,0,0,1,0,0,0,0,0,0,0,0,0,0,1
627,1,31,1,3,6,2,0.0,1,5,15,3,2,0,0,0,0,0,0,1,0,0,0,0,0,0,0,0,0,2
628,2,65,1,3,4,2,0.0,99,99,15,5,1,0,0,0,0,0,1,0,0,0,0,0,0,0,0,0,0,1
629,2,71,1,1,8,2,0.0,1,5,15,2,1,0,0,0,0,0,0,0,0,0,0,0,0,1,0,0,0,1
630,1,57,1,3,2,1,5.0,9,4,5,4,1,0,0,0,0,0,0,0,0,0,0,0,0,1,0,0,0,1
631,1,20,1,3,3,2,0.0,99,7,15,4,2,0,0,0,0,0,1,0,0,0,0,0,0,0,0,0,0,2
632,1,48,1,1,7,2,0.0,10,3,9,1,2,0,0,0,0,0,0,0,0,0,0,0,0,1,0,0,0,2
633,2,60,1,2,8,2,0.0,1,5,1,3,1,0,0,0,0,0,0,0,0,0,0,0,0,1,0,0,0,1
634,1,27,1,2,8,2,0.0,1,99,9,3,2,0,0,0,0,0,0,0,0,0,0,0,0,1,0,0,0,2
635,1,50,1,3,5,2,0.0,1,6,15,3,1,0,0,0,0,0,0,0,0,0,0,0,0,1,0,0,0,1
636,2,43,1,2,6,2,0.0,1,99,15,4,2,0,0,0,0,0,1,0,0,0,0,0,0,0,0,0,0,2
637,2,60,1,3,2,2,0.0,2,99,15,5,0,0,0,0,0,0,1,0,0,0,0,0,0,0,0,0,0,0
638,1,60,1,2,6,2,0.0,9,99,15,3,0,0,0,0,0,0,1,0,0,0,0,0,0,0,0,0,0,0
639,2,74,1,3,1,2,0.0,2,99,15,5,0,0,0,0,0,0,1,0,0,0,0,0,0,0,0,0,0,0
640,2,42,1,3,5,2,0.0,9,99,15,4,1,0,0,0,0,0,1,0,0,0,0,0,0,0,0,0,0,1
641,2,22,1,3,4,2,0.0,2,5,1,3,1,0,0,0,0,0,0,0,0,0,0,0,0,1,0,0,0,1
642,2,67,1,2,4,2,0.0,1,99,15,3,1,0,0,0,0,0,1,0,0,0,0,0,0,0,0,0,0,1
643,1,73,1,3,4,2,0.0,1,5,1,1,2,0,0,0,0,0,0,0,0,0,0,0,0,1,0,0,0,2
644,1,60,1,3,9,2,0.0,1,5,1,2,1,0,0,0,0,0,0,0,0,0,0,0,0,1,0,0,0,1
645,2,66,1,3,8,2,0.0,1,5,15,5,2,0,0,0,0,0,0,0,0,0,0,0,0,1,0,0,0,2
646,1,76,1,3,4,2,0.0,1,5,15,5,2,0,0,0,0,0,0,0,0,0,0,0,0,1,0,0,0,2
647,2,63,1,2,8,2,0.0,1,5,1,3,2,0,0,0,0,0,0,0,0,0,0,0,0,1,0,0,0,2
648,1,56,1,4,4,2,0.0,1,7,15,5,1,0,0,0,0,0,0,0,0,0,0,0,0,1,0,0,0,1
649,2,53,1,2,6,2,0.0,1,6,15,3,1,0,0,0,0,0,0,0,0,0,0,0,0,0,0,1,0,1
650,2,54,1,3,6,2,0.0,1,5,15,5,2,0,0,0,0,0,0,0,0,0,1,0,0,0,0,0,0,2
651,2,48,1,3,3,2,0.0,9,3,9,5,1,0,0,0,0,1,0,0,0,0,0,0,0,0,0,0,0,1
652,1,33,1,2,8,2,0.0,9,10,15,4,2,0,0,0,0,0,0,0,0,0,0,0,0,0,0,1,0,2
653,2,52,1,4,3,1,5.0,9,5,15,5,1,0,0,0,0,0,0,0,0,0,0,0,0,1,0,0,0,1
654,1,54,1,3,6,2,0.0,1,99,15,5,2,0,0,0,0,0,0,0,0,0,0,0,0,1,0,0,0,2
655,2,25,1,3,6,1,5.0,10,5,3,2,1,0,0,0,0,0,0,0,0,0,0,0,0,0,0,1,0,1
656,2,25,1,1,8,2,0.0,99,6,18,5,1,0,0,0,0,0,0,0,0,0,0,0,0,1,0,0,0,1
657,2,22,1,4,7,2,0.0,1,99,15,3,2,0,0,0,0,0,0,0,0,0,0,0,0,1,0,0,0,2
658,1,54,1,1,8,2,0.0,1,5,15,5,1,0,0,0,0,0,0,0,0,0,0,0,0,0,0,0,1,1
659,2,38,1,2,6,2,0.0,1,4,15,5,2,0,0,0,0,0,0,0,0,0,0,0,0,0,0,0,1,2
