,sexo,edad,zona_u_r,gse,esc_nivel_1,info_enc_58,info_enc_30,religion_82,iden_pol_2,iden_pol_3,interes_pol_1_b,region_ANTOFAGASTA,region_ARAUCANÍA,region_ARICA Y PARINACOTA,region_ATACAMA,region_AYSÉN,region_BIOBÍO,region_COQUIMBO,region_LIBERTADOR BERNARDO OHIGGINS,region_LOS LAGOS,region_LOS RÍOS,region_MAGALLANES,region_MAULE,region_METROPOLITANA,region_TARAPACÁ,region_VALPARAÍSO,region_ÑUBLE,elec_pres_144_a,pred
0,2,40,1,3,3,2,0.0,9,8,15,5,0,0,0,0,0,0,0,0,0,0,0,0,1,0,0,0,1.0,1.0
1,2,54,1,3,6,2,0.0,1,5,15,3,0,0,0,0,0,0,0,0,0,0,0,0,0,0,1,0,0.0,0.0
2,2,39,1,2,8,2,0.0,1,10,13,3,0,0,0,0,0,0,0,0,0,0,0,1,0,0,0,0,1.0,1.0
3,1,21,1,2,7,2,0.0,1,6,1,3,0,0,0,0,0,0,0,0,0,0,0,1,0,0,0,0,0.0,0.0
4,2,19,1,2,4,2,0.0,9,6,15,4,0,0,0,0,0,0,0,0,0,0,0,0,1,0,0,0,0.0,0.0
5,2,36,1,1,8,2,0.0,9,5,15,3,0,0,0,0,0,0,0,0,0,0,0,0,1,0,0,0,0.0,0.0
6,1,34,1,2,4,2,0.0,9,5,15,3,0,0,0,0,0,0,0,0,0,0,0,0,1,0,0,0,2.0,0.0
7,2,42,1,3,3,2,0.0,9,3,9,2,0,0,0,0,0,0,0,0,0,0,0,0,1,0,0,0,0.0,0.0
8,1,21,1,4,3,2,0.0,10,5,17,4,0,0,0,0,0,0,0,0,0,0,0,0,1,0,0,0,0.0,0.0
9,2,35,1,4,7,1,5.0,11,5,15,3,0,0,0,0,0,0,0,0,0,0,0,0,0,0,1,0,0.0,0.0
10,1,51,1,2,5,2,0.0,1,4,5,3,0,0,0,0,0,0,0,0,0,0,0,0,1,0,0,0,0.0,0.0
11,2,47,1,2,5,1,5.0,1,5,15,5,0,0,0,0,0,0,0,0,0,0,0,0,1,0,0,0,0.0,0.0
12,1,66,1,3,4,2,0.0,1,88,15,3,0,0,0,0,0,0,0,0,0,0,0,0,1,0,0,0,2.0,1.0
13,1,79,1,3,2,2,0.0,9,6,9,3,0,0,0,0,0,0,0,0,0,0,0,0,1,0,0,0,0.0,0.0
14,2,24,1,3,4,2,0.0,9,5,15,3,0,0,0,0,0,0,0,0,0,0,0,0,1,0,0,0,0.0,0.0
15,2,28,1,4,6,2,0.0,1,5,15,3,0,0,0,0,0,0,0,0,0,0,0,0,0,0,1,0,0.0,0.0
16,2,60,1,4,2,8,0.0,1,10,1,5,0,0,0,0,0,0,0,1,0,0,0,0,0,0,0,0,1.0,1.0
17,1,23,1,3,7,1,5.0,9,3,15,4,0,0,0,0,0,0,0,1,0,0,0,0,0,0,0,0,0.0,0.0
18,2,60,1,3,2,2,0.0,3,88,15,5,0,0,0,0,0,0,0,1,0,0,0,0,0,0,0,0,2.0,0.0
19,2,28,1,4,4,2,0.0,1,10,15,5,0,0,0,0,0,0,0,1,0,0,0,0,0,0,0,0,1.0,1.0
20,1,57,1,3,6,2,0.0,1,5,21,4,0,0,0,0,0,0,0,0,0,0,0,0,1,0,0,0,1.0,0.0
21,2,52,1,2,6,2,0.0,4,10,15,2,0,0,0,0,0,0,0,0,0,0,0,0,1,0,0,0,0.0,1.0
22,1,25,1,3,8,2,0.0,2,5,15,3,0,0,0,0,0,1,0,0,0,0,0,0,0,0,0,0,2.0,2.0
23,1,46,1,4,4,2,0.0,2,5,17,1,0,0,0,0,0,0,0,0,0,0,0,1,0,0,0,0,1.0,1.0
24,1,55,1,3,8,2,0.0,2,7,15,2,0,0,0,0,0,0,0,0,0,0,0,0,1,0,0,0,1.0,1.0
25,2,33,1,3,6,1,5.0,9,4,15,5,0,0,0,0,0,0,0,0,0,0,0,0,1,0,0,0,2.0,0.0
26,1,28,1,3,4,2,0.0,1,99,19,5,0,0,0,0,0,0,0,0,0,0,0,0,1,0,0,0,0.0,0.0
27,1,52,1,3,2,2,0.0,2,88,15,5,0,0,0,0,0,0,0,0,0,0,0,0,1,0,0,0,0.0,0.0
28,2,57,1,2,4,2,0.0,1,88,15,3,0,0,0,0,0,0,0,0,0,0,0,0,1,0,0,0,0.0,0.0
29,1,69,1,3,3,2,0.0,1,10,15,1,0,0,0,0,0,0,0,0,0,0,0,0,1,0,0,0,1.0,1.0
30,1,68,1,3,9,2,0.0,1,5,5,2,0,0,0,0,0,0,1,0,0,0,0,0,0,0,0,0,1.0,1.0
31,2,42,1,4,2,1,5.0,1,5,15,5,0,0,0,0,0,0,0,0,1,0,0,0,0,0,0,0,0.0,0.0
32,1,80,1,3,1,2,0.0,1,5,15,5,0,0,0,0,0,0,0,0,0,0,0,0,1,0,0,0,0.0,0.0
33,1,30,1,3,4,2,0.0,9,5,15,2,0,0,0,0,0,0,0,0,0,0,0,0,0,0,1,0,0.0,0.0
34,2,48,2,4,1,2,0.0,2,10,15,4,0,1,0,0,0,0,0,0,0,0,0,0,0,0,0,0,1.0,1.0
35,2,28,1,3,8,2,0.0,1,10,13,3,0,0,0,0,0,0,0,0,0,0,0,0,1,0,0,0,1.0,1.0
36,2,52,1,2,8,2,0.0,1,1,3,4,0,0,0,0,0,0,0,0,0,0,0,0,1,0,0,0,0.0,0.0
37,1,25,1,2,8,2,0.0,9,3,21,3,0,0,0,0,0,0,0,0,0,0,0,0,1,0,0,0,0.0,0.0
38,2,31,1,4,4,2,0.0,2,10,1,4,0,1,0,0,0,0,0,0,0,0,0,0,0,0,0,0,0.0,0.0
39,2,38,1,4,4,2,0.0,9,10,15,5,0,1,0,0,0,0,0,0,0,0,0,0,0,0,0,0,1.0,1.0
40,1,81,1,2,4,2,0.0,1,5,15,4,0,0,0,0,0,0,0,0,0,0,0,0,1,0,0,0,0.0,0.0
41,2,84,1,2,3,2,0.0,1,10,10,3,0,0,0,0,0,0,0,0,0,0,0,0,1,0,0,0,1.0,1.0
42,1,25,1,2,6,2,0.0,2,5,15,5,0,0,0,0,0,0,0,0,0,0,0,0,1,0,0,0,0.0,0.0
43,2,37,1,4,4,2,0.0,1,5,17,5,0,0,0,0,0,0,0,0,0,0,0,0,1,0,0,0,1.0,0.0
44,2,44,1,3,7,2,0.0,1,7,15,4,0,1,0,0,0,0,0,0,0,0,0,0,0,0,0,0,1.0,1.0
45,2,65,1,3,2,2,0.0,2,7,2,5,0,1,0,0,0,0,0,0,0,0,0,0,0,0,0,0,1.0,1.0
46,2,27,1,2,5,2,0.0,1,6,88,2,0,0,0,0,0,0,0,0,1,0,0,0,0,0,0,0,0.0,0.0
47,1,56,1,2,5,2,0.0,1,7,18,2,0,0,0,0,0,0,0,0,0,0,0,0,1,0,0,0,1.0,1.0
48,2,38,1,3,5,2,0.0,9,5,15,3,0,0,0,0,0,0,0,0,0,0,0,0,0,0,0,1,1.0,1.0
49,2,66,1,3,4,2,0.0,1,5,15,5,0,0,0,0,0,0,0,0,0,0,0,0,0,0,0,1,0.0,0.0
50,1,32,1,2,8,2,0.0,9,1,11,2,0,0,0,0,0,0,0,0,0,0,0,0,1,0,0,0,0.0,0.0
51,2,33,1,3,4,2,0.0,9,88,15,4,0,0,0,0,0,0,0,0,0,0,0,0,1,0,0,0,1.0,1.0
52,1,51,1,2,8,2,0.0,1,8,15,4,0,0,0,0,0,0,0,0,0,0,0,0,1,0,0,0,1.0,1.0
53,1,39,1,1,8,1,5.0,9,3,3,2,0,0,0,0,0,0,0,0,0,0,0,0,1,0,0,0,0.0,0.0
54,1,65,1,2,8,2,0.0,1,7,15,3,0,0,0,0,0,0,0,0,0,0,0,0,1,0,0,0,1.0,1.0
55,1,65,1,3,4,2,0.0,99,5,15,5,0,1,0,0,0,0,0,0,0,0,0,0,0,0,0,0,1.0,1.0
56,2,64,1,4,4,2,0.0,1,10,10,5,0,0,0,0,0,0,0,0,0,0,0,0,0,0,0,1,1.0,1.0
57,1,46,1,3,4,2,0.0,1,5,15,3,0,0,0,0,0,0,0,0,0,0,0,0,0,0,0,1,1.0,0.0
58,2,42,1,2,5,2,0.0,2,1,15,3,0,0,0,0,0,0,0,0,1,0,0,0,0,0,0,0,1.0,0.0
59,2,33,1,3,6,1,5.0,1,99,15,4,0,1,0,0,0,0,0,0,0,0,0,0,0,0,0,0,1.0,1.0
60,1,63,1,3,4,2,0.0,1,5,17,5,0,1,0,0,0,0,0,0,0,0,0,0,0,0,0,0,1.0,1.0
61,1,32,1,2,9,2,0.0,10,3,16,1,0,0,0,0,0,0,0,0,0,0,0,0,0,0,1,0,0.0,0.0
62,2,28,1,2,8,2,0.0,9,4,15,3,0,0,0,0,0,0,0,0,0,0,0,1,0,0,0,0,0.0,0.0
63,2,63,1,3,8,2,0.0,1,99,10,2,0,0,0,0,0,0,0,0,0,0,0,0,1,0,0,0,1.0,1.0
64,1,31,2,3,4,2,0.0,8,88,15,2,0,1,0,0,0,0,0,0,0,0,0,0,0,0,0,0,0.0,0.0
65,2,48,2,3,4,2,0.0,1,10,15,2,0,1,0,0,0,0,0,0,0,0,0,0,0,0,0,0,1.0,1.0
66,1,69,1,3,6,2,0.0,9,6,10,3,0,0,0,0,0,1,0,0,0,0,0,0,0,0,0,0,1.0,1.0
67,1,59,1,4,8,2,0.0,9,4,9,5,0,0,0,0,0,1,0,0,0,0,0,0,0,0,0,0,0.0,0.0
68,2,76,1,3,2,1,5.0,1,6,1,4,0,0,0,0,0,1,0,0,0,0,0,0,0,0,0,0,0.0,0.0
69,2,58,1,4,2,2,0.0,1,10,15,4,0,0,0,0,0,0,0,1,0,0,0,0,0,0,0,0,0.0,0.0
70,2,71,1,3,4,2,0.0,1,5,15,5,0,0,0,0,0,0,0,0,1,0,0,0,0,0,0,0,1.0,1.0
71,2,36,1,4,3,1,5.0,1,7,15,5,0,0,0,0,0,0,0,0,1,0,0,0,0,0,0,0,0.0,0.0
72,2,60,1,4,2,2,0.0,2,5,9,5,0,0,0,0,0,0,0,0,1,0,0,0,0,0,0,0,0.0,0.0
73,2,74,1,3,2,2,0.0,1,99,15,5,0,0,0,0,0,1,0,0,0,0,0,0,0,0,0,0,1.0,0.0
74,2,63,1,3,4,2,0.0,1,3,3,4,0,0,0,0,0,1,0,0,0,0,0,0,0,0,0,0,0.0,0.0
75,2,48,1,3,4,2,0.0,1,99,15,5,0,0,0,0,0,1,0,0,0,0,0,0,0,0,0,0,0.0,0.0
76,1,55,1,3,4,2,0.0,1,7,10,2,0,0,0,0,0,0,0,0,0,0,0,0,1,0,0,0,1.0,1.0
77,2,34,1,4,4,2,0.0,9,2,3,1,0,0,0,0,0,0,0,0,0,0,0,0,1,0,0,0,0.0,0.0
78,1,32,1,3,8,2,0.0,1,5,15,3,0,0,0,0,0,0,0,0,0,0,0,0,1,0,0,0,0.0,0.0
79,2,32,1,3,5,2,0.0,8,5,13,4,0,0,0,0,0,0,0,0,0,0,0,0,1,0,0,0,0.0,0.0
80,1,59,1,3,2,2,0.0,1,5,9,4,0,0,0,0,0,0,0,0,0,0,0,0,1,0,0,0,0.0,0.0
81,2,28,1,4,6,2,0.0,2,5,5,1,0,0,0,0,0,0,0,0,0,0,0,0,1,0,0,0,0.0,0.0
82,2,42,1,4,3,2,0.0,1,5,1,4,0,0,0,0,0,0,0,0,0,0,0,0,1,0,0,0,0.0,0.0
83,2,50,1,2,8,2,0.0,1,5,15,4,0,0,0,0,0,0,0,0,0,0,0,0,0,0,1,0,0.0,0.0
84,2,46,2,3,4,2,0.0,9,4,15,4,0,0,0,0,0,0,0,0,0,0,0,0,0,0,0,1,0.0,0.0
85,2,56,1,3,3,2,0.0,9,3,9,4,0,1,0,0,0,0,0,0,0,0,0,0,0,0,0,0,0.0,0.0
86,2,70,1,3,1,1,5.0,1,6,15,4,0,1,0,0,0,0,0,0,0,0,0,0,0,0,0,0,0.0,0.0
87,1,68,1,3,4,1,11.0,1,10,18,2,0,1,0,0,0,0,0,0,0,0,0,0,0,0,0,0,1.0,1.0
88,1,51,1,4,4,2,0.0,1,10,15,5,0,1,0,0,0,0,0,0,0,0,0,0,0,0,0,0,1.0,1.0
89,2,67,1,3,4,2,0.0,2,88,15,2,0,0,0,0,0,0,0,0,0,0,0,0,1,0,0,0,0.0,0.0
90,1,73,1,3,1,2,0.0,2,88,15,3,0,0,0,0,0,0,0,0,0,0,0,0,1,0,0,0,0.0,0.0
91,1,61,1,4,8,2,0.0,9,88,15,5,0,0,0,0,0,0,0,0,0,0,0,0,1,0,0,0,2.0,1.0
92,1,53,2,3,3,2,0.0,1,5,15,4,0,0,0,0,0,0,0,0,0,0,0,1,0,0,0,0,0.0,0.0
93,1,66,2,4,2,2,0.0,1,5,10,5,0,0,0,0,0,0,0,0,0,0,0,1,0,0,0,0,1.0,1.0
94,1,31,2,4,3,2,0.0,2,10,17,3,0,0,0,0,0,0,0,0,0,0,0,1,0,0,0,0,1.0,1.0
95,1,65,1,2,8,2,0.0,1,5,15,3,0,0,0,0,0,0,0,0,0,0,0,0,0,0,1,0,1.0,0.0
96,1,65,1,4,0,2,0.0,1,9,88,5,1,0,0,0,0,0,0,0,0,0,0,0,0,0,0,0,0.0,0.0
97,1,24,1,3,5,2,0.0,9,5,15,5,0,0,0,0,0,0,0,0,0,0,0,0,0,0,1,0,0.0,0.0
98,2,32,1,2,4,2,0.0,2,8,10,3,1,0,0,0,0,0,0,0,0,0,0,0,0,0,0,0,1.0,1.0
99,1,75,1,3,1,2,0.0,1,10,9,5,0,0,0,0,0,0,1,0,0,0,0,0,0,0,0,0,0.0,0.0
100,2,38,1,4,3,2,0.0,9,5,15,5,1,0,0,0,0,0,0,0,0,0,0,0,0,0,0,0,2.0,2.0
101,2,71,1,3,2,2,0.0,2,3,15,5,0,0,0,0,0,0,0,1,0,0,0,0,0,0,0,0,1.0,1.0
102,1,39,1,3,8,2,0.0,1,5,15,1,0,0,0,0,0,0,0,0,0,0,0,0,0,0,1,0,0.0,0.0
103,1,52,1,4,3,1,5.0,9,99,15,2,0,0,0,0,0,0,0,0,0,0,0,0,1,0,0,0,0.0,0.0
104,1,35,1,1,8,2,0.0,1,5,15,3,1,0,0,0,0,0,0,0,0,0,0,0,0,0,0,0,0.0,0.0
105,1,42,1,2,8,2,0.0,9,4,15,3,0,0,0,0,0,0,0,0,0,0,0,0,1,0,0,0,0.0,0.0
106,2,40,1,3,4,2,0.0,1,6,13,5,0,1,0,0,0,0,0,0,0,0,0,0,0,0,0,0,2.0,1.0
107,1,55,2,3,1,2,0.0,1,8,15,5,0,0,0,0,0,0,0,0,0,0,0,1,0,0,0,0,1.0,1.0
108,1,61,2,3,6,2,0.0,1,5,17,4,0,0,0,0,0,0,0,0,0,0,0,1,0,0,0,0,0.0,0.0
109,2,43,2,4,3,2,0.0,5,5,5,4,0,0,0,0,0,0,0,0,0,0,0,1,0,0,0,0,0.0,0.0
110,2,90,2,3,2,2,0.0,1,10,1,3,0,0,0,0,0,0,0,0,0,0,0,1,0,0,0,0,0.0,0.0
111,2,48,1,3,3,2,0.0,2,88,15,5,0,1,0,0,0,0,0,0,0,0,0,0,0,0,0,0,0.0,0.0
112,2,60,2,4,2,2,0.0,5,5,15,5,0,0,0,0,0,0,0,0,0,0,0,1,0,0,0,0,0.0,0.0
113,2,41,2,3,2,2,0.0,1,6,15,4,0,0,0,0,0,0,0,0,0,0,0,1,0,0,0,0,0.0,0.0
114,1,52,2,3,1,2,0.0,1,7,1,4,0,0,0,0,0,0,0,0,0,0,0,1,0,0,0,0,1.0,1.0
115,1,67,1,3,3,2,0.0,9,5,15,5,0,0,0,0,0,0,0,0,0,0,0,0,0,0,1,0,0.0,0.0
116,2,72,1,4,1,2,0.0,1,5,15,3,0,0,0,0,0,0,0,1,0,0,0,0,0,0,0,0,1.0,0.0
117,1,53,1,3,2,1,5.0,2,5,15,5,0,0,0,0,0,0,0,0,0,0,0,0,1,0,0,0,1.0,1.0
118,2,65,1,3,3,2,0.0,1,10,15,3,0,0,0,0,0,0,0,0,0,0,0,0,1,0,0,0,0.0,1.0
119,2,32,1,3,8,2,0.0,9,4,11,3,0,0,0,0,0,0,0,1,0,0,0,0,0,0,0,0,0.0,0.0
120,2,59,1,3,3,2,0.0,9,5,15,5,0,0,0,0,0,0,0,1,0,0,0,0,0,0,0,0,1.0,0.0
121,2,56,1,4,0,2,0.0,1,6,15,4,1,0,0,0,0,0,0,0,0,0,0,0,0,0,0,0,0.0,0.0
122,2,35,1,3,4,2,0.0,1,5,1,4,1,0,0,0,0,0,0,0,0,0,0,0,0,0,0,0,0.0,0.0
123,2,83,1,3,2,2,0.0,1,4,15,5,0,0,0,0,0,0,0,0,0,0,0,0,1,0,0,0,2.0,2.0
124,2,66,1,3,4,2,0.0,1,10,15,5,0,0,0,0,0,0,0,0,0,0,0,0,1,0,0,0,1.0,1.0
125,2,65,1,3,4,2,0.0,1,10,13,5,0,0,0,0,0,0,0,0,0,0,0,0,1,0,0,0,1.0,1.0
126,2,29,1,3,8,2,0.0,9,88,17,3,0,0,0,0,0,0,0,0,0,0,0,0,1,0,0,0,1.0,1.0
127,2,50,1,2,4,8,0.0,1,5,5,4,0,0,0,0,0,0,0,0,0,0,0,0,1,0,0,0,0.0,0.0
128,2,67,2,4,1,2,0.0,1,88,15,3,0,0,0,0,0,0,0,0,0,0,0,0,1,0,0,0,0.0,0.0
129,1,67,2,4,1,2,0.0,1,88,1,5,0,0,0,0,0,0,0,0,0,0,0,0,1,0,0,0,0.0,0.0
130,2,37,2,4,2,2,0.0,1,88,15,5,0,0,0,0,0,0,0,0,0,0,0,0,1,0,0,0,0.0,0.0
131,1,20,1,2,4,2,0.0,9,3,15,2,0,0,0,0,0,0,0,0,0,0,0,0,1,0,0,0,0.0,0.0
132,1,70,1,3,4,2,0.0,3,5,15,5,0,0,0,0,0,0,0,0,0,0,0,0,0,0,1,0,2.0,0.0
133,1,67,1,3,3,2,0.0,9,5,15,2,0,0,0,0,0,0,0,0,0,0,0,0,1,0,0,0,0.0,0.0
134,1,55,1,4,0,2,0.0,1,1,15,4,0,0,0,0,0,0,0,0,0,0,0,0,1,0,0,0,0.0,0.0
135,1,40,1,2,8,2,0.0,9,5,9,2,0,0,0,0,0,0,0,0,0,0,0,0,0,0,1,0,0.0,0.0
136,1,19,2,3,5,2,0.0,2,7,15,4,0,0,0,0,0,0,0,0,1,0,0,0,0,0,0,0,1.0,1.0
137,1,70,1,3,4,2,0.0,1,5,1,5,0,0,0,0,0,0,0,0,0,0,0,0,1,0,0,0,1.0,1.0
138,1,73,1,3,4,2,0.0,9,8,10,3,0,0,0,0,0,0,0,0,0,0,0,0,1,0,0,0,1.0,1.0
139,1,73,1,3,3,1,5.0,2,5,1,4,0,0,0,0,0,0,0,0,0,0,0,0,1,0,0,0,0.0,0.0
140,1,32,1,3,4,2,0.0,9,5,15,4,0,0,0,0,0,0,0,0,0,0,0,0,1,0,0,0,2.0,0.0
141,2,53,1,2,8,2,0.0,2,5,15,3,0,0,0,0,0,0,0,0,0,0,0,0,1,0,0,0,1.0,1.0
142,1,21,1,3,4,2,0.0,2,5,10,2,0,0,0,0,0,0,0,0,0,0,0,0,1,0,0,0,0.0,0.0
143,2,42,2,3,4,2,0.0,1,7,15,5,0,0,0,0,0,0,0,0,1,0,0,0,0,0,0,0,1.0,1.0
144,1,35,2,2,8,2,0.0,8,5,15,4,0,0,0,0,0,0,0,0,1,0,0,0,0,0,0,0,1.0,1.0
145,2,57,2,4,3,2,0.0,1,3,5,4,0,0,0,0,0,0,0,0,1,0,0,0,0,0,0,0,0.0,0.0
146,2,31,2,3,3,2,0.0,1,88,15,3,0,0,0,0,0,0,1,0,0,0,0,0,0,0,0,0,1.0,1.0
147,2,50,2,3,3,2,0.0,1,88,13,4,0,0,0,0,0,0,1,0,0,0,0,0,0,0,0,0,0.0,0.0
148,1,60,2,4,2,2,0.0,9,99,15,5,0,1,0,0,0,0,0,0,0,0,0,0,0,0,0,0,1.0,1.0
149,2,23,1,3,5,2,0.0,1,1,9,4,0,0,0,0,0,0,0,0,1,0,0,0,0,0,0,0,0.0,0.0
150,1,59,1,4,3,2,0.0,1,5,15,3,0,0,0,0,0,0,0,1,0,0,0,0,0,0,0,0,0.0,0.0
151,2,19,1,4,4,2,0.0,9,88,15,5,0,0,0,0,0,0,0,1,0,0,0,0,0,0,0,0,1.0,1.0
152,1,47,1,2,4,2,0.0,1,99,15,1,0,0,0,0,0,0,0,0,0,0,0,0,1,0,0,0,0.0,0.0
153,2,86,1,3,1,2,0.0,1,88,1,5,0,0,0,0,0,0,0,0,0,0,0,0,1,0,0,0,0.0,0.0
154,1,28,1,2,8,2,0.0,9,4,11,2,0,0,0,0,0,0,0,0,0,0,0,0,1,0,0,0,0.0,0.0
155,1,37,1,3,4,2,0.0,9,5,15,3,0,0,0,0,0,0,0,0,0,0,0,0,1,0,0,0,1.0,0.0
156,1,40,1,3,4,2,0.0,1,88,15,5,0,0,0,0,0,0,0,0,0,0,0,0,1,0,0,0,1.0,1.0
157,2,31,1,3,4,2,0.0,9,1,15,4,0,0,0,0,0,0,0,0,0,0,0,0,1,0,0,0,0.0,0.0
158,2,41,2,4,4,2,0.0,1,5,15,4,0,0,0,0,0,0,0,0,0,0,0,0,0,0,1,0,1.0,0.0
159,2,70,2,4,1,2,0.0,1,10,5,5,0,0,0,0,0,0,0,0,0,0,0,0,0,0,1,0,1.0,1.0
160,2,34,2,3,5,2,0.0,1,2,15,5,0,0,0,0,0,0,0,0,0,0,0,0,0,0,1,0,1.0,1.0
161,1,63,2,4,1,2,0.0,1,5,1,4,0,0,0,0,0,0,0,0,0,0,0,0,0,0,1,0,0.0,0.0
162,1,54,1,3,4,2,0.0,1,99,15,5,0,1,0,0,0,0,0,0,0,0,0,0,0,0,0,0,1.0,1.0
163,1,62,1,3,6,2,0.0,1,5,15,5,0,0,0,0,0,0,0,0,0,0,0,0,0,0,1,0,1.0,0.0
164,1,43,1,2,6,1,5.0,1,5,15,2,0,0,0,0,0,0,0,0,0,0,0,0,0,0,1,0,1.0,1.0
165,2,52,1,4,4,2,0.0,1,4,15,4,0,0,0,0,0,0,0,0,0,0,0,0,0,0,1,0,0.0,0.0
166,1,79,1,4,4,2,0.0,1,5,15,3,0,0,0,0,0,0,0,0,0,0,0,0,0,0,1,0,1.0,0.0
167,1,64,1,3,1,2,0.0,1,5,15,2,0,0,0,0,0,0,0,0,0,0,0,0,0,0,1,0,0.0,0.0
168,2,56,1,1,6,2,0.0,1,8,15,3,0,0,0,0,0,0,0,0,0,0,0,0,1,0,0,0,1.0,1.0
169,2,43,1,1,8,2,0.0,1,9,15,3,0,0,0,0,0,0,0,0,0,0,0,0,1,0,0,0,1.0,1.0
170,1,59,1,1,8,2,0.0,1,5,15,2,0,0,0,0,0,0,0,0,0,0,0,0,1,0,0,0,0.0,0.0
171,1,19,1,3,4,2,0.0,1,3,15,5,0,0,0,0,0,0,0,0,0,0,0,0,1,0,0,0,0.0,0.0
172,1,38,1,2,8,2,0.0,9,6,15,3,0,0,0,0,0,0,0,0,0,0,0,0,1,0,0,0,0.0,0.0
173,1,34,1,2,8,2,0.0,3,7,18,2,0,0,0,0,0,0,0,0,0,0,0,0,1,0,0,0,1.0,1.0
174,2,53,1,3,1,2,0.0,2,7,15,5,0,0,0,0,0,0,0,0,0,1,0,0,0,0,0,0,1.0,1.0
175,1,74,1,3,1,2,0.0,9,1,15,5,0,0,0,0,0,0,0,0,0,0,0,0,1,0,0,0,2.0,2.0
176,2,26,1,3,6,2,0.0,9,5,9,4,0,0,0,0,0,0,0,0,0,0,0,0,1,0,0,0,0.0,0.0
177,2,63,1,4,4,2,0.0,99,5,15,5,0,0,0,0,0,0,0,0,0,0,0,0,1,0,0,0,0.0,0.0
178,1,51,1,2,9,2,0.0,9,6,15,3,0,0,0,0,0,0,0,0,0,0,0,0,1,0,0,0,0.0,0.0
179,2,24,1,3,4,2,0.0,2,5,20,5,1,0,0,0,0,0,0,0,0,0,0,0,0,0,0,0,0.0,0.0
180,2,28,1,1,6,2,0.0,9,5,15,5,1,0,0,0,0,0,0,0,0,0,0,0,0,0,0,0,0.0,0.0
181,2,23,1,2,7,2,0.0,10,1,3,1,0,0,0,0,0,0,0,0,0,1,0,0,0,0,0,0,0.0,0.0
182,2,30,1,4,4,2,0.0,1,1,15,3,1,0,0,0,0,0,0,0,0,0,0,0,0,0,0,0,0.0,0.0
183,1,24,1,4,3,2,0.0,1,5,15,5,1,0,0,0,0,0,0,0,0,0,0,0,0,0,0,0,0.0,0.0
184,2,36,1,4,6,2,0.0,1,6,13,3,1,0,0,0,0,0,0,0,0,0,0,0,0,0,0,0,1.0,1.0
185,2,63,1,3,3,1,5.0,1,99,15,5,0,0,0,0,0,0,0,0,0,0,0,0,1,0,0,0,0.0,0.0
186,1,66,1,4,4,2,0.0,9,88,15,5,0,0,0,0,0,0,0,0,0,0,0,0,1,0,0,0,0.0,0.0
187,1,41,1,3,4,2,0.0,9,5,10,2,0,0,0,0,0,0,0,0,0,0,0,0,1,0,0,0,1.0,1.0
188,1,25,1,2,7,2,0.0,1,4,9,2,0,0,0,0,0,0,0,0,0,0,0,1,0,0,0,0,0.0,0.0
189,1,79,1,4,0,2,0.0,2,1,3,2,0,0,0,0,0,0,0,0,0,0,0,1,0,0,0,0,0.0,0.0
190,2,25,1,3,4,2,0.0,9,1,15,4,0,0,0,0,0,0,0,0,0,0,0,0,1,0,0,0,0.0,0.0
191,1,47,1,2,7,2,0.0,1,5,15,4,0,0,0,0,0,0,0,0,0,0,0,0,1,0,0,0,0.0,0.0
192,1,67,1,4,2,2,0.0,2,1,3,1,0,0,0,0,0,0,0,0,0,0,0,0,1,0,0,0,0.0,0.0
193,1,42,1,3,6,2,0.0,1,4,15,4,0,0,0,0,0,0,0,0,0,0,0,0,0,0,1,0,0.0,0.0
194,2,37,1,3,8,2,0.0,9,5,17,3,0,0,0,0,0,0,0,0,0,0,0,0,0,0,1,0,0.0,0.0
195,1,83,1,2,2,2,0.0,1,5,9,3,0,0,0,0,0,0,0,0,0,0,0,0,0,0,1,0,0.0,0.0
196,1,39,1,3,4,2,0.0,1,99,88,2,0,0,0,0,0,0,0,0,0,0,0,0,1,0,0,0,1.0,1.0
197,1,68,1,2,8,2,0.0,1,6,15,5,0,0,0,0,0,0,0,0,0,0,0,0,1,0,0,0,0.0,1.0
198,2,71,1,2,8,2,0.0,1,3,16,3,0,0,0,0,0,0,0,0,0,0,0,0,1,0,0,0,0.0,0.0
199,2,37,1,2,8,2,0.0,2,6,15,5,0,0,0,0,0,0,0,0,0,0,0,0,1,0,0,0,1.0,1.0
200,2,42,1,1,4,2,0.0,9,5,15,5,0,0,0,0,0,1,0,0,0,0,0,0,0,0,0,0,0.0,0.0
201,2,27,1,1,8,2,0.0,9,5,15,4,0,0,0,0,0,1,0,0,0,0,0,0,0,0,0,0,2.0,2.0
202,2,35,1,1,4,2,0.0,9,5,15,4,0,0,0,0,0,1,0,0,0,0,0,0,0,0,0,0,1.0,0.0
203,2,32,1,3,4,2,0.0,1,10,15,5,0,0,0,0,0,0,0,0,0,0,0,0,0,0,0,1,0.0,0.0
204,2,38,1,4,4,2,0.0,1,99,99,5,0,0,0,0,0,1,0,0,0,0,0,0,0,0,0,0,0.0,0.0
205,2,33,1,3,3,2,0.0,9,99,15,5,0,0,0,0,0,0,0,0,0,0,0,0,1,0,0,0,0.0,0.0
206,2,41,2,5,3,2,0.0,2,5,13,3,0,1,0,0,0,0,0,0,0,0,0,0,0,0,0,0,1.0,1.0
207,2,21,2,5,7,1,5.0,2,10,10,2,0,1,0,0,0,0,0,0,0,0,0,0,0,0,0,0,1.0,1.0
208,1,83,2,3,2,2,0.0,2,5,1,3,0,0,0,0,0,0,0,0,0,1,0,0,0,0,0,0,0.0,0.0
209,2,65,2,3,2,1,5.0,1,3,10,3,0,0,0,0,0,0,0,0,0,1,0,0,0,0,0,0,1.0,1.0
210,2,49,1,4,4,2,0.0,2,10,15,4,0,0,0,0,0,1,0,0,0,0,0,0,0,0,0,0,1.0,1.0
211,2,20,1,3,4,2,0.0,9,4,15,3,0,0,0,0,0,0,0,0,0,0,0,0,1,0,0,0,0.0,0.0
212,2,81,1,3,1,2,0.0,1,99,15,5,0,0,0,0,0,1,0,0,0,0,0,0,0,0,0,0,2.0,0.0
213,2,26,2,3,4,1,5.0,1,5,20,5,0,0,0,0,0,0,0,0,0,1,0,0,0,0,0,0,0.0,0.0
214,2,28,1,3,5,2,0.0,2,8,15,4,0,0,0,0,0,0,0,0,0,0,0,0,1,0,0,0,0.0,0.0
215,2,36,2,3,2,2,0.0,2,5,20,4,0,0,0,0,0,0,0,0,0,1,0,0,0,0,0,0,1.0,1.0
216,1,32,1,3,5,2,0.0,9,88,15,1,0,0,0,0,0,0,0,0,0,0,0,0,1,0,0,0,0.0,0.0
217,2,49,1,3,4,2,0.0,99,10,88,3,0,1,0,0,0,0,0,0,0,0,0,0,0,0,0,0,1.0,1.0
218,1,20,1,3,7,2,0.0,8,10,18,3,0,0,0,0,0,0,0,0,0,0,0,0,1,0,0,0,1.0,1.0
219,2,71,1,4,1,2,0.0,2,88,15,5,0,0,0,0,0,0,0,1,0,0,0,0,0,0,0,0,0.0,0.0
220,1,70,1,3,7,2,0.0,1,8,13,5,0,0,0,0,0,0,0,0,0,0,0,0,1,0,0,0,1.0,1.0
221,2,33,1,3,5,2,0.0,1,4,3,4,0,0,0,0,0,0,0,0,1,0,0,0,0,0,0,0,0.0,0.0
222,1,22,1,3,7,2,0.0,9,4,15,1,0,1,0,0,0,0,0,0,0,0,0,0,0,0,0,0,0.0,0.0
223,2,84,1,4,0,2,0.0,2,10,15,5,0,0,0,0,0,0,0,0,1,0,0,0,0,0,0,0,0.0,0.0
224,2,71,1,4,1,2,0.0,1,10,15,5,0,0,0,0,0,0,0,0,1,0,0,0,0,0,0,0,0.0,0.0
225,2,28,1,4,2,2,0.0,1,99,17,5,0,0,0,0,0,0,0,0,1,0,0,0,0,0,0,0,1.0,1.0
226,2,38,1,3,6,1,5.0,1,4,21,1,0,0,0,0,0,0,0,0,1,0,0,0,0,0,0,0,0.0,0.0
227,2,22,1,3,7,2,0.0,9,4,15,3,0,0,0,0,0,0,0,0,0,0,0,0,0,0,1,0,0.0,0.0
228,1,47,1,2,4,2,0.0,1,6,15,5,0,0,0,0,0,0,0,0,0,0,0,0,0,0,1,0,0.0,0.0
229,2,43,1,2,8,2,0.0,1,5,1,1,0,0,0,0,0,0,0,0,0,0,0,1,0,0,0,0,0.0,0.0
230,2,54,2,3,4,2,0.0,1,4,15,3,0,0,0,0,0,0,0,0,0,0,0,0,0,0,0,1,0.0,0.0
231,2,45,2,2,6,2,0.0,2,4,15,4,0,0,0,0,0,0,0,0,0,0,0,0,0,0,0,1,0.0,0.0
232,2,44,1,3,6,2,0.0,1,6,15,4,0,0,0,0,0,0,0,0,0,0,0,1,0,0,0,0,0.0,0.0
233,1,46,1,3,4,2,0.0,1,7,2,3,0,0,0,0,0,0,0,0,0,0,0,1,0,0,0,0,1.0,1.0
234,1,38,1,3,5,2,0.0,11,6,10,2,0,0,0,0,0,0,0,0,0,0,0,0,1,0,0,0,1.0,1.0
235,2,43,1,3,4,2,0.0,9,5,88,4,0,0,0,0,0,0,0,0,0,0,0,0,1,0,0,0,0.0,0.0
236,2,30,1,4,6,2,0.0,10,5,17,5,0,0,0,0,0,0,0,0,0,0,0,0,1,0,0,0,0.0,0.0
237,1,64,2,3,3,2,0.0,1,10,15,4,0,1,0,0,0,0,0,0,0,0,0,0,0,0,0,0,1.0,1.0
238,1,53,1,2,6,2,0.0,1,8,18,3,0,0,0,0,0,0,0,0,0,0,0,0,1,0,0,0,1.0,1.0
239,1,61,1,4,3,2,0.0,9,8,10,5,0,0,0,0,0,0,0,0,0,0,0,0,1,0,0,0,1.0,1.0
240,2,60,1,4,1,2,0.0,1,5,15,5,0,0,0,0,0,0,0,0,0,0,0,0,0,0,1,0,0.0,0.0
241,1,75,1,3,8,2,0.0,8,1,3,1,0,0,0,0,0,0,0,0,0,0,0,0,0,0,1,0,0.0,0.0
242,2,68,1,2,8,2,0.0,1,10,18,2,0,0,0,0,0,0,0,0,0,0,0,0,1,0,0,0,1.0,1.0
243,1,43,1,3,8,1,5.0,1,1,9,4,0,0,0,0,0,0,0,0,0,0,0,0,1,0,0,0,0.0,0.0
244,2,49,1,3,4,2,0.0,9,3,15,3,0,0,0,0,0,0,0,0,0,0,0,0,1,0,0,0,0.0,0.0
245,2,47,1,3,4,2,0.0,2,88,15,4,0,0,0,0,0,0,0,0,0,0,0,0,1,0,0,0,0.0,0.0
246,2,75,1,2,8,2,0.0,9,5,99,2,0,0,0,0,0,0,0,1,0,0,0,0,0,0,0,0,1.0,1.0
247,1,67,2,3,1,2,0.0,2,10,10,3,0,0,0,0,0,0,0,0,0,1,0,0,0,0,0,0,1.0,1.0
248,2,25,2,3,6,1,5.0,9,5,15,5,0,0,0,0,0,0,0,0,0,1,0,0,0,0,0,0,0.0,0.0
249,2,57,2,2,3,2,0.0,1,5,10,5,0,0,0,0,0,0,0,0,0,1,0,0,0,0,0,0,1.0,1.0
250,1,60,1,3,4,2,0.0,9,5,15,5,0,0,0,0,0,0,0,0,0,0,0,0,1,0,0,0,0.0,0.0
251,2,69,2,3,2,2,0.0,1,5,88,5,0,0,0,0,0,0,0,0,0,1,0,0,0,0,0,0,0.0,0.0
252,2,51,2,3,4,2,0.0,9,1,15,1,0,0,0,0,0,0,0,0,0,1,0,0,0,0,0,0,0.0,0.0
253,1,25,2,2,6,2,0.0,9,5,9,3,0,0,0,0,0,0,0,0,0,1,0,0,0,0,0,0,0.0,0.0
254,1,52,1,1,9,2,0.0,10,1,11,2,0,0,0,0,0,0,0,0,0,0,0,0,1,0,0,0,0.0,0.0
255,1,60,1,1,9,2,0.0,11,7,2,2,0,0,0,0,0,0,0,0,0,0,0,0,1,0,0,0,1.0,1.0
256,2,78,1,1,4,2,0.0,9,5,15,1,0,0,0,0,0,0,0,0,0,0,0,0,1,0,0,0,2.0,2.0
257,2,39,1,3,6,2,0.0,2,5,15,5,0,0,0,0,0,0,0,0,0,1,0,0,0,0,0,0,1.0,1.0
258,2,76,1,3,4,2,0.0,1,88,15,5,0,0,0,0,0,0,0,0,0,0,0,0,1,0,0,0,0.0,0.0
259,2,40,1,3,4,2,0.0,1,4,1,4,0,0,0,0,0,0,0,0,0,1,0,0,0,0,0,0,0.0,0.0
260,1,72,1,3,4,2,0.0,1,5,15,2,0,0,0,0,0,0,0,0,0,0,0,0,0,0,1,0,1.0,0.0
261,2,65,1,4,1,2,0.0,9,99,15,4,0,0,0,0,0,0,0,0,0,0,0,0,0,0,1,0,0.0,0.0
262,2,29,1,3,7,1,5.0,2,5,15,5,0,0,0,0,0,0,0,0,0,1,0,0,0,0,0,0,1.0,1.0
263,2,20,1,3,4,1,5.0,2,5,15,3,0,0,0,0,0,0,0,0,0,1,0,0,0,0,0,0,1.0,1.0
264,2,56,1,4,3,2,0.0,9,6,15,5,1,0,0,0,0,0,0,0,0,0,0,0,0,0,0,0,2.0,2.0
265,1,45,1,1,8,2,0.0,1,8,10,2,0,0,0,0,0,0,0,0,0,0,0,0,1,0,0,0,1.0,1.0
266,2,38,1,4,4,2,0.0,9,5,15,5,1,0,0,0,0,0,0,0,0,0,0,0,0,0,0,0,2.0,2.0
267,1,70,1,3,7,2,0.0,1,6,15,5,0,0,0,0,0,0,0,1,0,0,0,0,0,0,0,0,1.0,1.0
268,2,66,1,1,6,2,0.0,1,6,15,5,0,0,0,0,0,0,0,0,0,0,0,0,1,0,0,0,1.0,1.0
269,2,57,1,3,4,2,0.0,2,99,18,4,0,0,0,0,0,0,0,0,1,0,0,0,0,0,0,0,1.0,1.0
270,2,59,1,3,4,2,0.0,9,5,15,4,1,0,0,0,0,0,0,0,0,0,0,0,0,0,0,0,2.0,2.0
271,1,39,1,3,7,2,0.0,2,7,15,3,0,0,0,0,0,0,0,0,0,0,0,0,1,0,0,0,1.0,1.0
272,1,69,1,2,7,2,0.0,8,5,2,5,0,0,0,0,0,0,0,0,0,0,0,0,1,0,0,0,1.0,1.0
273,2,29,1,2,6,2,0.0,1,3,9,3,0,0,0,0,0,0,0,0,0,0,0,0,1,0,0,0,0.0,0.0
274,2,42,1,3,8,2,0.0,9,3,9,3,0,0,0,0,0,0,0,0,0,0,0,0,1,0,0,0,0.0,0.0
275,2,50,1,2,7,2,0.0,1,5,15,2,0,0,0,0,0,0,0,0,0,0,0,0,1,0,0,0,0.0,0.0
276,2,50,1,4,3,2,0.0,9,99,15,4,0,1,0,0,0,0,0,0,0,0,0,0,0,0,0,0,1.0,1.0
277,1,54,2,3,6,2,0.0,1,8,18,3,0,0,0,0,0,0,0,0,0,0,0,0,0,0,0,1,1.0,1.0
278,2,47,2,3,4,2,0.0,9,5,15,5,0,0,0,0,0,0,0,0,0,0,0,0,0,0,0,1,0.0,0.0
279,2,41,1,3,8,2,0.0,1,5,15,3,0,0,0,0,1,0,0,0,0,0,0,0,0,0,0,0,1.0,1.0
280,2,26,1,3,4,2,0.0,1,99,15,3,0,0,0,0,0,0,0,0,0,0,0,0,1,0,0,0,0.0,0.0
281,1,48,1,4,2,2,0.0,1,3,3,4,0,0,0,0,0,0,0,0,0,0,0,0,1,0,0,0,0.0,0.0
282,2,57,1,3,6,2,0.0,8,9,10,2,0,0,0,0,0,0,0,0,0,0,0,0,1,0,0,0,1.0,1.0
283,2,55,1,2,6,2,0.0,9,5,15,4,0,0,0,0,0,0,0,0,0,0,0,0,1,0,0,0,0.0,0.0
284,1,26,1,3,6,2,0.0,9,5,17,2,0,0,0,0,0,0,0,0,0,0,0,0,1,0,0,0,0.0,0.0
285,2,28,1,3,8,2,0.0,9,5,15,5,0,0,0,0,0,0,0,0,0,0,0,0,1,0,0,0,0.0,0.0
286,1,57,1,3,6,2,0.0,9,3,15,1,0,0,0,0,0,0,0,0,0,0,0,0,0,0,1,0,0.0,0.0
287,2,79,1,4,3,2,0.0,9,5,15,5,0,0,0,0,0,0,0,0,0,0,0,0,0,0,1,0,0.0,0.0
288,2,32,1,3,4,2,0.0,1,5,15,4,0,0,0,0,0,0,0,0,0,0,0,0,0,0,1,0,0.0,0.0
289,2,26,1,3,4,2,0.0,9,6,15,3,0,0,0,0,0,0,0,1,0,0,0,0,0,0,0,0,0.0,0.0
290,2,48,1,3,4,2,0.0,1,6,15,5,0,0,0,0,0,0,0,1,0,0,0,0,0,0,0,0,0.0,0.0
291,2,49,1,4,3,2,0.0,1,5,15,4,0,0,0,0,0,0,0,0,0,0,0,0,1,0,0,0,0.0,0.0
292,1,20,1,3,7,2,0.0,9,7,88,3,0,0,0,0,0,0,0,0,0,0,0,0,1,0,0,0,1.0,1.0
293,2,66,2,4,1,2,0.0,1,88,15,5,0,0,0,0,0,0,0,0,0,0,0,0,0,0,1,0,2.0,0.0
294,2,28,2,2,8,2,0.0,1,5,15,4,0,0,0,0,0,0,0,0,0,0,0,0,0,0,1,0,0.0,0.0
295,2,59,2,2,3,2,0.0,1,3,15,2,0,0,0,0,0,0,0,0,0,0,0,0,0,0,1,0,0.0,0.0
296,1,44,1,2,8,2,0.0,1,6,15,2,0,0,0,0,0,0,0,0,0,0,0,0,1,0,0,0,1.0,1.0
297,1,66,1,2,2,2,0.0,2,99,15,5,0,0,0,0,0,0,0,0,0,0,0,0,1,0,0,0,0.0,0.0
298,1,65,1,2,2,2,0.0,2,8,15,5,0,0,0,0,0,0,0,0,0,0,0,0,1,0,0,0,1.0,1.0
299,1,41,1,2,8,2,0.0,9,3,15,1,0,0,0,0,0,0,0,0,0,0,0,0,1,0,0,0,0.0,0.0
300,2,21,1,3,7,1,5.0,1,3,15,2,0,0,0,0,0,0,0,0,0,0,0,0,1,0,0,0,0.0,0.0
301,1,40,1,3,3,1,5.0,2,9,9,1,0,0,0,0,0,0,0,0,0,0,0,0,1,0,0,0,1.0,1.0
302,2,42,1,3,4,2,0.0,1,10,10,4,0,0,0,0,0,0,0,0,0,0,0,0,1,0,0,0,1.0,1.0
303,2,77,1,3,1,2,0.0,2,99,15,5,0,1,0,0,0,0,0,0,0,0,0,0,0,0,0,0,1.0,1.0
304,1,60,1,3,3,2,0.0,99,5,14,2,0,1,0,0,0,0,0,0,0,0,0,0,0,0,0,0,0.0,0.0
305,2,47,1,3,2,2,0.0,1,88,15,4,0,0,0,0,0,0,0,0,0,0,0,0,1,0,0,0,0.0,0.0
306,2,31,1,3,8,2,0.0,99,99,15,5,0,1,0,0,0,0,0,0,0,0,0,0,0,0,0,0,0.0,0.0
307,2,54,1,3,1,2,0.0,9,88,15,5,0,0,0,0,0,0,0,0,0,0,0,0,1,0,0,0,1.0,1.0
308,2,25,1,4,3,2,0.0,1,6,20,4,0,0,0,0,0,0,0,0,0,0,0,0,0,0,1,0,0.0,0.0
309,2,49,1,3,4,2,0.0,1,5,15,3,0,0,0,0,0,0,0,1,0,0,0,0,0,0,0,0,0.0,0.0
310,2,49,1,3,5,2,0.0,1,7,15,3,0,0,0,0,0,0,0,0,0,0,1,0,0,0,0,0,0.0,1.0
311,1,21,2,3,7,2,0.0,9,5,15,4,0,0,0,0,0,0,0,0,0,0,0,0,1,0,0,0,1.0,0.0
312,2,35,2,2,8,2,0.0,1,88,15,3,0,0,0,0,0,0,0,0,0,0,0,0,1,0,0,0,1.0,1.0
313,1,27,2,3,8,2,0.0,2,10,18,3,0,0,0,0,0,0,0,0,0,0,0,0,1,0,0,0,1.0,1.0
314,2,23,1,2,7,2,0.0,9,3,16,1,0,0,0,0,0,0,0,0,0,0,0,0,1,0,0,0,0.0,0.0
315,1,35,1,1,8,2,0.0,9,6,13,3,0,0,0,0,0,0,0,0,0,0,0,0,1,0,0,0,0.0,0.0
316,2,28,1,2,8,2,0.0,9,7,2,2,0,0,0,0,0,0,0,0,0,0,0,0,1,0,0,0,1.0,1.0
317,2,66,1,3,4,2,0.0,1,6,15,5,0,0,0,0,0,0,0,0,0,0,0,0,1,0,0,0,0.0,1.0
318,1,64,1,3,1,2,0.0,1,8,15,3,0,1,0,0,0,0,0,0,0,0,0,0,0,0,0,0,1.0,1.0
319,1,23,2,3,6,2,0.0,99,5,15,4,0,1,0,0,0,0,0,0,0,0,0,0,0,0,0,0,0.0,0.0
320,2,21,1,3,4,2,0.0,9,3,15,3,0,0,0,0,0,0,0,1,0,0,0,0,0,0,0,0,0.0,0.0
321,2,68,2,3,1,2,0.0,2,6,15,5,0,0,0,0,0,0,0,0,0,0,0,0,0,0,0,1,2.0,0.0
322,1,27,2,3,4,2,0.0,9,5,5,2,0,0,0,0,0,0,0,0,0,0,0,0,0,0,0,1,0.0,0.0
323,1,21,2,3,6,2,0.0,9,1,88,4,0,0,0,0,0,0,0,0,0,0,0,0,0,0,0,1,1.0,1.0
324,1,65,2,3,4,2,0.0,1,99,15,5,0,1,0,0,0,0,0,0,0,0,0,0,0,0,0,0,1.0,1.0
325,1,50,1,3,4,1,5.0,1,5,15,2,0,0,0,0,0,0,0,0,0,0,0,0,1,0,0,0,0.0,0.0
326,2,54,1,3,8,2,0.0,9,3,15,3,0,0,0,0,0,0,0,1,0,0,0,0,0,0,0,0,0.0,0.0
327,1,44,1,2,6,2,0.0,1,8,15,4,0,0,0,0,0,0,0,0,0,0,0,0,0,1,0,0,1.0,1.0
328,2,53,1,2,6,2,0.0,2,5,15,5,0,0,0,0,0,0,0,0,0,0,0,0,0,1,0,0,1.0,1.0
329,1,80,1,4,2,2,0.0,99,7,15,5,0,0,0,0,0,0,0,0,0,0,0,0,1,0,0,0,0.0,0.0
330,2,19,1,3,4,2,0.0,1,1,15,4,0,0,0,0,0,0,0,0,0,0,0,0,1,0,0,0,0.0,0.0
331,2,37,1,3,6,2,0.0,1,99,16,2,0,0,0,0,0,0,0,0,0,0,0,0,0,0,1,0,0.0,0.0
332,2,20,1,3,4,2,0.0,10,5,15,5,0,0,0,0,0,0,0,0,0,0,0,0,0,0,1,0,0.0,0.0
333,1,67,1,3,3,2,0.0,2,5,13,5,0,0,0,0,0,0,0,0,0,0,0,0,1,0,0,0,1.0,1.0
334,2,61,1,2,4,2,0.0,2,5,15,3,0,0,0,0,0,0,0,0,0,0,0,0,1,0,0,0,0.0,0.0
335,1,78,1,3,2,2,0.0,2,5,15,3,0,0,0,0,0,0,0,0,0,0,0,0,1,0,0,0,0.0,0.0
336,2,53,1,3,4,2,0.0,9,5,15,5,0,0,0,0,0,0,0,0,0,0,1,0,0,0,0,0,2.0,0.0
337,1,43,1,4,3,2,0.0,1,5,10,5,0,0,1,0,0,0,0,0,0,0,0,0,0,0,0,0,2.0,2.0
338,2,45,1,3,5,2,0.0,2,10,18,3,0,0,0,0,0,0,0,0,0,0,1,0,0,0,0,0,1.0,1.0
339,2,50,1,4,2,1,9.0,2,88,88,5,0,0,0,0,0,0,0,0,0,0,0,0,1,0,0,0,0.0,0.0
340,2,28,1,3,5,2,0.0,9,5,15,3,0,0,0,0,0,0,0,0,0,0,0,0,1,0,0,0,0.0,0.0
341,1,40,1,3,4,2,0.0,2,7,17,2,0,0,0,0,0,0,0,0,0,0,1,0,0,0,0,0,1.0,1.0
342,1,56,1,3,4,2,0.0,99,5,15,5,0,0,0,0,0,1,0,0,0,0,0,0,0,0,0,0,0.0,0.0
343,2,63,2,3,4,2,0.0,1,4,15,5,0,0,0,0,0,1,0,0,0,0,0,0,0,0,0,0,2.0,2.0
344,1,48,2,4,4,2,0.0,9,5,15,5,0,0,0,0,0,1,0,0,0,0,0,0,0,0,0,0,0.0,0.0
345,1,56,2,3,2,2,0.0,2,6,15,5,0,0,0,0,0,1,0,0,0,0,0,0,0,0,0,0,0.0,0.0
346,2,76,2,4,1,2,0.0,1,5,15,5,0,0,0,0,0,0,0,1,0,0,0,0,0,0,0,0,0.0,0.0
347,1,74,1,3,0,2,0.0,9,88,15,5,0,0,0,0,0,0,0,0,0,0,0,0,1,0,0,0,0.0,0.0
348,1,54,1,3,3,1,5.0,2,1,15,5,0,0,0,0,0,0,0,0,0,0,0,0,1,0,0,0,1.0,1.0
349,1,49,1,4,6,2,0.0,9,5,21,1,0,0,0,0,0,0,0,0,0,0,0,0,1,0,0,0,0.0,0.0
350,1,37,1,4,2,2,0.0,9,4,13,4,0,0,0,0,0,0,0,0,0,0,0,0,1,0,0,0,2.0,0.0
351,2,67,1,4,2,2,0.0,2,99,15,5,0,0,0,0,0,0,0,0,0,0,0,0,1,0,0,0,1.0,0.0
352,2,62,1,3,3,2,0.0,9,5,15,5,0,0,0,0,0,0,0,0,0,0,0,0,0,0,1,0,0.0,0.0
353,1,22,1,3,4,2,0.0,5,8,15,2,0,0,0,0,0,0,0,0,0,0,0,0,0,0,1,0,1.0,1.0
354,2,39,2,4,4,1,5.0,99,99,15,4,0,1,0,0,0,0,0,0,0,0,0,0,0,0,0,0,0.0,0.0
355,2,50,2,3,4,2,0.0,99,10,15,5,0,1,0,0,0,0,0,0,0,0,0,0,0,0,0,0,1.0,1.0
356,2,21,1,3,3,2,0.0,9,6,17,5,0,0,0,0,0,0,0,0,0,0,0,1,0,0,0,0,0.0,0.0
357,2,48,1,3,3,2,0.0,1,5,19,5,0,0,0,0,0,0,0,0,0,0,0,1,0,0,0,0,2.0,0.0
358,1,92,1,3,1,2,0.0,1,5,15,5,0,0,0,0,0,0,0,0,0,0,0,0,0,0,1,0,0.0,0.0
359,1,28,1,3,4,2,0.0,9,8,18,3,0,0,0,0,0,0,0,0,0,0,0,1,0,0,0,0,1.0,1.0
360,1,72,1,2,4,2,0.0,1,3,9,3,0,0,0,0,0,0,0,0,0,0,0,1,0,0,0,0,0.0,0.0
361,2,28,1,3,6,2,0.0,1,6,17,1,0,0,0,0,0,0,0,0,0,0,0,1,0,0,0,0,0.0,0.0
362,2,43,1,3,4,2,0.0,1,7,15,3,0,0,0,0,0,0,0,0,0,1,0,0,0,0,0,0,1.0,1.0
363,2,59,1,3,2,2,0.0,2,88,19,5,0,0,0,0,0,0,0,0,0,1,0,0,0,0,0,0,1.0,1.0
364,2,32,1,3,6,2,0.0,9,5,15,3,0,0,0,0,0,0,0,0,0,0,0,0,1,0,0,0,0.0,0.0
365,2,26,1,4,5,2,0.0,9,99,15,3,0,0,0,0,0,0,0,0,0,0,0,0,1,0,0,0,0.0,0.0
366,1,57,1,2,3,2,0.0,1,10,15,4,0,0,0,0,0,0,0,0,0,0,0,0,1,0,0,0,2.0,1.0
367,1,48,1,1,5,2,0.0,1,5,15,3,0,0,0,0,0,0,0,0,0,0,0,0,1,0,0,0,1.0,1.0
368,1,30,1,4,2,2,0.0,9,3,15,5,0,0,0,0,0,0,0,0,0,0,0,0,1,0,0,0,0.0,0.0
369,1,65,1,3,3,2,0.0,1,5,3,4,0,0,0,0,0,0,1,0,0,0,0,0,0,0,0,0,0.0,0.0
370,2,49,1,3,4,2,0.0,1,5,15,4,0,0,0,0,0,0,0,0,0,0,0,0,0,0,0,1,0.0,0.0
371,1,67,1,4,2,2,0.0,2,4,15,4,0,0,0,0,0,0,0,0,0,0,0,0,0,0,0,1,0.0,0.0
372,1,19,1,4,4,2,0.0,1,8,15,3,0,0,0,0,0,0,0,0,0,0,0,0,0,0,0,1,1.0,1.0
373,1,54,1,4,1,2,0.0,9,5,15,5,0,0,0,0,0,0,0,0,0,0,0,0,0,0,0,1,1.0,1.0
374,1,46,1,3,4,2,0.0,2,6,17,3,0,0,0,0,0,1,0,0,0,0,0,0,0,0,0,0,1.0,1.0
375,2,54,1,3,1,2,0.0,1,1,3,4,0,0,0,0,0,1,0,0,0,0,0,0,0,0,0,0,0.0,0.0
376,2,22,1,3,5,2,0.0,2,8,15,3,0,0,0,0,0,1,0,0,0,0,0,0,0,0,0,0,0.0,0.0
377,2,55,1,3,2,2,0.0,1,4,99,5,0,0,0,0,0,0,0,0,0,1,0,0,0,0,0,0,2.0,2.0
378,1,75,1,3,3,2,0.0,1,1,3,3,0,0,0,0,0,0,0,0,0,0,0,1,0,0,0,0,0.0,0.0
379,2,64,1,3,1,2,0.0,1,1,15,5,0,0,0,0,0,0,0,0,0,0,0,0,1,0,0,0,2.0,0.0
380,2,58,1,3,4,2,0.0,1,4,15,5,0,0,0,0,0,0,0,0,0,0,0,0,0,0,1,0,0.0,0.0
381,2,50,1,2,1,2,0.0,1,99,15,3,0,1,0,0,0,0,0,0,0,0,0,0,0,0,0,0,1.0,1.0
382,2,48,1,3,7,2,0.0,1,5,9,3,0,0,0,0,0,0,0,0,0,0,0,0,1,0,0,0,0.0,0.0
383,1,42,1,2,7,2,0.0,1,7,18,2,0,0,0,0,0,0,0,0,0,0,0,0,0,0,1,0,1.0,1.0
384,1,80,1,3,1,2,0.0,9,5,1,4,0,0,0,0,0,0,0,0,0,0,0,1,0,0,0,0,0.0,0.0
385,1,32,1,2,8,1,5.0,9,4,15,2,0,1,0,0,0,0,0,0,0,0,0,0,0,0,0,0,0.0,0.0
386,1,54,1,3,4,1,5.0,2,99,15,5,0,1,0,0,0,0,0,0,0,0,0,0,0,0,0,0,0.0,0.0
387,1,69,1,3,4,8,0.0,8,99,15,5,0,0,0,0,0,0,0,0,0,0,0,1,0,0,0,0,0.0,0.0
388,1,30,1,3,7,1,5.0,9,3,16,1,0,0,0,0,0,0,0,0,1,0,0,0,0,0,0,0,0.0,0.0
389,2,69,1,3,4,2,0.0,1,5,10,5,0,0,0,0,0,0,0,0,1,0,0,0,0,0,0,0,1.0,1.0
390,1,40,1,2,4,2,0.0,1,4,15,4,0,0,0,0,0,0,1,0,0,0,0,0,0,0,0,0,0.0,0.0
391,2,72,1,3,8,2,0.0,1,4,1,3,0,0,0,0,0,0,0,0,1,0,0,0,0,0,0,0,0.0,0.0
392,1,30,1,3,10,1,11.0,9,4,15,2,0,0,0,0,0,0,0,0,1,0,0,0,0,0,0,0,0.0,0.0
393,2,38,1,4,4,2,0.0,1,6,15,4,1,0,0,0,0,0,0,0,0,0,0,0,0,0,0,0,0.0,0.0
394,2,48,1,5,4,2,0.0,9,4,15,3,1,0,0,0,0,0,0,0,0,0,0,0,0,0,0,0,2.0,2.0
395,1,25,1,4,5,2,0.0,9,4,15,4,1,0,0,0,0,0,0,0,0,0,0,0,0,0,0,0,0.0,0.0
396,2,54,1,4,2,2,0.0,2,5,21,5,1,0,0,0,0,0,0,0,0,0,0,0,0,0,0,0,0.0,0.0
397,1,30,1,3,7,2,0.0,9,2,11,1,0,0,0,0,0,0,0,0,0,0,0,0,1,0,0,0,0.0,0.0
398,2,37,1,2,6,2,0.0,9,10,10,4,0,0,0,0,0,0,0,0,0,0,0,0,1,0,0,0,1.0,1.0
399,2,69,1,3,8,2,0.0,1,5,1,3,0,0,0,0,0,0,0,0,1,0,0,0,0,0,0,0,0.0,0.0
400,2,66,1,3,6,2,0.0,1,6,10,5,0,0,0,0,0,0,0,0,1,0,0,0,0,0,0,0,1.0,1.0
401,2,56,1,3,2,2,0.0,9,88,15,5,0,0,0,0,0,0,0,0,0,0,0,0,0,0,0,1,1.0,1.0
402,1,49,2,3,1,2,0.0,2,5,15,5,0,0,0,0,0,0,0,1,0,0,0,0,0,0,0,0,0.0,0.0
403,1,38,2,3,6,2,0.0,9,5,15,2,0,0,0,0,0,0,0,1,0,0,0,0,0,0,0,0,0.0,0.0
404,1,60,1,4,2,2,0.0,2,10,1,3,0,0,0,0,0,0,0,0,0,0,0,1,0,0,0,0,1.0,1.0
405,2,71,1,4,1,2,0.0,1,88,88,5,0,0,0,0,0,0,0,0,0,0,0,0,0,0,0,1,0.0,0.0
406,1,71,2,3,1,2,0.0,2,4,3,2,0,0,0,0,0,0,0,1,0,0,0,0,0,0,0,0,0.0,0.0
407,2,69,1,3,1,1,5.0,99,5,15,4,0,1,0,0,0,0,0,0,0,0,0,0,0,0,0,0,0.0,0.0
408,1,28,1,3,7,2,0.0,2,99,15,3,0,1,0,0,0,0,0,0,0,0,0,0,0,0,0,0,0.0,0.0
409,1,77,2,4,1,2,0.0,2,10,1,4,0,0,0,0,0,0,0,0,0,0,0,1,0,0,0,0,1.0,1.0
410,2,77,2,3,1,2,0.0,1,3,13,5,0,0,0,0,0,0,0,0,0,0,0,1,0,0,0,0,1.0,1.0
411,1,74,1,3,4,2,0.0,2,3,9,3,0,0,0,0,0,0,0,0,0,0,0,0,1,0,0,0,0.0,0.0
412,2,63,1,3,3,2,0.0,1,7,15,5,0,0,0,0,0,0,0,0,0,0,0,0,1,0,0,0,1.0,1.0
413,2,29,1,2,7,2,0.0,1,5,15,4,0,0,0,0,0,0,0,0,0,0,0,0,0,0,1,0,0.0,0.0
414,1,56,1,2,1,2,0.0,2,10,15,3,0,0,0,0,0,0,0,0,0,0,0,0,0,0,1,0,1.0,1.0
415,2,73,1,4,1,2,0.0,1,3,15,5,0,0,0,0,0,0,0,0,0,0,0,0,0,0,1,0,0.0,0.0
416,1,64,1,3,8,2,0.0,1,3,9,5,0,0,0,0,0,0,0,0,0,0,0,0,1,0,0,0,0.0,0.0
417,2,32,1,2,8,2,0.0,9,5,9,5,0,0,0,0,0,0,0,0,0,0,0,0,1,0,0,0,0.0,0.0
418,1,59,1,3,4,2,0.0,1,5,1,3,0,0,0,0,0,0,0,0,0,0,0,0,1,0,0,0,0.0,0.0
419,1,62,1,3,2,2,0.0,1,6,15,3,0,0,0,0,0,0,0,0,0,0,0,0,0,0,1,0,2.0,0.0
420,1,43,1,3,6,2,0.0,1,6,15,3,0,0,0,0,0,0,0,0,0,0,0,0,1,0,0,0,1.0,1.0
421,2,73,2,3,4,2,0.0,5,10,10,4,0,0,0,0,0,0,0,0,0,0,0,1,0,0,0,0,1.0,1.0
422,2,59,2,3,1,2,0.0,1,4,15,4,0,0,0,0,0,0,0,0,0,0,0,1,0,0,0,0,0.0,0.0
423,1,60,1,3,5,2,0.0,8,1,15,4,0,0,0,0,0,0,0,0,0,0,0,0,1,0,0,0,0.0,0.0
424,1,28,1,3,8,2,0.0,8,6,1,3,0,0,0,0,0,0,0,0,0,0,0,0,1,0,0,0,0.0,0.0
425,1,33,1,3,8,2,0.0,9,3,15,3,0,0,0,0,0,0,0,0,0,0,0,0,1,0,0,0,0.0,0.0
426,1,53,1,3,8,2,0.0,1,6,15,3,0,0,0,0,0,0,0,0,0,0,0,0,1,0,0,0,1.0,1.0
427,2,33,1,2,7,2,0.0,9,8,15,3,0,0,0,0,0,0,0,0,0,0,0,0,1,0,0,0,1.0,1.0
428,2,42,1,3,8,2,0.0,1,10,15,3,0,0,0,0,0,0,0,0,0,0,1,0,0,0,0,0,1.0,1.0
429,2,68,1,4,3,2,0.0,8,5,15,5,0,0,0,0,0,0,0,0,0,0,0,0,1,0,0,0,1.0,0.0
430,2,61,1,1,8,2,0.0,1,9,13,1,0,0,0,0,0,0,0,0,0,0,0,0,1,0,0,0,1.0,1.0
431,1,20,1,1,7,2,0.0,1,6,15,3,0,0,0,0,0,0,0,0,0,0,0,0,1,0,0,0,1.0,1.0
432,2,54,1,4,2,2,0.0,9,5,17,5,0,0,0,0,0,0,0,0,0,0,0,0,1,0,0,0,0.0,0.0
433,2,35,1,4,4,2,0.0,2,4,15,4,0,0,0,0,0,0,0,0,0,0,0,0,0,0,0,1,0.0,0.0
434,2,36,1,4,6,2,0.0,1,10,15,5,0,0,0,0,0,0,0,0,0,0,0,0,0,0,0,1,1.0,1.0
435,2,25,1,4,4,2,0.0,2,8,10,3,0,0,0,0,0,0,0,0,0,0,0,1,0,0,0,0,1.0,1.0
436,2,32,1,4,6,2,0.0,9,88,15,4,0,0,0,0,0,0,0,0,0,0,0,1,0,0,0,0,1.0,1.0
437,2,33,1,3,9,2,0.0,9,7,15,5,0,1,0,0,0,0,0,0,0,0,0,0,0,0,0,0,1.0,1.0
438,2,76,1,1,8,2,0.0,1,3,15,3,0,0,0,0,0,0,1,0,0,0,0,0,0,0,0,0,0.0,0.0
439,2,58,1,3,1,2,0.0,1,99,15,3,0,0,0,0,0,1,0,0,0,0,0,0,0,0,0,0,1.0,1.0
440,2,52,1,3,8,1,5.0,99,7,15,4,0,0,0,0,0,1,0,0,0,0,0,0,0,0,0,0,1.0,1.0
441,2,50,1,4,1,2,0.0,2,5,15,5,0,0,0,0,0,0,0,0,0,0,0,1,0,0,0,0,1.0,0.0
442,2,21,1,2,4,2,0.0,11,3,3,1,0,0,0,0,0,0,0,0,0,0,0,0,1,0,0,0,0.0,0.0
443,1,66,1,2,7,2,0.0,9,1,15,1,0,0,0,0,0,0,0,0,0,0,0,0,1,0,0,0,0.0,0.0
444,1,55,1,1,8,2,0.0,1,4,15,1,0,0,0,0,0,0,0,0,0,0,0,0,1,0,0,0,0.0,0.0
445,1,24,1,3,4,2,0.0,9,4,15,4,0,0,0,0,0,0,0,0,0,0,0,0,1,0,0,0,0.0,0.0
446,2,28,1,2,8,2,0.0,9,4,15,2,0,0,0,0,0,0,0,0,0,0,0,0,1,0,0,0,0.0,0.0
447,2,42,1,3,4,2,0.0,99,99,15,4,0,0,0,0,0,1,0,0,0,0,0,0,0,0,0,0,0.0,0.0
448,2,57,1,3,4,2,0.0,99,5,15,2,0,0,0,0,0,1,0,0,0,0,0,0,0,0,0,0,1.0,0.0
449,1,71,1,3,6,2,0.0,1,5,15,4,0,0,0,0,0,0,0,0,0,0,0,0,1,0,0,0,0.0,0.0
450,1,41,1,1,8,2,0.0,8,5,15,3,0,0,0,0,0,0,0,0,0,0,0,0,1,0,0,0,1.0,1.0
451,1,65,1,4,1,2,0.0,1,5,14,1,0,0,1,0,0,0,0,0,0,0,0,0,0,0,0,0,0.0,0.0
452,2,81,1,4,1,2,0.0,2,99,15,5,0,0,0,0,0,1,0,0,0,0,0,0,0,0,0,0,0.0,0.0
453,2,31,2,3,6,2,0.0,1,5,5,3,0,0,0,0,0,0,1,0,0,0,0,0,0,0,0,0,0.0,0.0
454,2,60,2,3,1,2,0.0,1,99,15,5,0,0,0,0,0,0,1,0,0,0,0,0,0,0,0,0,0.0,0.0
455,2,29,1,3,8,2,0.0,99,3,15,2,0,0,0,0,0,1,0,0,0,0,0,0,0,0,0,0,0.0,0.0
456,2,81,1,4,1,2,0.0,1,88,15,5,0,0,0,0,0,0,0,0,0,0,0,0,0,0,1,0,0.0,0.0
457,1,70,1,3,4,2,0.0,9,3,15,3,0,0,0,0,0,0,0,0,0,0,0,0,0,0,1,0,0.0,0.0
458,2,55,1,2,8,2,0.0,1,1,15,3,0,0,0,0,0,0,0,0,0,0,0,0,1,0,0,0,0.0,0.0
459,1,32,1,2,6,2,0.0,9,5,15,3,0,0,0,0,0,0,0,0,0,0,0,0,1,0,0,0,0.0,0.0
460,2,34,1,3,10,2,0.0,9,1,3,3,0,0,0,0,0,0,0,0,0,0,0,0,1,0,0,0,0.0,0.0
461,2,52,1,2,7,2,0.0,9,5,15,5,0,0,0,0,0,1,0,0,0,0,0,0,0,0,0,0,0.0,0.0
462,2,47,1,2,4,2,0.0,1,3,1,4,0,0,0,0,0,0,1,0,0,0,0,0,0,0,0,0,0.0,0.0
463,1,44,1,2,8,2,0.0,1,10,18,1,0,0,0,0,0,0,0,0,0,0,0,0,1,0,0,0,1.0,1.0
464,2,32,1,4,4,2,0.0,9,99,15,2,0,0,0,0,0,0,0,0,0,0,0,0,1,0,0,0,0.0,0.0
465,2,51,1,4,3,2,0.0,9,1,3,3,0,0,0,0,0,0,0,0,0,0,0,0,1,0,0,0,0.0,0.0
466,2,27,1,3,4,2,0.0,1,6,13,3,0,0,0,0,0,0,0,0,0,0,0,0,1,0,0,0,1.0,1.0
467,1,56,1,3,6,2,0.0,1,4,15,2,0,0,0,0,0,0,0,0,0,0,0,0,1,0,0,0,0.0,0.0
468,2,35,1,3,2,2,0.0,2,99,15,5,0,0,0,0,0,0,0,0,0,0,0,0,1,0,0,0,2.0,0.0
469,1,72,1,4,2,8,0.0,2,1,15,5,0,0,0,0,0,0,0,0,0,0,0,0,1,0,0,0,1.0,1.0
470,1,64,1,4,1,2,0.0,9,8,15,5,0,0,0,0,0,0,0,0,0,0,0,0,1,0,0,0,1.0,1.0
471,1,35,1,3,7,2,0.0,1,1,9,1,0,0,0,0,0,0,0,0,0,0,0,0,1,0,0,0,0.0,0.0
472,2,47,1,3,8,2,0.0,1,1,15,1,0,0,0,0,0,0,0,1,0,0,0,0,0,0,0,0,0.0,0.0
473,2,25,1,3,8,2,0.0,1,5,15,4,0,0,0,0,0,0,0,0,0,0,0,0,1,0,0,0,0.0,0.0
474,2,47,1,3,5,2,0.0,2,5,15,4,0,0,0,0,0,0,0,1,0,0,0,0,0,0,0,0,1.0,0.0
475,2,33,1,4,4,2,0.0,1,5,15,4,0,0,0,0,0,0,0,0,0,0,0,0,1,0,0,0,0.0,0.0
476,2,52,1,4,2,2,0.0,1,10,15,5,0,0,0,0,0,0,0,0,0,0,0,0,1,0,0,0,1.0,1.0
477,2,62,1,2,1,2,0.0,9,1,15,5,0,0,0,0,0,0,1,0,0,0,0,0,0,0,0,0,0.0,0.0
478,2,49,1,2,4,2,0.0,1,5,15,5,0,0,0,0,0,0,1,0,0,0,0,0,0,0,0,0,1.0,0.0
479,2,33,1,3,9,2,0.0,99,3,3,1,0,0,0,0,0,0,0,0,0,0,0,0,0,0,1,0,0.0,0.0
480,1,43,1,3,3,2,0.0,1,5,15,5,0,0,0,0,0,0,0,0,0,0,0,0,0,0,1,0,0.0,0.0
481,1,57,1,3,8,2,0.0,1,88,15,2,0,0,0,0,0,0,0,0,0,0,0,0,0,0,1,0,0.0,0.0
482,2,64,1,2,4,2,0.0,1,5,15,5,0,0,0,0,0,0,0,0,0,0,0,0,1,0,0,0,0.0,0.0
483,1,64,1,2,6,2,0.0,1,10,15,3,0,0,0,0,0,0,0,0,0,0,0,0,1,0,0,0,1.0,1.0
484,2,65,1,3,6,2,0.0,1,5,15,3,0,0,0,0,0,0,0,0,0,0,0,0,1,0,0,0,0.0,0.0
485,1,35,1,3,8,2,0.0,2,6,15,3,0,0,0,0,0,0,0,0,0,0,0,0,1,0,0,0,1.0,1.0
486,1,73,1,3,1,2,0.0,1,7,15,5,0,0,0,0,0,0,0,0,0,0,1,0,0,0,0,0,1.0,1.0
487,1,56,1,2,4,2,0.0,1,5,18,4,0,0,0,0,0,0,0,0,0,0,1,0,0,0,0,0,1.0,1.0
488,2,21,1,4,4,1,5.0,9,4,17,3,0,0,0,0,0,0,0,0,0,0,0,0,1,0,0,0,0.0,0.0
489,2,65,2,4,3,2,0.0,1,5,15,5,0,0,0,0,0,0,0,0,0,0,0,0,1,0,0,0,1.0,1.0
490,2,30,2,3,4,1,5.0,1,5,15,5,0,0,0,0,0,0,0,0,0,0,0,0,1,0,0,0,1.0,1.0
491,2,82,1,2,10,2,0.0,10,7,1,4,0,0,0,0,0,0,0,0,0,0,0,0,1,0,0,0,1.0,1.0
492,2,32,1,3,7,2,0.0,1,5,3,4,0,0,0,0,0,0,0,0,0,0,0,0,0,0,1,0,0.0,0.0
493,2,44,1,3,8,1,5.0,1,1,3,1,0,0,0,0,0,0,0,0,0,0,0,0,1,0,0,0,0.0,0.0
494,2,55,1,4,2,2,0.0,1,99,15,5,0,0,0,0,0,0,0,0,0,0,0,0,1,0,0,0,0.0,0.0
495,2,26,1,4,8,2,0.0,9,7,15,4,0,0,0,0,0,0,0,0,0,0,0,0,1,0,0,0,0.0,0.0
496,2,25,1,1,5,2,0.0,9,1,15,5,0,0,0,0,0,0,1,0,0,0,0,0,0,0,0,0,0.0,0.0
497,2,49,1,4,3,2,0.0,2,88,15,5,0,0,0,0,0,0,0,0,0,0,0,0,1,0,0,0,1.0,0.0
498,1,20,1,4,5,2,0.0,1,5,15,4,0,0,1,0,0,0,0,0,0,0,0,0,0,0,0,0,0.0,0.0
499,2,39,1,3,3,2,0.0,1,88,15,3,0,0,0,0,0,0,0,0,0,0,0,0,1,0,0,0,0.0,0.0
500,2,74,1,4,1,2,0.0,5,88,15,3,0,0,0,0,0,0,0,0,0,0,0,0,0,0,1,0,1.0,1.0
501,2,47,1,3,4,2,0.0,1,99,15,5,0,0,0,0,0,0,0,0,0,0,0,0,0,0,1,0,1.0,0.0
502,2,33,1,4,1,2,0.0,9,88,15,5,0,0,0,0,0,0,0,0,0,0,0,0,0,0,1,0,0.0,0.0
503,1,44,1,2,5,2,0.0,8,3,9,1,0,0,0,0,0,0,1,0,0,0,0,0,0,0,0,0,0.0,0.0
504,2,64,1,4,3,2,0.0,5,5,15,3,0,1,0,0,0,0,0,0,0,0,0,0,0,0,0,0,0.0,0.0
505,2,58,1,4,4,2,0.0,1,1,17,5,0,0,0,0,0,0,0,0,0,0,0,1,0,0,0,0,1.0,1.0
506,2,47,1,4,4,2,0.0,2,3,9,2,0,0,0,0,0,0,0,0,0,0,0,0,1,0,0,0,0.0,0.0
507,2,55,2,4,2,1,5.0,2,7,15,5,0,0,0,0,0,1,0,0,0,0,0,0,0,0,0,0,1.0,1.0
508,2,50,2,3,3,1,5.0,9,2,9,5,0,0,0,0,0,1,0,0,0,0,0,0,0,0,0,0,0.0,0.0
509,1,42,2,3,4,2,0.0,1,9,10,4,0,0,0,0,0,1,0,0,0,0,0,0,0,0,0,0,1.0,1.0
510,2,39,1,4,4,1,5.0,2,1,9,4,0,0,0,0,0,0,0,0,0,0,0,1,0,0,0,0,0.0,0.0
511,2,73,1,4,1,2,0.0,1,10,15,5,0,0,0,0,0,0,1,0,0,0,0,0,0,0,0,0,2.0,0.0
512,2,23,1,4,4,2,0.0,1,6,15,4,1,0,0,0,0,0,0,0,0,0,0,0,0,0,0,0,2.0,0.0
513,2,23,1,4,4,2,0.0,1,6,15,4,1,0,0,0,0,0,0,0,0,0,0,0,0,0,0,0,0.0,0.0
514,1,56,1,3,6,2,0.0,1,7,17,4,0,0,0,0,0,0,0,0,0,0,0,0,1,0,0,0,1.0,1.0
515,2,44,2,3,8,2,0.0,2,4,3,4,0,0,0,0,0,0,0,0,1,0,0,0,0,0,0,0,0.0,0.0
516,1,55,2,4,2,1,5.0,2,1,1,5,0,0,0,0,0,0,0,0,1,0,0,0,0,0,0,0,2.0,2.0
517,2,48,2,4,1,2,0.0,2,6,9,5,0,0,0,0,0,0,0,0,1,0,0,0,0,0,0,0,1.0,1.0
518,1,40,1,3,4,2,0.0,1,5,15,5,0,0,0,0,0,0,0,0,0,0,0,0,1,0,0,0,0.0,0.0
519,1,34,1,3,4,2,0.0,2,10,15,5,0,0,0,0,0,0,0,0,0,0,0,0,1,0,0,0,1.0,1.0
520,2,33,1,2,8,1,888.0,9,5,9,1,0,0,0,0,0,0,0,0,0,0,0,0,1,0,0,0,0.0,0.0
521,2,73,1,3,1,2,0.0,1,10,15,4,0,0,0,0,0,0,0,0,0,0,0,0,1,0,0,0,0.0,0.0
522,2,35,1,3,3,2,0.0,9,5,15,4,0,0,0,0,0,0,0,0,0,0,0,0,1,0,0,0,0.0,0.0
523,2,32,1,3,6,2,0.0,9,88,15,3,0,0,0,0,0,0,0,0,0,0,0,0,1,0,0,0,0.0,0.0
524,1,39,1,3,4,2,0.0,9,5,15,4,0,0,0,0,0,1,0,0,0,0,0,0,0,0,0,0,0.0,0.0
525,2,31,1,3,7,2,0.0,2,99,15,4,0,0,0,0,0,1,0,0,0,0,0,0,0,0,0,0,0.0,0.0
526,2,52,1,3,6,2,0.0,1,1,15,4,0,0,0,0,0,1,0,0,0,0,0,0,0,0,0,0,0.0,0.0
527,1,73,1,3,6,2,0.0,9,5,1,2,0,0,0,0,0,1,0,0,0,0,0,0,0,0,0,0,0.0,0.0
528,1,70,1,2,6,2,0.0,9,5,15,5,0,0,0,0,0,0,0,0,0,0,0,0,1,0,0,0,0.0,0.0
529,2,64,1,2,4,2,0.0,1,5,15,5,0,0,0,0,0,0,0,0,0,0,0,0,1,0,0,0,2.0,0.0
530,1,27,1,2,7,1,3.0,8,99,15,5,0,0,1,0,0,0,0,0,0,0,0,0,0,0,0,0,0.0,0.0
531,2,76,1,3,8,2,0.0,1,2,9,3,0,0,0,0,0,0,0,0,0,0,0,0,1,0,0,0,0.0,0.0
532,2,30,1,3,6,2,0.0,1,3,15,5,0,0,0,0,0,0,0,0,0,0,0,0,1,0,0,0,0.0,0.0
533,2,19,1,3,3,2,0.0,1,99,5,3,0,0,1,0,0,0,0,0,0,0,0,0,0,0,0,0,0.0,0.0
534,2,57,1,3,3,1,5.0,8,1,3,2,0,0,0,0,0,1,0,0,0,0,0,0,0,0,0,0,0.0,0.0
535,2,28,1,3,4,2,0.0,9,3,15,3,0,0,0,0,0,0,0,0,0,0,0,0,0,1,0,0,0.0,0.0
536,2,27,1,2,6,1,3.0,9,5,15,3,0,0,0,0,0,0,0,0,0,0,0,0,0,1,0,0,1.0,1.0
537,2,52,1,3,4,2,0.0,1,6,10,4,0,0,0,0,0,0,0,0,0,0,0,0,1,0,0,0,1.0,1.0
538,2,40,1,2,10,2,0.0,9,1,3,1,0,0,0,0,0,0,0,0,0,0,0,0,1,0,0,0,0.0,0.0
539,1,33,1,4,3,2,0.0,10,99,15,5,0,0,0,0,0,0,0,0,0,0,0,0,0,0,1,0,0.0,0.0
540,1,22,1,4,7,2,0.0,1,99,15,5,0,0,0,0,0,0,0,0,0,0,0,0,0,0,1,0,0.0,0.0
541,1,74,2,4,1,2,0.0,1,10,10,3,0,0,0,0,0,0,1,0,0,0,0,0,0,0,0,0,1.0,1.0
542,2,67,1,3,4,2,0.0,2,99,15,5,0,0,0,0,0,1,0,0,0,0,0,0,0,0,0,0,2.0,0.0
543,2,67,1,3,2,2,0.0,2,8,10,5,0,0,0,0,0,0,0,0,0,0,0,1,0,0,0,0,1.0,1.0
544,2,64,1,3,2,2,0.0,2,88,15,5,0,0,0,0,0,0,0,0,0,0,0,0,1,0,0,0,0.0,0.0
545,2,26,1,3,6,2,0.0,9,4,15,3,0,0,0,0,0,0,0,0,0,0,0,0,1,0,0,0,0.0,0.0
546,2,42,1,3,2,2,0.0,9,88,15,4,0,0,0,0,0,0,0,0,0,0,0,0,1,0,0,0,2.0,0.0
547,2,60,1,3,4,2,0.0,2,99,15,3,0,0,0,0,0,1,0,0,0,0,0,0,0,0,0,0,0.0,0.0
548,1,70,1,3,6,2,0.0,9,3,15,2,0,0,0,0,0,1,0,0,0,0,0,0,0,0,0,0,0.0,0.0
549,1,23,1,3,7,2,0.0,9,5,15,5,0,0,0,0,0,0,0,0,0,0,0,0,1,0,0,0,0.0,0.0
550,2,35,1,3,4,1,5.0,2,10,15,5,0,0,0,0,0,1,0,0,0,0,0,0,0,0,0,0,1.0,1.0
551,1,27,1,2,7,2,0.0,8,5,15,3,0,0,0,0,0,0,0,0,0,0,0,0,0,0,1,0,0.0,0.0
552,1,56,1,3,3,1,3.0,1,10,13,3,0,0,1,0,0,0,0,0,0,0,0,0,0,0,0,0,1.0,1.0
553,2,70,1,2,6,2,0.0,10,3,88,2,0,0,0,0,0,0,0,0,0,0,0,0,0,0,1,0,0.0,0.0
554,2,44,1,2,8,2,0.0,9,3,16,1,0,0,0,0,0,0,0,0,0,0,0,0,1,0,0,0,0.0,0.0
555,2,28,1,2,8,2,0.0,1,6,15,4,0,0,0,0,0,0,0,0,0,0,0,0,1,0,0,0,0.0,0.0
556,2,68,1,2,7,2,0.0,1,6,1,4,0,0,0,0,0,0,0,0,0,0,0,0,0,0,1,0,0.0,0.0
557,1,40,1,4,4,2,0.0,9,5,15,3,1,0,0,0,0,0,0,0,0,0,0,0,0,0,0,0,0.0,0.0
558,1,19,1,2,4,2,0.0,9,99,15,4,0,0,0,0,0,1,0,0,0,0,0,0,0,0,0,0,0.0,0.0
559,2,29,1,2,6,2,0.0,1,99,15,5,0,0,0,0,0,1,0,0,0,0,0,0,0,0,0,0,0.0,0.0
560,1,36,1,4,4,2,0.0,1,5,15,2,1,0,0,0,0,0,0,0,0,0,0,0,0,0,0,0,0.0,0.0
561,1,46,1,4,4,2,0.0,9,5,15,3,1,0,0,0,0,0,0,0,0,0,0,0,0,0,0,0,0.0,0.0
562,2,53,1,3,4,2,0.0,1,99,88,5,0,0,0,0,0,0,0,0,0,0,0,0,1,0,0,0,0.0,0.0
563,2,48,1,3,4,2,0.0,1,88,15,5,0,0,0,0,0,0,1,0,0,0,0,0,0,0,0,0,2.0,0.0
564,1,57,1,3,4,2,0.0,1,5,15,5,0,0,0,0,0,0,0,0,0,0,0,0,1,0,0,0,1.0,0.0
565,2,63,1,3,3,2,0.0,1,5,9,5,0,0,0,0,0,0,0,0,1,0,0,0,0,0,0,0,0.0,0.0
566,1,56,1,3,3,2,0.0,1,88,15,3,0,0,0,0,0,0,0,0,0,0,0,0,1,0,0,0,2.0,0.0
567,1,24,1,2,7,2,0.0,1,5,15,5,0,0,0,0,0,0,0,0,0,0,0,0,1,0,0,0,1.0,0.0
568,2,82,1,4,2,2,0.0,2,5,15,5,0,0,0,0,0,0,0,0,0,0,0,0,0,0,1,0,0.0,0.0
569,2,40,1,4,7,1,5.0,9,4,21,2,0,0,0,0,0,0,0,0,0,0,0,0,0,0,1,0,0.0,0.0
570,2,35,1,2,6,2,0.0,9,7,15,5,0,0,0,0,0,0,0,0,0,0,0,0,1,0,0,0,1.0,1.0
571,1,67,1,2,5,2,0.0,9,10,18,5,0,0,0,0,0,0,0,1,0,0,0,0,0,0,0,0,1.0,1.0
572,2,59,1,3,4,2,0.0,1,5,5,5,0,0,0,0,0,0,0,0,0,0,0,1,0,0,0,0,2.0,0.0
573,1,20,1,2,7,2,0.0,1,5,15,3,0,0,0,0,0,0,0,0,0,0,0,0,0,0,1,0,0.0,0.0
574,2,51,1,2,7,2,0.0,1,7,10,4,0,0,0,0,0,0,0,0,0,0,0,0,0,0,1,0,2.0,2.0
575,2,54,1,2,4,1,5.0,1,99,15,5,0,0,0,0,0,0,0,0,0,0,0,0,0,0,1,0,0.0,0.0
576,1,71,1,3,7,2,0.0,9,88,15,5,0,0,0,1,0,0,0,0,0,0,0,0,0,0,0,0,1.0,1.0
577,2,37,1,2,4,1,4.0,2,5,15,5,0,0,0,1,0,0,0,0,0,0,0,0,0,0,0,0,1.0,1.0
578,2,31,1,3,4,2,0.0,1,5,15,3,0,0,0,1,0,0,0,0,0,0,0,0,0,0,0,0,1.0,1.0
579,2,37,1,3,4,1,4.0,9,5,15,5,0,0,0,1,0,0,0,0,0,0,0,0,0,0,0,0,1.0,1.0
580,1,53,1,4,2,1,10.0,9,99,15,5,0,0,0,1,0,0,0,0,0,0,0,0,0,0,0,0,0.0,0.0
581,2,56,1,3,3,2,0.0,1,5,15,1,0,0,0,0,0,0,0,0,0,0,0,0,0,0,1,0,0.0,0.0
582,1,40,1,3,4,2,0.0,9,8,10,3,0,0,0,0,0,0,1,0,0,0,0,0,0,0,0,0,1.0,1.0
583,2,37,1,1,7,2,0.0,9,5,15,5,0,0,0,0,0,0,0,0,0,0,0,0,1,0,0,0,0.0,0.0
584,2,28,1,1,7,2,0.0,2,8,15,3,0,0,0,0,0,0,0,0,0,0,0,0,1,0,0,0,1.0,1.0
585,1,47,1,3,4,2,0.0,9,4,88,3,0,0,0,0,0,0,0,0,0,0,0,0,1,0,0,0,0.0,0.0
586,1,50,1,1,8,2,0.0,1,8,15,1,0,0,0,0,0,0,0,0,0,0,0,0,1,0,0,0,1.0,1.0
587,2,24,1,2,8,2,0.0,1,4,88,3,0,0,0,0,0,0,0,0,0,0,0,0,1,0,0,0,0.0,0.0
588,2,44,1,2,8,2,0.0,9,3,15,2,0,0,0,0,0,0,0,0,0,0,0,0,1,0,0,0,0.0,0.0
589,1,34,1,3,4,2,0.0,9,5,9,1,0,0,0,0,0,1,0,0,0,0,0,0,0,0,0,0,0.0,0.0
590,2,35,1,2,6,2,0.0,1,1,3,2,0,0,0,0,0,0,0,0,0,0,0,0,1,0,0,0,0.0,0.0
591,2,55,1,2,4,2,0.0,1,99,15,5,0,0,0,0,0,0,0,0,0,0,0,0,1,0,0,0,1.0,0.0
592,2,60,1,3,4,2,0.0,1,88,15,5,0,0,0,0,0,0,0,0,0,0,0,0,1,0,0,0,1.0,0.0
593,2,69,1,3,5,2,0.0,2,10,10,3,0,0,0,0,0,0,0,0,0,0,0,0,1,0,0,0,1.0,1.0
594,1,37,1,2,4,2,0.0,1,5,15,5,0,0,0,0,0,0,0,0,0,0,0,0,0,0,1,0,1.0,1.0
595,2,48,1,3,3,2,0.0,1,6,15,4,0,0,0,0,0,0,0,0,0,0,0,0,0,0,1,0,0.0,0.0
596,1,37,1,4,4,2,0.0,1,5,15,5,0,0,0,0,0,0,0,0,0,0,0,1,0,0,0,0,0.0,0.0
597,2,51,1,3,7,2,0.0,9,4,15,5,0,0,0,0,0,0,0,0,0,0,0,0,1,0,0,0,0.0,0.0
598,1,25,1,1,8,2,0.0,1,88,15,5,0,0,0,0,0,0,0,0,0,0,0,0,1,0,0,0,0.0,0.0
599,2,67,1,3,3,2,0.0,2,8,15,3,0,0,0,0,0,0,0,1,0,0,0,0,0,0,0,0,1.0,1.0
600,2,56,1,3,3,2,0.0,1,88,15,5,0,0,0,0,0,0,0,0,0,0,0,0,1,0,0,0,0.0,0.0
601,1,38,1,3,6,2,0.0,2,88,15,5,0,0,0,0,0,0,0,0,0,0,0,0,1,0,0,0,1.0,1.0
602,1,32,1,3,4,2,0.0,1,5,15,3,0,0,0,0,0,0,0,0,0,0,0,0,0,1,0,0,0.0,0.0
603,1,24,1,2,3,2,0.0,9,5,18,4,0,0,0,0,0,0,0,1,0,0,0,0,0,0,0,0,0.0,0.0
604,1,64,1,3,1,2,0.0,1,88,15,5,0,0,0,0,0,0,0,0,0,0,0,0,1,0,0,0,1.0,0.0
605,2,36,1,2,6,2,0.0,9,5,15,1,0,0,0,0,0,0,0,0,0,0,0,0,1,0,0,0,0.0,0.0
606,2,43,1,1,8,2,0.0,1,3,15,2,0,0,0,0,0,0,0,0,0,0,0,0,1,0,0,0,1.0,0.0
607,2,55,1,2,4,2,0.0,2,99,15,4,0,0,0,0,0,0,0,0,0,0,0,0,1,0,0,0,0.0,0.0
608,2,34,1,2,8,2,0.0,1,3,15,2,0,0,0,0,0,0,0,0,0,0,0,0,1,0,0,0,0.0,0.0
609,1,65,1,4,3,2,0.0,1,4,15,4,0,0,0,0,0,0,0,0,0,0,0,0,0,0,1,0,0.0,0.0
610,1,63,1,3,1,2,0.0,99,5,15,5,0,0,0,0,0,1,0,0,0,0,0,0,0,0,0,0,1.0,1.0
611,1,19,1,3,4,2,0.0,2,6,15,1,0,0,0,0,0,0,0,0,0,0,0,0,1,0,0,0,1.0,1.0
612,2,75,1,3,6,2,0.0,11,88,15,4,0,0,0,0,0,0,0,0,0,0,0,0,0,0,1,0,0.0,0.0
613,2,68,1,4,1,2,0.0,9,5,15,5,0,0,0,0,0,0,0,0,0,0,0,0,1,0,0,0,0.0,0.0
614,2,59,1,4,2,2,0.0,1,99,15,5,0,0,0,0,0,0,0,0,0,0,0,0,1,0,0,0,2.0,0.0
615,2,30,1,2,8,2,0.0,99,5,15,3,0,0,0,0,0,1,0,0,0,0,0,0,0,0,0,0,1.0,1.0
616,2,65,1,3,2,2,0.0,9,88,15,4,0,0,0,0,0,0,0,0,0,0,0,0,1,0,0,0,2.0,0.0
617,1,58,1,1,8,2,0.0,11,3,15,1,0,0,0,0,0,0,0,0,0,0,0,0,1,0,0,0,0.0,0.0
618,2,40,1,1,8,2,0.0,2,5,15,5,0,0,0,0,0,0,0,0,0,0,0,0,1,0,0,0,1.0,1.0
619,1,80,1,2,3,2,0.0,1,10,15,3,0,0,0,0,0,0,0,0,0,0,0,0,1,0,0,0,1.0,1.0
620,1,19,1,2,4,1,5.0,2,1,15,1,0,0,0,0,0,0,0,0,0,0,0,0,1,0,0,0,0.0,0.0
621,2,65,1,2,4,2,0.0,1,5,15,4,0,0,0,0,0,0,0,0,0,0,0,0,1,0,0,0,1.0,0.0
622,2,26,1,2,10,2,0.0,2,4,15,2,0,0,0,0,0,0,0,0,0,0,0,0,1,0,0,0,0.0,0.0
623,1,40,2,4,2,2,0.0,9,8,15,5,0,0,0,0,0,0,0,0,0,0,0,0,1,0,0,0,1.0,1.0
624,1,52,2,4,3,2,0.0,1,5,15,4,0,0,0,0,0,0,0,0,0,0,0,0,1,0,0,0,0.0,0.0
625,1,48,1,1,8,2,0.0,9,5,18,3,0,0,0,0,0,0,0,0,0,0,0,0,1,0,0,0,1.0,0.0
626,2,76,1,3,3,2,0.0,1,99,15,5,0,0,0,0,0,1,0,0,0,0,0,0,0,0,0,0,0.0,0.0
627,1,31,1,3,6,2,0.0,1,5,15,3,0,0,0,0,0,0,1,0,0,0,0,0,0,0,0,0,0.0,0.0
628,2,65,1,3,4,2,0.0,99,99,15,5,0,0,0,0,0,1,0,0,0,0,0,0,0,0,0,0,1.0,1.0
629,2,71,1,1,8,2,0.0,1,5,15,2,0,0,0,0,0,0,0,0,0,0,0,0,1,0,0,0,2.0,0.0
630,1,57,1,3,2,1,5.0,9,4,5,4,0,0,0,0,0,0,0,0,0,0,0,0,1,0,0,0,0.0,0.0
631,1,20,1,3,3,2,0.0,99,7,15,4,0,0,0,0,0,1,0,0,0,0,0,0,0,0,0,0,0.0,0.0
632,1,48,1,1,7,2,0.0,10,3,9,1,0,0,0,0,0,0,0,0,0,0,0,0,1,0,0,0,0.0,0.0
633,2,60,1,2,8,2,0.0,1,5,1,3,0,0,0,0,0,0,0,0,0,0,0,0,1,0,0,0,0.0,0.0
634,1,27,1,2,8,2,0.0,1,99,9,3,0,0,0,0,0,0,0,0,0,0,0,0,1,0,0,0,0.0,0.0
635,1,50,1,3,5,2,0.0,1,6,15,3,0,0,0,0,0,0,0,0,0,0,0,0,1,0,0,0,1.0,1.0
636,2,43,1,2,6,2,0.0,1,99,15,4,0,0,0,0,0,1,0,0,0,0,0,0,0,0,0,0,0.0,0.0
637,2,60,1,3,2,2,0.0,2,99,15,5,0,0,0,0,0,1,0,0,0,0,0,0,0,0,0,0,0.0,0.0
638,1,60,1,2,6,2,0.0,9,99,15,3,0,0,0,0,0,1,0,0,0,0,0,0,0,0,0,0,1.0,1.0
639,2,74,1,3,1,2,0.0,2,99,15,5,0,0,0,0,0,1,0,0,0,0,0,0,0,0,0,0,0.0,0.0
640,2,42,1,3,5,2,0.0,9,99,15,4,0,0,0,0,0,1,0,0,0,0,0,0,0,0,0,0,0.0,0.0
641,2,22,1,3,4,2,0.0,2,5,1,3,0,0,0,0,0,0,0,0,0,0,0,0,1,0,0,0,1.0,0.0
642,2,67,1,2,4,2,0.0,1,99,15,3,0,0,0,0,0,1,0,0,0,0,0,0,0,0,0,0,1.0,1.0
643,1,73,1,3,4,2,0.0,1,5,1,1,0,0,0,0,0,0,0,0,0,0,0,0,1,0,0,0,0.0,0.0
644,1,60,1,3,9,2,0.0,1,5,1,2,0,0,0,0,0,0,0,0,0,0,0,0,1,0,0,0,1.0,1.0
645,2,66,1,3,8,2,0.0,1,5,15,5,0,0,0,0,0,0,0,0,0,0,0,0,1,0,0,0,0.0,0.0
646,1,76,1,3,4,2,0.0,1,5,15,5,0,0,0,0,0,0,0,0,0,0,0,0,1,0,0,0,1.0,0.0
647,2,63,1,2,8,2,0.0,1,5,1,3,0,0,0,0,0,0,0,0,0,0,0,0,1,0,0,0,2.0,0.0
648,1,56,1,4,4,2,0.0,1,7,15,5,0,0,0,0,0,0,0,0,0,0,0,0,1,0,0,0,1.0,1.0
649,2,53,1,2,6,2,0.0,1,6,15,3,0,0,0,0,0,0,0,0,0,0,0,0,0,0,1,0,1.0,1.0
650,2,54,1,3,6,2,0.0,1,5,15,5,0,0,0,0,0,0,0,0,0,1,0,0,0,0,0,0,0.0,0.0
651,2,48,1,3,3,2,0.0,9,3,9,5,0,0,0,0,1,0,0,0,0,0,0,0,0,0,0,0,0.0,0.0
652,1,33,1,2,8,2,0.0,9,10,15,4,0,0,0,0,0,0,0,0,0,0,0,0,0,0,1,0,1.0,1.0
653,2,52,1,4,3,1,5.0,9,5,15,5,0,0,0,0,0,0,0,0,0,0,0,0,1,0,0,0,0.0,0.0
654,1,54,1,3,6,2,0.0,1,99,15,5,0,0,0,0,0,0,0,0,0,0,0,0,1,0,0,0,0.0,0.0
655,2,25,1,3,6,1,5.0,10,5,3,2,0,0,0,0,0,0,0,0,0,0,0,0,0,0,1,0,0.0,0.0
656,2,25,1,1,8,2,0.0,99,6,18,5,0,0,0,0,0,0,0,0,0,0,0,0,1,0,0,0,1.0,1.0
657,2,22,1,4,7,2,0.0,1,99,15,3,0,0,0,0,0,0,0,0,0,0,0,0,1,0,0,0,0.0,0.0
658,1,54,1,1,8,2,0.0,1,5,15,5,0,0,0,0,0,0,0,0,0,0,0,0,0,0,0,1,0.0,0.0
659,2,38,1,2,6,2,0.0,1,4,15,5,0,0,0,0,0,0,0,0,0,0,0,0,0,0,0,1,0.0,0.0
