,Unnamed: 0,race,sexo,edad,zona_u_r,iden_pol_2,iden_pol_3,interes_pol_1_b,church,discuss_politics,elec_pres_144_a,nom_region,religion_82,esc_nivel_1,gse
3528,4810,1,1,38,4,5,6,3,2,1,2,25,2,6,16
5435,7611,1,1,61,2,6,6,1,1,1,2,34,2,3,18
5260,7343,1,2,47,3,4,4,2,1,1,1,42,2,6,14
2721,3655,1,2,61,3,2,2,2,2,1,1,6,2,3,22
3149,4275,1,1,77,3,2,1,1,1,1,1,26,2,8,20
1926,2548,1,1,55,3,99,3,4,2,1,1,6,11,2,16
1209,1611,1,1,54,3,2,1,1,2,1,1,42,9,6,22
5401,7557,4,1,64,3,3,1,1,2,1,1,59,7,6,12
4704,6562,1,1,75,4,2,1,2,2,1,1,51,5,4,10
4705,6563,2,1,69,3,99,1,3,2,1,1,42,-9,6,16
626,841,2,2,79,4,3,1,2,2,1,1,1,11,2,4
5219,7294,1,1,49,3,6,6,3,1,1,2,27,2,6,15
2781,3737,1,2,56,4,4,1,1,1,1,1,6,1,2,16
5653,7915,1,1,73,2,6,5,1,1,1,2,12,1,6,18
5684,7964,1,2,48,2,3,2,2,2,1,1,26,2,3,18
4655,6489,1,2,43,2,7,7,2,1,1,2,1,11,6,15
1564,2084,1,2,80,2,1,1,2,1,1,1,17,11,6,11
4844,6765,1,2,69,1,6,7,2,1,1,2,48,1,3,16
3844,5277,1,2,80,4,2,1,1,2,1,1,36,5,8,22
5361,7495,1,2,64,3,6,6,3,1,1,2,55,11,5,9
1421,1893,1,1,69,1,5,4,4,2,1,2,27,12,6,-9
1158,1537,1,2,80,2,2,1,2,1,1,1,36,5,8,-9
3076,4165,1,2,63,3,7,7,2,1,1,2,36,1,6,10
5749,8063,1,1,80,3,1,2,1,1,1,1,36,2,6,11
2575,3433,1,1,70,1,6,7,2,2,2,2,4,12,4,10
3977,5488,1,2,27,2,3,3,2,1,1,1,55,1,6,13
808,1082,1,2,65,4,1,1,1,2,1,1,6,9,6,3
5803,8141,1,2,28,4,6,5,1,2,1,2,25,2,6,14
4761,6637,1,1,64,1,4,3,2,2,1,1,34,2,5,14
538,727,1,2,59,2,2,1,2,2,1,1,-9,12,3,-9
3161,4295,3,1,60,2,4,4,3,2,1,1,53,11,2,9
4945,6898,1,1,41,4,2,1,2,2,1,1,17,12,8,22
2458,3266,1,2,31,3,6,7,1,1,1,2,47,1,6,17
3697,5065,1,2,75,4,99,6,3,2,1,2,20,1,3,1
1186,1579,1,1,39,1,2,1,2,2,1,1,50,12,2,7
794,1061,3,1,33,4,6,7,1,1,1,2,12,11,5,8
2236,2954,2,2,44,3,1,1,1,1,1,1,17,1,7,19
2792,3749,1,1,29,3,2,6,3,2,1,2,17,2,3,17
1319,1759,3,2,57,3,3,1,2,-9,1,1,6,2,7,16
5464,7652,1,1,65,4,2,1,1,2,1,1,36,10,2,12
3050,4125,1,2,72,4,4,4,1,1,1,1,48,1,7,-9
1919,2535,2,2,58,2,4,3,2,1,1,1,28,12,3,1
2436,3236,1,2,56,1,99,7,2,1,1,2,36,2,2,3
1720,2269,4,1,54,4,4,2,2,1,2,1,42,7,7,11
23,32,1,2,46,4,2,1,1,2,1,1,16,1,7,4
177,244,1,2,79,2,7,7,1,1,1,2,55,11,6,14
157,214,1,2,48,3,99,5,4,2,1,2,6,12,3,16
2103,2765,1,1,57,3,7,7,1,2,1,2,6,1,6,21
3539,4830,3,2,49,3,99,2,2,2,1,1,17,11,3,11
2841,3817,1,1,79,3,3,3,1,1,1,1,36,2,3,14
3148,4274,1,2,53,1,99,6,4,2,2,2,6,2,2,1
2842,3819,1,1,45,3,6,6,2,1,1,2,42,11,7,21
3917,5384,1,2,41,3,3,2,3,2,1,1,41,1,6,21
5556,7787,1,1,65,3,6,5,1,1,1,1,25,1,6,9
2245,2966,1,2,58,4,4,3,2,2,1,1,48,1,4,21
5262,7345,1,1,72,2,99,6,3,1,1,1,42,2,6,-9
4741,6605,1,2,71,3,3,1,1,1,1,1,36,5,5,4
622,837,1,2,24,2,1,1,1,2,1,1,25,10,2,-9
1047,1386,1,2,59,2,6,7,1,1,1,2,17,1,7,12
296,397,4,2,39,4,1,1,2,2,1,1,-9,10,7,19
506,672,-9,2,80,2,5,7,2,1,1,2,55,2,3,-9
239,322,1,1,80,2,99,1,2,2,2,1,41,12,2,5
907,1210,3,1,23,3,2,1,1,2,1,1,12,2,6,11
2223,2935,1,1,60,3,5,5,2,1,1,2,6,1,8,21
3755,5147,1,2,47,1,7,7,2,1,1,2,13,11,2,-9
1728,2283,3,2,50,4,99,2,3,1,2,1,48,11,3,4
2098,2760,1,2,61,2,5,6,2,1,1,2,53,1,5,7
5600,7841,1,1,23,3,6,7,2,1,1,2,18,1,6,20
2284,3024,3,1,63,3,5,5,2,2,1,1,35,2,6,16
2348,3107,1,2,33,3,6,7,4,2,1,2,29,2,7,21
1163,1543,1,-9,62,2,4,4,1,2,1,1,-9,12,5,-9
5676,7951,1,2,58,1,99,7,3,2,1,2,42,1,2,14
346,465,1,2,46,2,7,7,2,1,1,2,55,2,4,16
5011,6994,1,2,65,3,2,1,1,2,1,1,19,9,8,1
5851,8209,1,2,67,1,4,1,2,2,1,1,42,2,2,6
1406,1876,1,2,50,3,4,7,1,2,1,1,26,1,8,22
3459,4713,1,1,27,4,1,3,1,2,1,1,17,5,8,-9
5652,7914,5,2,30,1,5,6,1,1,1,1,40,1,3,11
2366,3129,2,1,52,4,3,2,2,2,1,1,39,1,6,15
1756,2326,1,2,64,1,7,7,1,1,1,2,54,1,2,16
84,108,5,1,66,2,6,5,2,1,1,2,-9,1,5,19
393,529,1,2,67,2,6,7,1,1,1,2,25,2,5,1
5285,7387,5,2,60,3,4,2,2,2,1,1,59,6,3,15
319,428,3,2,80,4,7,1,3,1,1,1,48,2,1,1
1420,1892,1,1,80,4,4,4,2,2,1,1,59,2,2,9
4599,6408,1,1,43,4,6,6,2,2,1,2,38,11,3,10
3181,4318,1,2,35,4,6,7,2,1,1,2,21,1,8,20
4190,5801,1,2,54,1,5,7,3,2,1,2,6,1,6,10
3774,5178,1,2,32,1,2,1,2,2,1,1,39,1,7,17
5326,7444,2,1,48,4,4,1,2,1,1,1,6,11,3,1
3340,4548,1,2,24,2,6,7,3,2,1,2,55,11,3,22
1732,2288,6,1,28,3,2,1,4,2,2,1,25,12,6,2
3428,4669,1,2,64,1,4,7,2,1,1,2,37,11,1,1
889,1183,1,2,49,2,3,3,2,2,1,1,17,1,6,15
199,272,1,2,62,2,7,7,2,1,1,2,26,11,6,6
4993,6965,3,1,35,3,4,4,2,2,1,1,26,10,6,19
2554,3405,1,2,67,4,99,7,1,1,1,2,54,1,1,-9
4449,6178,1,1,50,3,7,7,2,1,1,2,28,1,3,5
1362,1820,1,2,79,2,2,1,2,2,1,1,42,1,2,-9
1302,1733,2,2,80,2,4,3,2,1,1,1,28,11,2,2
2080,2739,1,2,62,3,7,7,1,1,1,2,9,1,7,15
3193,4334,1,2,45,2,5,6,1,1,1,2,48,1,3,7
420,565,1,2,54,2,5,5,2,1,1,2,19,2,7,22
2618,3495,1,1,72,3,3,1,2,2,1,1,42,10,6,21
2407,3194,1,1,49,1,1,1,1,2,1,2,42,1,3,10
4302,5953,1,2,54,4,2,4,3,2,1,2,39,9,7,22
3033,4104,1,1,30,4,1,2,2,2,1,1,25,3,7,19
3984,5495,1,1,52,2,7,7,2,1,1,2,48,1,3,10
3806,5229,1,2,66,1,2,3,1,1,1,1,34,12,3,9
1328,1771,1,2,45,1,5,7,3,1,1,2,48,11,2,11
3168,4305,1,2,47,1,4,3,1,2,1,1,29,1,1,11
79,103,1,2,37,2,6,7,2,1,1,2,16,4,4,7
3489,4761,1,2,28,1,5,6,3,1,1,2,45,1,7,4
3599,4917,2,2,20,2,99,1,4,1,2,1,13,3,2,1
2835,3807,1,2,70,2,4,5,1,2,1,1,55,12,95,6
4466,6201,1,1,50,3,2,1,2,2,1,1,6,9,6,21
4327,5991,1,1,41,2,6,6,3,2,1,2,29,11,5,19
3989,5502,4,1,18,3,3,2,2,1,1,1,17,2,2,22
787,1054,1,2,61,2,5,5,2,1,1,2,18,2,7,18
4870,6799,3,2,59,4,3,4,2,1,1,1,59,1,3,8
221,301,1,1,66,4,99,2,2,2,1,2,42,2,6,12
3319,4519,1,1,65,2,5,5,2,1,1,2,36,2,3,-9
3107,4214,3,2,39,3,4,5,4,1,2,2,6,3,3,20
1569,2090,6,1,25,4,4,2,2,2,1,1,42,10,2,3
1090,1447,3,1,39,1,99,7,4,1,2,2,40,12,2,1
1662,2195,1,1,55,3,7,7,2,1,1,2,22,1,3,14
1199,1597,1,2,61,3,7,7,3,1,1,2,36,2,3,10
1499,2002,1,2,65,1,5,5,2,2,1,2,55,2,4,15
3396,4628,1,2,70,4,7,7,1,1,1,2,19,1,5,17
3365,4580,1,2,63,2,6,7,2,1,1,2,6,1,3,8
5774,8104,1,2,60,2,7,6,3,2,1,2,13,1,6,16
3441,4688,1,2,41,3,5,6,2,2,1,2,47,9,4,20
465,621,1,1,80,4,4,5,2,2,1,1,16,12,7,10
2574,3432,2,2,58,4,4,1,2,2,1,1,48,11,6,4
4313,5970,1,1,24,4,4,6,1,2,1,1,31,2,7,6
1559,2079,6,2,30,2,3,2,2,2,1,1,27,10,3,13
2802,3761,1,2,59,3,2,1,2,1,1,1,11,1,7,21
1487,1985,1,2,33,2,1,1,1,2,1,1,48,1,6,17
3700,5069,1,2,59,4,99,4,3,1,1,2,9,1,2,-9
5884,8256,1,2,49,3,2,1,2,1,1,1,42,1,7,16
5615,7859,5,1,40,1,7,5,2,1,1,2,26,11,4,14
1468,1954,1,1,69,2,6,7,1,2,1,2,39,2,5,-9
3407,4643,1,1,50,3,4,4,2,1,1,1,39,1,6,12
3297,4488,1,1,30,2,4,3,4,1,1,1,34,12,6,6
3795,5214,1,1,42,4,2,2,3,2,1,1,8,12,1,18
3614,4939,4,2,29,3,2,1,1,2,1,1,6,7,6,22
5789,8122,1,1,42,2,5,6,2,1,1,2,39,12,2,20
4262,5899,1,1,21,3,4,-8,3,2,1,1,34,6,3,10
5328,7448,2,2,48,3,2,3,2,2,1,1,17,12,5,19
1672,2205,5,1,66,4,6,7,4,2,1,2,36,12,5,7
3727,5112,1,1,39,3,6,6,2,1,1,2,36,5,2,17
2771,3723,1,2,68,4,4,1,1,1,1,1,17,11,6,-9
3426,4667,1,1,46,3,5,5,4,2,2,2,56,12,3,17
1183,1573,4,1,58,4,3,1,1,2,1,1,6,10,8,21
2656,3550,1,2,71,1,7,7,2,1,1,2,18,1,3,10
1393,1860,2,1,45,3,2,1,2,1,1,1,48,10,5,22
5314,7427,1,2,62,2,7,7,2,1,1,2,6,11,4,1
4882,6815,1,2,80,1,7,7,2,1,1,2,29,2,2,7
1142,1515,3,1,31,3,4,1,2,1,1,1,34,2,6,19
805,1078,2,1,31,3,1,1,3,2,1,1,6,11,3,13
1544,2059,3,2,62,2,99,1,3,1,1,1,57,1,2,5
2121,2785,1,2,70,3,4,1,2,2,1,1,8,12,2,11
2915,3924,1,2,32,2,99,4,3,2,1,3,26,10,6,11
439,590,1,1,66,2,3,4,1,2,1,2,21,1,3,10
101,133,1,1,62,1,6,7,1,1,1,2,24,2,6,20
4221,5839,1,2,52,2,3,4,3,2,1,1,6,1,2,2
5670,7941,1,2,20,4,99,6,3,2,1,2,55,11,2,17
2177,2858,3,2,24,4,4,2,2,1,1,1,12,11,7,16
3412,4653,1,2,72,4,99,1,4,2,1,1,53,1,4,-9
3386,4615,1,2,74,4,6,7,2,1,1,2,29,1,3,17
4554,6340,1,2,68,2,2,1,1,2,1,1,11,2,3,15
3813,5239,1,2,46,4,5,5,2,1,1,2,33,9,6,21
3316,4514,1,2,65,3,2,1,1,2,1,1,17,12,6,15
4577,6372,1,2,66,2,6,6,2,1,1,2,12,1,6,10
1272,1692,1,2,63,1,4,1,1,1,1,1,36,11,6,22
3957,5455,1,2,42,3,5,6,2,2,1,1,17,2,5,21
3505,4780,3,1,53,3,99,4,1,2,1,1,36,12,3,22
5411,7574,1,2,41,4,2,1,1,2,1,1,51,9,6,18
3477,4742,1,2,41,4,2,1,3,2,1,1,18,12,6,22
3669,5025,1,2,35,3,4,2,3,2,1,1,53,1,8,21
5235,7315,1,2,80,2,99,6,3,1,1,2,6,5,1,11
5546,7770,1,2,51,4,4,4,1,1,1,1,44,12,3,2
2954,3989,1,2,20,2,99,4,4,1,1,1,55,2,3,1
4797,6694,1,2,43,3,4,3,2,1,2,1,46,7,6,8
2655,3549,1,1,80,4,6,7,1,1,1,2,53,2,3,22
3862,5297,1,2,76,3,6,6,2,2,1,2,6,1,2,19
4932,6881,1,1,23,4,2,2,1,2,1,1,24,10,6,17
3753,5145,1,1,70,2,7,7,1,2,1,2,31,1,6,13
4480,6225,1,2,49,3,6,6,2,2,1,2,27,12,3,10
1706,2250,1,2,36,2,6,6,2,2,1,2,17,1,3,16
1744,2307,3,1,21,4,4,3,2,1,1,1,51,1,95,19
5474,7664,1,1,67,3,5,7,2,2,1,2,34,1,2,10
156,213,1,1,41,2,4,6,2,2,1,2,18,11,6,22
3916,5382,1,2,57,4,2,1,1,1,1,1,13,11,8,21
5081,7099,1,2,47,3,4,1,2,2,1,1,36,2,8,20
3259,4427,1,1,46,2,2,1,2,2,1,1,6,10,2,18
1175,1562,1,1,77,3,2,1,1,2,1,1,25,1,8,13
3206,4350,1,2,57,1,7,6,2,1,1,2,51,1,3,17
233,315,1,2,51,3,6,5,2,1,1,2,6,1,6,15
4630,6457,1,2,80,2,7,7,2,1,1,2,37,1,3,6
3901,5361,4,2,60,4,99,7,2,2,1,2,59,2,3,-9
1962,2589,4,2,69,3,4,1,1,1,1,1,19,8,7,1
3435,4680,1,1,79,3,6,7,1,1,1,2,59,5,4,1
3534,4820,1,2,65,2,2,1,2,1,1,1,31,1,6,18
1411,1881,1,1,50,3,3,1,3,2,1,1,39,11,3,15
5399,7553,1,1,36,4,3,3,3,2,1,1,6,9,7,9
2251,2972,1,1,22,2,3,2,2,2,1,1,41,12,3,6
2673,3583,1,2,23,2,5,5,3,1,1,2,32,4,3,9
1543,2057,1,2,66,2,3,1,2,1,1,1,36,2,3,15
1350,1803,1,1,78,3,2,1,1,1,1,1,18,11,8,22
4391,6089,1,1,26,4,1,2,3,2,1,1,4,9,3,9
1867,2471,1,2,44,1,4,4,3,2,2,3,39,12,3,6
132,175,1,1,63,3,4,4,1,1,1,1,4,11,6,16
5839,8192,6,2,66,1,6,5,2,2,1,2,29,10,7,20
5483,7678,1,2,36,2,6,7,2,2,2,2,12,1,3,17
4343,6013,4,1,20,4,6,6,2,1,1,1,36,1,2,14
167,229,1,1,66,3,4,6,1,1,1,1,51,1,4,13
696,928,3,1,37,2,3,1,2,2,1,1,48,10,3,15
4750,6619,6,2,56,2,4,4,2,2,1,1,59,2,3,20
1261,1677,1,1,80,1,7,7,1,2,1,2,39,1,8,16
5113,7142,1,2,80,1,4,7,2,1,1,2,4,1,-9,-9
960,1278,1,2,69,2,4,1,2,2,1,2,50,1,2,9
810,1086,3,1,25,2,4,3,2,1,1,1,6,10,6,1
1027,1362,1,2,23,3,6,5,3,1,1,2,13,11,6,11
751,1005,2,2,41,4,99,1,2,1,1,1,36,1,6,9
2767,3719,2,2,80,3,4,1,2,1,1,1,59,1,8,20
4895,6834,2,2,68,4,5,4,2,1,1,1,12,1,7,8
3554,4850,1,1,41,2,6,7,2,2,1,2,49,12,3,18
5691,7976,1,2,39,4,4,5,3,2,1,1,27,11,7,21
534,723,1,1,60,3,4,3,2,2,1,1,51,12,3,12
4950,6905,1,2,35,4,4,4,3,2,1,1,51,12,3,1
263,355,1,2,73,2,3,1,3,2,1,1,50,10,2,10
2288,3028,1,1,48,3,3,3,2,1,1,1,27,10,6,21
3978,5489,1,2,55,2,3,1,2,2,1,1,34,11,7,17
4259,5895,1,2,55,2,7,5,3,1,2,2,17,11,4,14
3269,4448,1,1,32,2,5,7,3,1,1,2,29,11,5,1
964,1284,1,2,41,4,1,1,1,1,1,1,36,11,6,20
5035,7029,1,2,77,3,4,2,2,1,1,1,54,1,7,15
3903,5363,1,2,60,3,2,1,2,2,1,1,20,1,7,16
5202,7270,1,2,34,3,99,4,2,2,1,2,10,11,4,2
408,552,1,1,51,2,7,7,4,1,1,2,47,4,2,1
4066,5613,5,2,42,1,2,1,2,1,1,1,4,2,6,18
168,230,1,1,70,3,99,7,2,1,1,2,36,2,2,16
5660,7924,1,2,25,4,4,5,3,2,1,2,34,10,6,2
755,1012,1,1,58,3,4,5,2,1,1,2,18,1,7,21
1669,2202,6,2,34,1,4,4,1,2,2,2,55,12,6,17
5075,7089,2,1,56,2,4,1,2,1,1,1,11,12,3,10
1695,2233,2,1,54,3,4,1,1,1,1,1,59,11,7,10
3839,5270,1,1,80,2,4,4,1,1,1,1,49,4,8,18
4985,6954,1,2,56,3,4,6,3,1,1,2,22,2,6,19
2821,3790,1,2,30,3,5,6,3,2,1,1,17,2,7,20
5403,7560,2,2,32,4,5,6,2,1,1,1,32,1,6,15
952,1268,1,2,52,3,6,7,2,1,1,2,6,-9,6,20
80,104,1,1,36,1,6,7,2,1,1,2,18,11,6,17
3034,4105,1,2,66,3,2,1,1,1,1,1,24,2,7,21
5157,7205,1,2,22,3,6,5,2,1,1,2,26,2,3,15
2318,3071,1,2,67,3,1,1,1,2,1,1,6,12,7,4
5740,8046,1,2,69,3,4,1,1,1,1,1,42,2,2,8
4420,6132,1,1,80,2,7,7,1,1,1,2,18,1,3,4
5008,6989,2,2,39,4,4,1,3,1,2,1,1,12,3,5
5508,7711,4,2,44,3,3,2,2,1,1,1,26,1,7,10
1456,1938,6,2,47,2,6,6,2,1,1,2,12,1,6,17
2900,3901,1,2,61,1,7,6,1,1,1,2,1,1,4,11
4439,6167,1,2,34,1,5,4,2,2,1,3,1,11,2,10
3624,4950,2,2,42,1,4,1,4,2,1,1,22,11,7,8
1539,2052,1,2,50,3,4,4,1,1,1,1,59,3,2,22
17,22,1,1,24,4,2,3,1,2,1,1,36,10,6,21
800,1071,1,1,59,3,6,7,4,1,1,2,1,2,6,1
2699,3624,1,1,69,3,3,3,1,2,1,1,56,1,6,11
1740,2302,1,2,66,2,6,5,2,1,1,2,33,1,3,16
4128,5707,1,2,71,3,6,7,2,1,1,2,29,2,3,6
3576,4881,2,1,59,4,5,1,2,1,1,1,39,11,3,6
5614,7858,1,1,25,3,6,7,4,1,1,2,48,11,5,9
561,760,1,1,39,4,3,1,1,1,1,1,17,7,6,21
586,789,1,1,56,2,6,6,3,1,1,2,41,2,6,22
5243,7324,3,2,25,3,3,2,2,2,1,1,24,5,6,20
4774,6659,1,2,27,3,6,7,2,1,1,2,48,1,7,21
5378,7524,1,1,66,4,4,1,2,1,1,1,42,2,3,3
308,412,1,2,52,3,6,2,2,2,1,1,12,11,6,16
4845,6766,1,1,52,2,99,3,2,2,1,1,17,11,2,1
5273,7367,2,1,77,2,99,3,2,1,1,1,13,11,6,17
1129,1498,1,1,73,3,6,7,1,1,1,2,39,12,1,5
4865,6789,1,1,71,2,3,1,1,1,1,1,41,11,3,5
5595,7834,1,2,72,2,4,3,2,2,1,1,36,12,6,8
4099,5663,1,2,65,2,6,7,2,1,1,2,48,1,7,9
783,1049,1,1,78,1,4,7,2,1,1,2,22,2,6,1
4055,5601,2,2,61,4,2,1,1,1,1,1,6,1,7,10
14,18,1,2,62,3,2,1,2,1,1,1,17,2,6,-9
2104,2766,3,1,42,4,6,7,2,2,1,2,6,1,2,14
3258,4426,1,1,51,2,6,7,2,1,1,2,42,1,3,18
3315,4512,1,1,80,4,6,6,2,2,1,2,6,2,6,18
5241,7322,1,2,19,4,1,1,2,1,2,1,37,9,3,1
1507,2013,1,2,55,1,5,6,2,1,1,2,20,1,4,22
1586,2108,1,1,62,4,5,5,1,1,1,2,6,1,3,22
2678,3590,1,2,36,3,5,5,2,1,1,2,42,2,8,21
65,84,1,2,44,4,3,2,1,1,1,1,12,1,6,21
3887,5338,1,1,34,4,7,6,1,2,1,2,39,2,2,15
2389,3164,1,1,65,1,1,3,1,1,1,4,37,11,3,1
1840,2432,2,2,41,2,99,3,3,1,2,1,2,1,8,1
2154,2827,1,2,63,2,6,7,1,1,1,2,20,1,5,16
3276,4459,1,2,73,3,6,7,2,1,1,2,42,1,6,15
4930,6878,3,1,37,4,3,2,2,2,1,1,34,11,7,-9
4684,6534,1,2,77,3,6,5,2,1,1,2,36,1,3,15
4902,6842,1,2,40,4,6,7,2,2,1,2,16,12,2,11
2302,3050,3,2,60,4,4,1,2,1,1,1,6,2,1,10
2329,3084,1,2,45,3,99,1,3,2,1,1,42,12,6,17
88,114,1,1,57,4,3,6,2,1,1,2,59,2,6,8
2358,3120,1,2,68,2,2,1,1,2,1,1,12,10,3,5
4463,6198,1,2,58,4,3,2,1,2,1,1,26,11,3,-9
3733,5118,1,1,74,4,6,7,2,2,1,2,17,2,8,12
3479,4744,1,1,67,2,6,5,2,2,1,2,36,12,7,13
877,1169,1,2,31,3,2,1,2,2,1,1,6,10,6,22
1623,2150,1,2,61,3,1,1,2,2,1,1,34,2,6,18
4814,6720,1,1,73,4,2,1,2,2,1,1,25,11,6,14
4173,5775,4,2,58,3,6,7,2,2,1,2,59,1,4,14
5473,7663,2,2,51,3,2,1,2,2,1,1,39,11,6,21
977,1297,1,2,62,1,4,2,2,1,1,2,47,11,4,2
1905,2517,3,1,50,2,4,3,2,2,1,1,4,2,6,19
1886,2497,1,2,68,3,4,5,1,1,1,1,17,2,2,8
2346,3105,1,1,76,2,6,7,1,1,1,2,36,2,6,1
3270,4449,1,1,69,3,5,5,2,1,1,2,9,2,3,15
2339,3094,3,1,60,4,7,5,1,1,1,2,34,1,2,13
5522,7731,1,2,48,1,2,1,2,2,1,1,39,12,6,16
3196,4337,1,2,76,2,5,7,1,1,1,2,44,11,6,5
5302,7411,1,2,63,3,2,1,2,2,1,1,34,1,6,1
5850,8207,1,2,45,4,3,3,3,1,1,1,4,12,7,1
1505,2011,2,2,80,4,99,1,2,1,1,1,26,1,5,6
3109,4217,3,1,37,4,99,3,1,2,1,1,35,11,3,6
426,573,1,2,45,1,6,7,2,2,1,2,6,2,2,16
530,718,2,1,43,3,3,3,3,1,1,1,17,11,6,20
5310,7420,1,2,41,3,99,1,3,2,1,1,12,12,4,5
4182,5788,2,2,75,4,2,1,2,1,1,1,28,11,5,22
5217,7291,1,2,76,3,4,3,2,2,1,1,37,1,6,20
181,249,1,1,60,1,4,1,3,2,1,1,18,12,7,17
5527,7739,1,1,59,1,2,1,1,2,1,1,39,2,3,11
401,540,1,2,39,1,5,5,3,1,1,2,29,1,6,21
1101,1460,1,2,61,1,6,5,2,1,1,2,47,1,2,15
1954,2579,1,1,51,2,6,5,2,1,1,2,25,12,2,3
1831,2422,6,1,40,4,6,6,3,2,1,2,40,9,7,1
3559,4860,1,1,43,1,5,7,3,2,1,2,13,1,2,9
2146,2818,3,1,59,4,6,5,1,2,1,2,48,2,3,4
3625,4952,1,2,58,4,3,4,1,2,1,1,12,12,7,6
5367,7506,1,2,74,1,4,2,2,2,1,2,24,1,5,16
3829,5257,1,2,77,4,4,1,2,1,1,1,42,1,4,11
259,351,1,2,56,3,2,1,1,2,1,1,34,10,7,21
279,376,1,1,59,2,99,1,3,2,1,1,42,2,2,11
1144,1520,3,2,35,4,7,7,2,1,1,2,39,11,6,17
198,271,1,2,35,4,2,1,2,2,1,1,39,11,3,4
5152,7200,1,2,38,4,2,3,3,2,1,1,26,12,8,18
1892,2503,1,1,34,2,4,5,3,1,1,1,30,2,3,15
544,734,1,1,53,3,7,7,2,1,1,2,13,1,6,20
4540,6318,1,2,36,2,99,7,4,2,1,2,23,1,1,6
1351,1804,3,1,26,2,99,7,2,2,1,2,12,12,5,17
553,751,1,1,73,2,6,7,2,2,1,2,36,2,6,10
681,909,1,1,36,3,6,6,2,1,1,2,26,1,6,16
3130,4248,2,1,44,4,4,1,2,1,1,1,24,1,3,7
2022,2662,1,1,60,4,2,2,1,2,1,1,4,5,6,21
2306,3055,1,1,55,1,2,7,2,1,1,2,1,12,3,2
599,806,3,1,80,2,5,1,2,1,1,1,-9,2,2,5
3418,4659,2,1,67,4,99,1,3,1,1,1,48,11,4,1
763,1024,1,1,80,2,6,6,3,1,2,1,21,1,6,17
3661,5006,1,1,35,2,5,4,1,2,1,1,12,11,2,15
2918,3929,1,1,36,2,99,4,4,2,1,2,8,12,1,11
1297,1728,1,1,43,2,6,7,2,2,1,2,55,2,4,8
747,1001,1,2,66,1,2,7,2,1,1,2,51,11,3,5
15,19,1,2,80,3,3,2,2,1,1,1,55,2,2,5
5893,8268,1,2,68,3,6,7,2,2,1,2,36,2,5,19
351,476,2,1,30,3,6,5,1,1,1,2,48,11,7,21
2484,3304,1,1,65,1,6,5,2,1,1,2,10,1,7,22
1726,2278,1,2,43,4,4,2,2,1,1,1,48,1,6,18
2534,3379,1,2,80,3,2,4,3,2,1,1,26,12,6,20
3708,5081,1,1,52,2,6,7,2,2,1,2,39,12,3,12
5044,7043,1,1,28,2,99,4,4,2,2,2,27,12,4,15
371,500,1,1,45,2,6,7,1,2,1,2,30,12,2,10
712,953,2,1,70,4,4,2,3,1,1,1,12,11,3,3
2117,2780,1,2,31,4,4,1,1,1,1,1,36,12,6,14
5089,7110,1,2,52,4,6,7,2,1,1,2,12,1,4,18
5568,7801,1,1,67,4,3,3,1,1,1,1,48,11,8,16
2968,4009,1,1,68,1,7,7,2,1,1,2,34,1,3,19
1215,1619,1,1,36,2,3,2,2,2,1,1,13,9,5,19
1193,1589,4,1,25,2,99,7,2,1,1,2,27,1,2,4
2517,3357,3,2,60,4,99,7,2,1,1,2,45,11,3,4
5427,7598,1,2,47,1,4,5,4,-9,2,2,26,12,7,13
2462,3271,3,1,80,4,4,1,2,2,1,1,57,2,2,15
926,1234,1,2,51,3,6,7,2,2,1,2,6,12,6,1
3881,5328,1,1,66,1,6,7,3,2,2,2,13,11,2,16
5238,7318,1,2,68,1,99,4,2,1,1,1,42,1,7,13
4559,6345,1,1,37,4,3,3,1,2,1,1,44,2,6,8
2135,2803,1,1,55,3,2,1,1,2,1,1,6,9,4,12
2463,3272,1,2,51,1,6,7,3,1,1,2,40,11,3,13
5814,8154,4,1,66,3,5,5,2,2,1,2,59,6,8,19
4901,6841,1,1,36,4,3,3,1,2,1,1,53,9,3,19
2173,2852,6,2,38,3,6,7,2,1,1,2,6,11,6,17
3641,4973,1,1,35,2,5,6,3,1,1,2,38,12,6,14
5601,7842,1,2,79,3,6,7,2,1,1,2,26,11,3,14
1699,2239,1,2,43,3,3,1,1,2,1,1,51,12,6,14
2881,3871,1,2,19,4,1,1,2,2,1,1,6,12,2,18
4868,6796,2,2,80,1,4,1,2,1,1,1,28,11,2,6
3830,5258,1,2,67,3,2,2,2,2,1,1,55,2,5,17
3499,4772,1,2,75,3,5,7,1,1,1,2,42,1,6,10
3728,5113,2,2,20,1,7,1,2,2,2,1,40,1,2,2
1634,2162,1,2,53,3,6,6,1,1,1,2,18,1,5,16
4427,6153,6,2,38,3,6,7,3,2,1,2,48,1,6,21
501,666,1,2,35,3,2,1,2,1,1,1,8,11,3,10
5532,7750,1,2,58,3,4,5,1,1,1,4,8,1,6,10
8,10,3,2,37,4,99,1,4,2,1,1,59,1,2,9
5140,7182,1,2,25,3,2,2,1,2,1,1,17,10,4,12
3518,4797,1,2,74,3,4,4,2,1,1,1,38,12,7,19
2451,3258,1,1,80,1,7,7,1,1,1,2,29,1,2,11
3442,4689,2,1,72,1,99,3,1,2,1,1,12,12,6,17
2254,2976,1,2,80,4,6,7,1,1,1,2,54,2,3,-9
37,47,1,1,38,1,3,3,2,2,1,1,27,10,6,21
3274,4456,1,1,69,3,2,1,1,2,1,1,21,2,6,13
230,312,1,1,56,4,2,1,1,1,1,1,55,1,6,10
4387,6082,6,1,29,4,3,4,1,2,1,1,41,10,3,4
535,724,1,1,75,3,3,1,1,1,1,1,27,2,3,9
576,777,1,2,66,2,7,7,3,1,2,2,1,11,4,15
5060,7065,1,1,59,1,7,7,1,1,2,2,29,11,2,5
1862,2465,1,2,40,2,4,6,3,2,1,1,42,2,6,17
1371,1829,2,2,55,3,4,2,2,1,1,1,28,11,3,1
373,502,1,1,73,3,6,7,2,1,1,2,42,1,7,11
5515,7723,2,1,30,4,4,1,1,1,2,1,17,1,7,15
2218,2928,5,1,67,4,4,1,1,1,1,1,36,8,6,9
33,43,1,2,53,2,7,7,2,2,1,2,20,1,6,19
4685,6535,1,2,80,1,6,7,2,1,1,2,40,1,2,13
44,58,1,1,48,2,4,6,2,1,1,1,39,12,2,9
4608,6422,3,2,65,4,2,6,4,2,2,2,18,11,2,2
3970,5479,1,1,37,4,1,3,2,2,1,1,25,9,6,15
2815,3782,4,1,73,4,5,6,3,1,1,1,6,12,3,7
2873,3856,1,1,33,3,3,1,2,2,1,1,6,12,8,22
4404,6110,1,2,72,1,3,1,1,1,1,1,42,2,95,21
4105,5673,2,2,29,3,4,3,4,1,1,1,59,1,7,22
4836,6751,1,2,32,4,3,1,1,1,1,1,48,12,7,21
1879,2487,1,1,46,2,4,4,3,1,1,2,17,2,3,3
4119,5692,1,2,61,3,5,4,1,2,1,1,34,5,6,11
325,434,1,2,71,2,2,1,2,1,1,1,39,2,3,4
1397,1864,1,1,49,2,2,3,2,2,1,1,18,12,6,10
2118,2781,5,2,64,4,7,7,2,2,1,2,36,2,1,1
3575,4880,1,2,24,4,2,1,2,2,1,1,39,10,6,10
1172,1557,4,1,61,3,2,3,1,2,1,1,6,5,7,22
4916,6859,1,2,33,2,6,7,2,1,1,2,36,2,6,17
3488,4760,1,1,48,1,4,6,3,2,1,2,36,11,1,21
63,81,1,2,78,4,7,7,1,1,1,2,41,1,3,10
4112,5682,1,1,47,4,6,6,2,1,1,2,39,11,3,1
2410,3197,3,2,54,3,3,1,2,1,1,1,48,2,2,5
1632,2160,6,2,80,2,4,6,2,1,1,2,36,-9,7,-9
3167,4303,1,2,51,3,2,1,2,2,1,1,34,9,2,12
1038,1374,1,2,26,2,4,4,1,1,1,2,39,10,6,17
4672,6514,1,2,50,4,2,2,2,2,1,1,36,12,6,21
2955,3991,1,2,47,4,2,2,2,2,1,1,39,12,6,10
1488,1988,1,1,29,2,6,7,4,1,1,2,42,11,4,21
3975,5485,1,2,44,3,6,7,1,1,1,2,48,1,6,16
4396,6096,2,1,51,4,99,5,3,2,1,3,51,10,3,1
1321,1762,1,2,63,2,2,1,2,2,1,1,55,11,4,5
3816,5242,6,1,27,3,4,3,2,2,1,1,26,6,6,20
2543,3390,2,2,61,4,4,2,3,2,1,1,4,11,3,7
2732,3671,4,1,47,3,4,5,1,2,1,2,6,12,6,10
1438,1913,6,1,25,2,5,5,2,2,1,2,42,11,6,10
2658,3555,1,2,38,2,3,3,2,2,1,1,20,10,6,11
5020,7007,1,2,38,1,4,7,3,2,1,2,42,1,5,9
3605,4926,1,2,72,3,3,1,2,2,1,1,25,1,6,17
1937,2559,1,1,39,4,6,6,1,1,1,2,42,5,6,14
1513,2021,1,2,64,2,2,1,2,1,1,1,-9,9,7,16
1084,1440,5,2,50,1,4,1,1,1,1,1,36,11,3,4
4283,5927,1,2,73,4,2,1,2,2,1,1,6,5,6,17
2225,2937,3,1,47,4,6,7,2,1,2,2,34,12,6,17
4629,6455,3,2,38,4,5,6,2,1,1,1,17,1,5,20
5452,7635,1,1,57,2,3,3,2,2,1,1,39,1,6,18
3213,4361,1,1,80,3,3,1,1,1,1,1,12,1,8,11
2480,3297,1,2,66,4,4,4,2,2,2,1,25,2,3,1
2801,3760,1,1,80,3,6,7,2,1,1,2,42,2,6,1
1741,2303,2,1,64,2,4,1,2,1,1,1,36,11,4,7
324,433,1,2,57,4,4,1,2,1,1,1,18,11,7,19
676,903,1,2,72,2,4,1,2,1,1,1,42,1,6,10
5388,7538,1,1,80,2,6,7,1,1,1,2,31,1,8,16
5356,7484,1,2,20,2,6,7,3,1,1,2,12,1,2,15
1654,2185,3,2,44,1,2,1,2,2,1,1,26,1,4,17
1961,2588,1,2,72,4,5,3,2,1,1,1,59,3,6,6
5889,8261,-8,1,25,4,1,4,4,2,2,1,29,12,3,1
4165,5765,1,1,38,3,1,1,1,2,1,1,31,10,6,15
2519,3359,1,1,69,4,3,4,2,2,1,1,26,9,8,22
1670,2203,1,1,77,2,7,7,1,1,1,2,6,1,4,13
1978,2608,1,1,54,3,6,5,2,1,1,1,50,1,6,18
1694,2230,1,1,80,1,3,1,2,1,1,1,42,10,7,8
4762,6638,1,2,45,2,4,5,2,1,1,2,46,2,7,18
1864,2467,1,1,75,4,3,3,1,1,1,1,26,2,4,15
1204,1605,6,1,41,3,3,4,1,2,1,1,11,12,6,19
1170,1551,6,2,35,1,7,7,2,1,1,2,51,1,5,1
2299,3044,1,1,56,1,4,7,2,1,1,2,22,11,2,12
1782,2362,3,2,71,2,3,3,1,1,2,1,16,11,6,10
5698,7984,1,1,26,2,2,2,2,1,1,1,55,2,6,17
3864,5300,1,2,68,1,6,7,3,1,1,2,28,1,4,4
3247,4412,-9,1,50,3,6,5,3,1,1,1,36,2,8,18
4310,5965,3,1,68,4,4,1,2,1,1,1,59,2,1,11
2004,2640,1,1,50,3,3,6,2,2,1,1,55,11,4,19
410,554,2,2,45,4,99,1,2,2,1,1,37,11,5,5
4194,5806,1,1,32,3,5,5,2,1,1,2,49,4,7,11
3017,4082,1,2,34,1,99,6,2,2,1,2,18,12,3,11
3690,5055,1,1,50,2,5,6,2,1,1,1,36,2,7,17
1109,1470,1,2,67,2,3,1,2,2,1,1,6,12,8,19
2948,3977,1,2,62,1,6,5,2,1,1,2,37,1,3,4
5720,8014,1,2,49,3,2,3,2,-8,1,1,27,1,7,-9
1737,2297,1,2,75,1,6,7,3,2,1,2,29,1,2,19
1033,1369,1,2,51,3,3,2,1,2,1,1,42,2,6,21
3616,4941,1,2,52,4,3,2,2,1,1,1,59,2,7,21
297,398,5,1,32,3,99,2,3,1,1,1,17,2,8,19
4017,5542,3,2,27,3,99,1,2,2,1,1,48,12,4,10
4717,6577,1,2,77,2,6,7,3,1,1,2,17,1,2,9
2303,3051,4,1,60,4,3,3,2,2,1,1,12,12,6,20
1370,1828,1,2,28,3,6,7,2,1,1,2,24,2,4,8
742,995,1,2,51,4,4,1,2,2,1,1,49,4,3,11
2728,3666,1,2,80,1,6,7,2,1,1,2,1,1,7,8
2788,3745,6,1,29,3,5,5,2,1,1,1,59,1,5,19
3914,5380,1,2,50,2,99,3,2,2,1,1,39,9,6,20
4935,6884,1,2,65,4,2,1,1,2,1,1,20,2,3,18
240,323,1,2,67,1,7,7,1,1,1,2,31,2,4,18
4362,6041,1,2,41,4,5,7,2,1,1,2,53,11,4,17
2226,2941,3,2,41,3,3,4,2,2,1,1,20,11,6,17
1595,2118,1,2,55,4,99,2,2,2,1,1,39,2,6,21
1729,2284,1,1,57,2,7,7,1,2,1,2,36,2,2,18
3378,4602,1,2,60,3,6,7,2,1,2,2,27,1,4,13
3794,5210,1,1,29,3,4,4,1,2,1,3,36,9,8,11
4308,5961,1,1,64,1,6,6,2,2,1,2,13,1,2,9
683,911,1,1,45,2,4,2,2,2,1,1,42,12,6,16
3491,4763,1,1,31,1,6,7,1,1,1,2,36,11,3,21
2770,3722,1,2,41,2,6,6,2,1,1,2,42,11,3,22
5710,8000,1,1,71,3,4,3,2,2,1,1,42,2,7,19
1858,2460,1,1,39,3,2,1,1,2,1,1,6,12,6,14
3664,5013,1,2,25,1,2,3,2,2,1,1,18,1,3,9
3119,4231,4,1,22,2,3,2,2,2,1,1,24,10,6,20
333,448,1,1,31,2,6,6,3,1,2,2,51,11,6,9
1002,1326,1,2,46,3,2,2,1,2,1,1,46,10,8,17
4506,6264,1,2,73,2,3,3,4,2,1,1,37,1,4,17
1545,2060,3,2,37,3,2,1,2,2,1,1,20,12,7,11
3872,5316,1,2,52,1,5,2,3,2,1,1,6,12,6,4
2951,3980,4,2,19,3,2,2,2,1,1,1,17,2,2,1
746,999,1,1,70,1,5,6,2,2,1,2,53,12,1,-9
3447,4694,3,2,39,2,2,1,2,2,1,1,48,11,3,14
764,1025,1,1,66,1,5,6,2,2,1,2,48,1,2,7
247,332,1,1,65,3,6,7,1,1,1,2,48,1,6,19
4866,6793,1,2,70,2,3,3,2,2,1,1,30,11,3,3
2846,3823,1,2,80,3,4,4,2,1,1,1,54,1,95,11
4478,6220,1,2,28,3,3,3,1,2,1,1,47,1,6,15
3891,5345,1,1,25,1,6,7,2,1,1,2,19,1,2,8
4603,6414,3,1,65,2,4,1,2,1,1,1,57,11,2,6
5540,7759,1,1,36,3,4,3,2,2,1,1,37,12,6,21
1964,2591,1,1,76,1,2,1,1,2,1,1,6,7,95,1
3956,5454,1,2,37,4,6,5,2,1,1,2,48,1,8,17
1173,1559,3,1,62,2,4,7,2,1,1,2,48,11,2,10
5054,7057,3,1,30,2,4,7,2,2,1,2,48,2,3,10
4086,5643,1,2,76,4,99,5,2,2,1,1,42,1,2,-9
4678,6523,2,1,49,3,99,3,3,2,1,1,17,12,2,19
4500,6255,1,2,77,2,99,1,3,2,1,1,36,1,3,10
4159,5755,6,2,34,1,6,5,3,2,1,3,41,1,6,10
1032,1368,1,1,38,2,4,6,3,1,1,2,34,2,6,22
5829,8177,6,2,56,1,4,5,2,2,2,2,47,1,6,3
315,421,1,1,36,3,2,3,4,1,1,1,33,11,6,16
5072,7086,1,2,61,2,3,2,2,2,1,1,6,10,8,22
1219,1625,1,1,67,2,2,1,2,2,1,1,55,1,6,11
149,198,1,2,33,3,7,7,3,1,1,2,47,1,8,1
1176,1564,1,2,25,3,2,1,2,2,1,1,47,12,7,18
1268,1688,1,2,33,4,2,1,2,2,1,1,24,12,8,21
290,391,1,2,80,1,4,1,1,1,1,1,20,2,2,4
453,605,1,1,44,3,4,5,2,2,1,2,6,10,5,11
598,805,1,2,79,1,2,1,1,1,1,1,42,1,2,-9
879,1171,3,1,70,1,6,7,2,1,1,2,26,11,2,4
4082,5634,1,2,53,4,2,2,2,1,1,1,39,11,7,9
5741,8049,1,2,63,2,6,7,2,1,1,2,22,1,6,3
5503,7706,1,2,63,1,6,5,2,1,1,2,30,4,2,16
5137,7177,2,1,60,4,2,1,2,1,1,1,39,11,6,9
5565,7797,1,1,52,3,3,1,1,2,1,1,34,12,7,13
5617,7863,1,2,51,4,3,5,1,1,1,2,39,11,7,12
4535,6310,1,2,37,4,2,1,1,2,1,1,36,12,6,17
2163,2841,1,2,36,1,7,6,3,1,1,2,1,11,6,15
2615,3492,1,1,38,3,2,3,2,2,1,1,59,2,95,22
1789,2371,1,1,42,3,3,6,2,2,1,1,36,1,6,22
3349,4559,1,2,53,1,4,6,4,2,1,2,53,12,6,2
3208,4354,1,1,49,1,5,6,2,2,1,2,47,1,6,20
4256,5892,1,2,80,1,4,4,2,2,1,1,6,12,6,13
5757,8073,1,1,78,4,2,1,1,2,1,1,39,12,8,22
655,877,1,2,35,1,7,7,4,2,1,2,47,1,6,19
4800,6699,1,1,71,4,6,7,2,2,1,2,8,12,3,5
4999,6973,1,2,73,4,6,5,1,1,1,2,17,2,2,12
1897,2508,2,1,50,4,4,3,1,2,1,1,39,12,3,4
3958,5459,1,2,66,4,2,1,1,2,1,1,25,5,7,10
5154,7202,1,1,71,2,6,7,1,1,1,2,41,12,3,10
3550,4844,4,2,18,2,5,6,4,1,1,2,41,1,2,16
381,513,1,1,73,2,7,7,1,2,1,2,19,1,4,12
604,813,1,2,75,4,4,3,1,2,1,1,41,12,7,4
4366,6046,6,1,38,4,2,3,1,2,1,1,6,9,6,11
422,568,1,2,77,3,6,7,2,2,1,2,6,2,3,-9
4546,6329,1,1,75,1,2,1,2,2,1,1,42,1,3,18
1253,1666,1,2,43,1,7,7,3,1,1,2,28,1,95,16
1181,1571,1,1,78,3,6,6,2,2,1,2,9,2,6,13
5656,7918,1,2,63,4,5,7,2,1,1,2,1,1,6,17
124,165,1,1,30,4,2,3,1,2,1,1,24,11,6,7
102,134,1,2,37,1,2,4,1,2,1,1,49,9,8,17
3612,4936,1,2,72,4,2,1,2,2,1,1,49,1,3,-9
5462,7650,1,2,54,3,6,7,1,2,1,2,55,1,6,12
1335,1783,1,2,42,3,2,1,1,1,1,1,25,2,8,22
5429,7602,1,1,75,3,3,1,1,2,1,1,17,10,3,8
4365,6045,1,2,33,1,7,7,2,2,1,2,26,12,95,10
5118,7148,1,2,69,2,2,1,1,1,1,1,50,1,95,3
3334,4538,1,1,44,1,5,5,1,2,1,1,13,9,7,22
1483,1975,1,1,63,1,4,3,2,2,1,1,31,12,6,18
135,180,1,2,69,4,6,7,1,1,1,2,34,1,7,15
4574,6368,1,2,52,2,99,7,2,1,1,2,10,11,2,1
2057,2712,4,1,63,3,4,5,3,2,1,1,59,12,7,15
5048,7048,1,1,62,2,6,7,2,1,1,2,50,11,6,20
4290,5938,1,2,76,3,2,1,1,2,1,1,19,1,6,17
2164,2842,1,2,80,4,5,7,2,1,1,2,55,1,3,10
1566,2087,1,2,35,2,5,6,3,2,1,2,6,11,4,9
893,1190,1,2,62,4,99,3,2,1,1,1,49,3,6,-9
1042,1380,1,2,33,1,5,6,4,1,1,2,17,2,5,19
4663,6504,1,2,52,2,6,7,2,1,1,2,45,1,6,7
2244,2965,1,1,65,4,2,5,1,2,1,2,59,1,7,21
1803,2389,1,2,79,1,4,5,1,1,1,2,6,1,4,9
1454,1935,1,1,30,4,1,3,4,2,1,1,24,12,3,16
3792,5206,3,1,66,1,6,6,1,1,1,2,12,2,3,10
865,1153,1,1,63,1,6,7,2,2,1,2,12,1,6,7
5350,7476,3,2,18,4,1,1,1,2,1,1,48,2,95,4
3724,5107,1,2,28,4,2,2,2,2,1,1,39,12,3,14
5586,7824,1,1,27,4,1,1,1,2,1,1,48,9,6,14
3106,4213,1,2,80,3,6,7,2,1,1,2,6,1,6,14
144,192,2,2,29,3,4,4,4,1,1,1,20,11,5,17
380,512,4,2,40,4,2,3,2,1,1,1,59,8,7,22
1436,1911,1,2,70,3,3,1,2,2,1,1,6,2,8,9
3859,5293,1,2,57,2,6,7,2,1,1,2,8,11,3,17
3237,4393,5,1,53,3,4,5,1,1,1,2,20,11,6,8
121,160,1,1,62,2,7,7,3,1,2,2,21,1,2,18
611,820,1,2,41,1,6,6,2,2,1,2,31,2,6,1
2273,3007,1,2,47,3,5,7,2,2,1,2,37,12,5,-9
1197,1595,1,2,66,4,4,4,2,1,1,1,26,2,2,2
418,563,6,2,36,2,1,1,1,2,1,1,6,9,7,20
2181,2867,2,2,37,2,99,4,3,2,1,2,12,12,3,1
4209,5825,1,1,59,3,7,7,1,1,1,2,5,1,6,17
1600,2123,1,2,72,1,6,7,2,1,1,2,47,1,95,10
3949,5442,3,2,33,3,3,3,2,2,1,1,8,12,3,12
5776,8107,1,2,35,1,6,5,2,2,1,1,42,1,5,16
915,1220,2,2,66,4,2,1,3,1,1,1,34,11,7,11
2742,3682,1,2,70,1,3,1,2,1,1,1,6,1,8,21
1344,1793,1,1,55,1,7,7,2,2,1,2,13,11,3,4
3080,4171,2,2,23,2,3,1,2,2,1,1,21,1,6,9
248,334,6,2,38,2,99,7,2,1,1,3,45,11,7,1
3837,5267,1,2,33,3,3,3,2,2,1,1,-9,2,6,10
4338,6008,1,2,56,4,6,7,2,1,1,2,48,1,6,21
447,599,1,2,45,2,2,4,2,2,1,1,21,10,7,2
4320,5981,1,2,23,3,2,3,3,2,1,1,37,12,6,7
4873,6802,1,2,51,2,6,7,1,1,1,2,19,1,7,-9
4303,5954,1,2,50,2,4,4,3,1,1,2,36,2,6,17
2902,3904,2,1,23,3,2,1,3,1,1,1,13,1,6,19
2187,2874,1,2,27,4,3,1,2,2,1,1,26,12,5,8
3434,4679,1,1,62,2,3,3,3,2,1,1,17,12,2,17
3383,4610,1,2,59,2,6,5,2,2,1,2,6,12,7,15
3260,4428,1,1,64,3,4,1,2,2,1,1,26,12,3,10
2347,3106,1,1,61,4,6,6,1,2,1,2,48,1,6,22
3252,4418,1,2,39,1,4,2,2,1,1,1,46,11,5,20
5176,7227,1,1,73,3,5,5,2,1,1,2,42,2,4,10
414,558,6,1,67,2,7,7,1,1,1,2,8,11,3,20
3352,4564,1,2,58,3,2,1,1,1,1,1,19,11,6,10
